PLAYER_ID,PLAYER_NAME,TEAM_ID,TEAM_ABBREVIATION,AGE,GP,W,L,W_PCT,MIN,FGM,FGA,FG_PCT,FG3M,FG3A,FG3_PCT,FTM,FTA,FT_PCT,OREB,DREB,REB,AST,TOV,STL,BLK,BLKA,PF,PFD,PTS,PLUS_MINUS,OFF_RATING,DEF_RATING,NET_RATING,AST_PCT,AST_RATIO,OREB_PCT,DREB_PCT,REB_PCT,TM_TOV_PCT,EFG_PCT,TS_PCT,USG_PCT,PACE,PIE,PTS_STD,REB_STD,AST_STD,STL_STD,BLK_STD,FG_PCT_STD,FG3_PCT_STD,MIN_STD,GAMES_LOGGED
1629029,Luka Dončić,1610612747,LAL,26.0,2,1,1,0.5,37.9,15.5,25.0,0.62,3.5,11.0,0.318,11.5,14.5,0.793,0.5,11.0,11.5,8.5,3.0,1.0,0.5,0.5,2.5,11.0,46.0,5.0,123.2,116.0,7.2,0.425,20.2,0.017,0.293,0.173,7.1,0.69,0.733,0.399,98.35,0.302,4.242640687119285,0.7071067811865476,0.7071067811865476,1.4142135623730951,0.7071067811865476,0.014849242404917511,0.1534421715174808,4.242640687119285,2
1630178,Tyrese Maxey,1610612755,PHI,24.0,4,4,0,1.0,43.0,11.5,25.3,0.455,4.5,9.5,0.474,10.0,11.5,0.87,0.3,3.5,3.8,8.3,2.0,1.0,0.8,1.3,3.0,6.8,37.5,5.8,125.9,120.6,5.3,0.314,20.2,0.005,0.077,0.041,4.9,0.545,0.619,0.304,100.83,0.161,6.557438524302,1.707825127659933,1.707825127659933,0.816496580927726,0.5,0.07942449244408178,0.20425861874920564,2.70801280154532,4
203507,Giannis Antetokounmpo,1610612749,MIL,30.0,4,3,1,0.75,32.7,14.3,20.5,0.695,1.0,1.8,0.571,6.8,10.5,0.643,4.0,10.0,14.0,7.0,3.3,0.8,1.3,0.3,2.5,8.8,36.3,10.3,124.4,111.9,12.5,0.384,19.9,0.124,0.288,0.209,9.2,0.72,0.722,0.356,102.92,0.283,3.774917217635375,4.898979485566356,1.632993161855452,0.9574271077563381,0.9574271077563381,0.07107273269920987,0.5000555802441697,4.5,4
1630559,Austin Reaves,1610612747,LAL,27.0,4,2,2,0.5,37.8,10.8,18.8,0.573,3.0,7.0,0.429,11.3,12.8,0.882,0.5,6.3,6.8,8.5,4.0,1.8,0.0,1.0,2.3,8.5,35.8,6.3,122.0,114.2,7.7,0.351,23.4,0.016,0.162,0.096,11.0,0.653,0.734,0.302,102.59,0.214,12.526638282742368,3.095695936834452,2.516611478423583,1.2583057392117916,0.0,0.025329495323305046,0.1637770333919462,1.5,4
1628983,Shai Gilgeous-Alexander,1610612760,OKC,27.0,5,5,0,1.0,38.5,12.6,24.4,0.516,1.4,6.0,0.233,8.2,9.6,0.854,0.2,6.0,6.2,5.4,2.4,1.4,1.4,1.2,2.0,7.6,34.8,6.8,117.5,106.5,10.9,0.265,14.8,0.005,0.147,0.078,6.6,0.545,0.608,0.35,97.97,0.211,12.091319200153471,2.16794833886788,1.51657508881031,0.5477225575051661,1.140175425099138,0.10416333327999827,0.09599635409743436,7.469939758793239,5
1628374,Lauri Markkanen,1610612762,UTA,28.0,3,2,1,0.667,38.3,11.3,22.7,0.5,4.7,11.0,0.424,7.3,7.7,0.957,2.7,5.3,8.0,3.0,1.0,0.0,0.0,1.3,1.0,7.0,34.7,16.3,127.8,109.3,18.5,0.125,9.9,0.067,0.128,0.098,3.3,0.603,0.666,0.278,99.83,0.183,15.56705923844749,5.291502622129181,2.0,0.0,0.0,0.08853812738024223,0.13214007719083562,6.244997998398398,3
1628973,Jalen Brunson,1610612752,NYK,29.0,4,2,2,0.5,34.7,10.8,22.3,0.483,2.5,8.0,0.313,7.8,8.8,0.886,0.5,3.5,4.0,5.0,2.0,1.3,0.0,1.0,2.5,6.3,31.8,2.0,113.8,110.3,3.4,0.286,15.2,0.013,0.104,0.055,6.1,0.539,0.608,0.325,103.28,0.17,6.3966136874651625,0.816496580927726,1.632993161855452,1.5,0.0,0.1297227813454522,0.16968672114615607,0.5,4
1628378,Donovan Mitchell,1610612739,CLE,29.0,4,3,1,0.75,33.4,11.0,19.5,0.564,2.8,7.8,0.355,6.5,8.3,0.788,0.0,2.0,2.0,4.0,4.0,1.5,0.3,0.5,1.3,5.8,31.3,12.0,119.1,104.8,14.3,0.208,13.1,0.0,0.058,0.031,13.1,0.635,0.676,0.318,106.14,0.176,5.188127472091127,0.816496580927726,1.4142135623730951,1.2909944487358056,0.5,0.13494782942554753,0.22468997159048582,3.095695936834452,4
1641705,Victor Wembanyama,1610612759,SAS,21.0,4,4,0,1.0,32.3,11.0,18.3,0.603,1.0,2.8,0.364,8.0,10.0,0.8,1.8,12.0,13.8,2.8,1.5,1.5,4.8,0.0,3.5,9.8,31.0,16.8,116.2,93.6,22.7,0.157,10.2,0.061,0.324,0.209,5.6,0.63,0.684,0.314,99.65,0.31,6.683312551921141,1.8929694486000912,1.5,1.0,3.5,0.1921065242688719,0.28867513459481287,2.6299556396765835,4
1631097,Bennedict Mathurin,1610612754,IND,23.0,2,0,2,0.0,36.4,8.5,15.5,0.548,2.5,5.0,0.5,11.5,13.0,0.885,1.5,5.5,7.0,2.5,2.5,0.0,0.0,1.0,3.0,10.0,31.0,-4.5,112.2,118.7,-6.5,0.122,9.6,0.035,0.153,0.089,9.6,0.629,0.73,0.267,102.47,0.179,7.0710678118654755,5.656854249492381,2.1213203435596424,0.0,0.0,0.13647160876900372,0.4419417382415922,12.020815280171307,2
1627750,Jamal Murray,1610612743,DEN,28.0,3,2,1,0.667,36.3,11.7,22.0,0.53,3.0,7.0,0.429,4.0,4.3,0.923,0.7,4.3,5.0,6.0,2.3,1.3,0.0,0.7,2.0,2.7,30.3,10.7,126.8,114.7,12.0,0.247,18.8,0.022,0.119,0.075,7.3,0.598,0.634,0.304,99.54,0.163,11.015141094572204,1.7320508075688772,3.605551275463989,1.5275252316519468,0.0,0.04619884558442275,0.15385166015787202,4.041451884327381,3
203897,Zach LaVine,1610612758,SAC,30.0,4,1,3,0.25,36.7,10.3,19.8,0.519,3.5,8.5,0.412,5.0,5.3,0.952,0.3,2.8,3.0,1.3,2.3,0.0,0.3,0.8,2.0,3.8,29.0,-6.8,107.4,114.7,-7.3,0.059,5.0,0.006,0.072,0.038,8.9,0.608,0.657,0.274,101.71,0.127,4.08248290463863,1.1547005383792515,1.2583057392117916,0.0,0.5,0.042598904524255875,0.19074830711350146,2.362907813126304,4
1626164,Devin Booker,1610612756,PHX,28.0,4,1,3,0.25,36.3,9.0,17.8,0.507,2.3,6.0,0.375,8.3,10.3,0.805,1.0,3.0,4.0,6.8,5.0,0.3,0.3,1.3,3.0,7.8,28.5,-9.8,110.5,121.3,-10.8,0.318,19.9,0.024,0.082,0.051,14.7,0.57,0.64,0.294,104.9,0.134,7.14142842854285,1.1547005383792515,2.8722813232690143,0.5,0.5,0.08338864830818801,0.07589027166464311,6.551081335677848,4
1629627,Zion Williamson,1610612740,NOP,25.0,2,0,2,0.0,35.2,9.0,19.5,0.462,0.0,0.0,0.0,9.0,14.0,0.643,5.0,4.5,9.5,6.0,3.5,4.0,0.0,5.0,2.0,9.5,27.0,3.0,111.7,108.5,3.2,0.273,16.9,0.128,0.123,0.126,9.9,0.462,0.526,0.326,104.58,0.172,0.0,0.7071067811865476,1.4142135623730951,1.4142135623730951,0.0,0.022627416997969503,0.0,2.8284271247461903,2
201939,Stephen Curry,1610612744,GSW,37.0,5,4,1,0.8,30.3,8.8,17.4,0.506,4.4,10.4,0.423,5.0,5.0,1.0,0.2,3.6,3.8,5.0,2.2,1.8,0.8,0.2,1.6,3.8,27.0,7.2,123.6,113.0,10.5,0.255,18.9,0.007,0.124,0.066,8.3,0.632,0.689,0.292,104.67,0.173,11.067971810589327,2.280350850198276,2.345207879911715,1.3038404810405297,0.8366600265340756,0.057863632792972845,0.11043006836908144,4.393176527297759,5
201142,Kevin Durant,1610612745,HOU,37.0,3,1,2,0.333,36.2,8.0,16.0,0.5,1.0,3.7,0.273,9.3,10.3,0.903,0.3,5.7,6.0,2.3,2.3,1.3,0.3,0.3,4.3,7.3,26.3,3.0,117.2,114.1,3.1,0.125,9.5,0.009,0.14,0.077,9.5,0.531,0.641,0.252,94.54,0.164,9.451631252505216,3.0,1.1547005383792515,1.5275252316519468,0.5773502691896258,0.0670397891802572,0.5773502691896258,11.015141094572202,3
1630163,LaMelo Ball,1610612766,CHA,24.0,4,2,2,0.5,32.6,8.5,19.0,0.447,4.3,10.8,0.395,5.0,6.3,0.8,1.8,6.5,8.3,9.5,4.0,1.8,0.3,0.5,3.8,4.5,26.3,8.8,124.9,113.4,11.6,0.409,27.0,0.051,0.176,0.115,11.3,0.559,0.603,0.307,107.75,0.162,8.5,4.645786621588784,2.3804761428476167,1.5,0.5,0.07871890920653479,0.07308670649760232,3.2015621187164243,4
1627783,Pascal Siakam,1610612754,IND,31.0,3,0,3,0.0,35.5,9.3,20.3,0.459,2.7,6.3,0.421,4.7,8.7,0.538,1.7,8.7,10.3,6.0,1.7,1.3,0.3,0.3,2.7,6.3,26.0,-4.3,111.3,118.0,-6.7,0.286,18.9,0.04,0.257,0.138,5.3,0.525,0.538,0.294,103.32,0.172,11.269427669584644,4.509249752822894,2.0,1.5275252316519465,0.5773502691896258,0.03197394772831991,0.12355295760657993,9.073771725877467,3
1627759,Jaylen Brown,1610612738,BOS,29.0,4,1,3,0.25,32.9,8.8,17.5,0.5,2.8,5.8,0.478,5.8,7.8,0.742,0.5,5.3,5.8,3.8,4.0,0.3,0.3,0.3,4.3,7.3,26.0,-2.8,115.5,120.1,-4.6,0.195,13.2,0.015,0.141,0.081,14.0,0.579,0.622,0.321,96.55,0.139,10.893423092245461,1.2583057392117916,0.5,0.5,0.5,0.03272104317815477,0.09623755330777414,5.686240703077327,4
1630578,Alperen Sengun,1610612745,HOU,23.0,3,1,2,0.333,39.0,8.0,17.7,0.453,2.3,4.0,0.583,7.3,8.7,0.846,2.7,5.3,8.0,6.7,3.3,2.0,0.3,2.0,3.3,7.0,25.7,12.3,125.0,109.8,15.2,0.26,21.1,0.075,0.132,0.106,10.5,0.519,0.597,0.267,96.6,0.156,11.71893055416463,2.6457513110645907,0.5773502691896258,1.0,0.5773502691896258,0.18071340108949674,0.5051814855409226,9.539392014169456,3
1630162,Anthony Edwards,1610612750,MIN,24.0,3,2,1,0.667,25.7,9.0,17.3,0.519,3.0,6.3,0.474,4.7,5.7,0.824,0.3,3.7,4.0,2.0,2.0,0.0,0.7,0.0,1.3,3.0,25.7,0.0,125.9,127.5,-1.6,0.128,8.6,0.013,0.162,0.084,8.6,0.606,0.647,0.342,100.28,0.158,18.58314648635514,3.0,2.6457513110645907,0.0,0.5773502691896258,0.0897050723203543,0.09641749495466749,19.73153144926499,3
203932,Aaron Gordon,1610612743,DEN,30.0,3,2,1,0.667,32.2,8.3,14.0,0.595,3.7,6.3,0.579,5.0,5.0,1.0,0.3,4.0,4.3,2.0,1.3,1.0,0.3,0.3,1.3,4.3,25.3,8.0,117.1,105.9,11.2,0.097,10.3,0.01,0.118,0.065,6.9,0.726,0.782,0.222,101.55,0.177,21.73323108360405,3.214550253664318,1.0,1.7320508075688772,0.5773502691896258,0.2614542662366276,0.4838618948970184,7.023769168568493,3
203076,Anthony Davis,1610612742,DAL,32.0,4,1,3,0.25,35.7,9.3,17.8,0.521,0.8,2.8,0.273,5.8,7.8,0.742,4.0,7.8,11.8,2.8,2.3,1.8,1.5,0.8,3.3,7.3,25.0,-6.0,104.0,109.7,-5.7,0.147,10.6,0.102,0.207,0.153,8.7,0.542,0.591,0.275,102.9,0.167,2.160246899469287,1.5,1.2583057392117916,1.2583057392117916,0.5773502691896257,0.20076416512913856,0.28867513459481287,2.8722813232690143,4
203944,Julius Randle,1610612750,MIN,30.0,4,2,2,0.5,35.1,8.8,15.5,0.565,2.3,5.3,0.429,5.3,6.8,0.778,1.3,5.5,6.8,5.3,2.0,1.3,0.5,0.5,2.3,5.0,25.0,-3.8,121.5,127.1,-5.6,0.236,20.6,0.038,0.157,0.1,7.8,0.637,0.677,0.246,100.13,0.159,4.96655480858378,2.0615528128088303,1.5,0.9574271077563381,0.5773502691896257,0.035668613654023594,0.17795130420052185,3.8622100754188224,4
1630560,Cam Thomas,1610612751,BKN,24.0,4,0,4,0.0,29.0,7.0,16.8,0.418,2.3,6.8,0.333,8.3,9.5,0.868,0.0,1.5,1.5,3.3,2.5,0.3,0.3,0.3,1.5,7.8,24.5,-13.8,107.0,131.7,-24.7,0.2,12.3,0.0,0.058,0.026,9.4,0.485,0.585,0.336,100.02,0.124,15.0,0.5773502691896257,3.947573094109004,0.5,0.5,0.12249727888134224,0.2193877845277626,4.9916597106239795,4
1626181,Norman Powell,1610612748,MIA,32.0,3,2,1,0.667,30.9,7.0,14.7,0.477,3.0,6.0,0.5,7.0,7.7,0.913,1.0,6.3,7.3,3.0,2.0,2.0,0.3,0.7,3.0,3.7,24.0,4.0,109.9,103.7,6.1,0.153,13.2,0.029,0.179,0.106,8.8,0.58,0.665,0.246,110.51,0.176,7.810249675906654,1.5275252316519465,1.0,1.0,0.5773502691896258,0.017387735140993295,0.0,5.5677643628300215,3
1630166,Deni Avdija,1610612757,POR,24.0,4,2,2,0.5,31.9,8.0,16.8,0.478,3.0,6.8,0.444,4.5,5.3,0.857,1.0,4.8,5.8,4.0,3.3,0.5,1.0,1.3,2.5,3.8,23.5,1.5,116.8,112.6,4.2,0.193,15.2,0.029,0.161,0.089,12.4,0.567,0.616,0.276,106.19,0.13,2.6457513110645907,1.5,2.160246899469287,0.5773502691896257,1.4142135623730951,0.09979103166116683,0.30501079215879123,1.8929694486000912,4
204001,Kristaps Porziņģis,1610612737,ATL,30.0,2,0,2,0.0,25.5,8.0,14.5,0.552,3.5,6.5,0.538,4.0,4.0,1.0,1.0,3.5,4.5,2.0,1.5,0.0,1.0,1.0,2.5,3.0,23.5,-9.5,113.4,127.3,-13.8,0.118,10.0,0.034,0.159,0.088,7.5,0.672,0.723,0.271,112.76,0.144,4.949747468305833,3.5355339059327378,0.0,0.0,1.4142135623730951,0.16263455967290597,0.05020458146424484,0.0,2
1631096,Chet Holmgren,1610612760,OKC,23.0,4,4,0,1.0,34.2,7.3,12.8,0.569,2.5,6.0,0.417,6.0,7.0,0.857,2.3,8.0,10.3,1.8,3.0,1.3,1.3,0.5,4.0,5.3,23.0,7.8,118.2,105.6,12.6,0.076,8.4,0.067,0.221,0.147,14.5,0.667,0.726,0.237,98.94,0.174,7.702813338860896,2.217355782608345,0.5,1.5,1.8929694486000912,0.15506423400212785,0.30652623596249207,5.597618541248888,4
1631094,Paolo Banchero,1610612753,ORL,22.0,4,1,3,0.25,36.3,7.0,17.8,0.394,0.8,4.0,0.188,8.0,9.8,0.821,0.5,8.0,8.5,2.0,2.5,0.5,1.5,1.3,2.3,6.3,22.8,-7.3,103.8,112.7,-8.9,0.1,7.5,0.013,0.213,0.111,9.4,0.415,0.516,0.272,103.74,0.128,8.69386757049665,2.3804761428476167,2.0,0.5773502691896257,1.2909944487358056,0.12436773429363958,0.14424140644535235,1.2583057392117916,4
203924,Jerami Grant,1610612757,POR,31.0,4,2,2,0.5,28.1,6.8,11.8,0.574,2.8,5.8,0.478,6.3,7.5,0.833,0.8,1.8,2.5,1.5,1.5,1.3,0.8,0.3,2.8,4.3,22.5,0.3,115.4,113.2,2.2,0.09,8.5,0.025,0.069,0.045,8.5,0.691,0.748,0.226,105.74,0.147,4.932882862316247,0.5773502691896257,1.2909944487358056,1.2583057392117916,0.5,0.1308485129198392,0.0765549911283821,0.5,4
1630532,Franz Wagner,1610612753,ORL,24.0,4,1,3,0.25,35.3,8.5,15.3,0.557,1.3,3.8,0.333,4.3,5.8,0.739,1.0,4.3,5.3,3.3,2.3,1.3,0.3,0.5,3.8,5.0,22.5,-6.3,106.5,114.6,-8.1,0.144,13.8,0.027,0.112,0.07,9.6,0.598,0.633,0.219,109.64,0.119,4.203173404306164,1.5,2.217355782608345,0.9574271077563381,0.5,0.08526967026244833,0.18874586088176873,0.9574271077563381,4
1629630,Ja Morant,1610612763,MEM,26.0,4,2,2,0.5,27.2,7.5,18.3,0.411,0.5,4.5,0.111,6.8,7.0,0.964,0.3,2.5,2.8,6.5,2.0,0.8,0.0,1.3,1.8,5.3,22.3,-7.8,105.2,119.9,-14.7,0.433,21.7,0.008,0.088,0.047,6.7,0.425,0.522,0.326,109.62,0.148,9.63932916061417,0.5,2.6457513110645907,0.5,0.0,0.17276839024157942,0.1665,3.8622100754188224,4
1642845,VJ Edgecombe,1610612755,PHI,20.0,4,4,0,1.0,40.2,8.3,17.5,0.471,3.0,7.0,0.429,2.8,3.5,0.786,1.3,4.5,5.8,5.5,2.0,1.5,0.5,0.3,3.5,3.3,22.3,7.8,127.1,119.0,8.1,0.198,20.8,0.029,0.1,0.065,7.5,0.557,0.584,0.209,100.94,0.109,9.535023160258536,1.2583057392117916,2.3804761428476167,1.0,0.5773502691896257,0.11198623427308672,0.08412886940085827,1.2583057392117916,4
1629628,RJ Barrett,1610612761,TOR,25.0,4,1,3,0.25,30.7,8.5,13.8,0.618,1.5,4.3,0.353,3.0,3.8,0.8,0.5,4.5,5.0,3.0,2.3,1.3,0.5,0.8,3.0,3.3,21.5,-2.3,110.5,112.5,-2.0,0.148,14.8,0.017,0.164,0.087,11.1,0.673,0.698,0.225,108.71,0.136,4.358898943540674,2.581988897471611,1.4142135623730951,0.9574271077563381,1.0,0.13426714663932746,0.09398226783104709,2.217355782608345,4
202710,Jimmy Butler III,1610612744,GSW,36.0,5,4,1,0.8,32.7,6.2,11.4,0.544,1.6,2.8,0.571,7.4,8.4,0.881,1.6,3.0,4.6,4.8,1.6,1.0,0.0,0.6,1.2,5.0,21.4,9.2,119.2,105.0,14.2,0.229,22.2,0.053,0.092,0.073,7.4,0.614,0.709,0.225,99.96,0.156,6.107372593840988,0.8944271909999159,0.8366600265340756,1.224744871391589,0.0,0.17831348799235575,0.37080992435478316,4.494441010848846,5
201935,James Harden,1610612746,LAC,36.0,4,2,2,0.5,31.8,6.3,12.8,0.49,2.5,7.0,0.357,6.3,6.8,0.926,0.0,4.8,4.8,8.0,4.0,1.3,0.3,0.8,1.8,5.8,21.3,2.5,119.2,116.7,2.5,0.36,29.4,0.0,0.139,0.078,14.7,0.588,0.676,0.265,97.64,0.162,6.2915286960589585,2.217355782608345,5.291502622129181,1.5,0.5,0.12208467007231773,0.24176779493279632,4.5,4
202695,Kawhi Leonard,1610612746,LAC,34.0,4,2,2,0.5,32.0,8.0,17.0,0.471,1.8,4.8,0.368,3.5,3.8,0.933,0.8,5.5,6.3,3.0,1.8,1.3,0.5,0.0,1.0,3.3,21.3,-11.3,105.0,123.6,-18.7,0.16,12.9,0.025,0.171,0.1,7.5,0.522,0.57,0.273,97.44,0.138,9.069178573608527,2.6299556396765835,1.8257418583505538,0.5,0.5773502691896257,0.0932250860373251,0.2181106370629365,2.581988897471611,4
1628389,Bam Adebayo,1610612748,MIA,28.0,4,3,1,0.75,32.8,6.8,15.8,0.429,2.3,5.8,0.391,5.3,5.8,0.913,1.5,7.5,9.0,2.8,3.0,0.5,0.0,0.8,2.0,4.5,21.0,15.5,118.9,100.3,18.6,0.113,11.5,0.043,0.192,0.122,12.5,0.5,0.574,0.25,109.08,0.124,4.96655480858378,4.08248290463863,0.9574271077563381,0.5773502691896257,0.0,0.14390592992183007,0.206155281280883,4.43471156521669,4
1629027,Trae Young,1610612737,ATL,27.0,4,1,3,0.25,33.0,6.0,16.5,0.364,1.3,6.5,0.192,7.5,9.0,0.833,0.0,2.3,2.3,9.5,2.3,1.0,0.0,0.3,2.0,8.3,20.8,-5.8,114.1,123.1,-9.0,0.392,29.5,0.0,0.068,0.032,7.0,0.402,0.507,0.273,107.76,0.11,4.193248541803041,1.5,5.446711546122731,1.4142135623730951,0.0,0.04259401366389413,0.2666112963348203,2.0,4
1627742,Brandon Ingram,1610612761,TOR,28.0,4,1,3,0.25,32.1,8.0,15.8,0.508,1.3,3.8,0.333,3.0,3.5,0.857,0.8,5.3,6.0,3.5,3.0,1.0,0.3,1.0,2.8,2.8,20.3,-7.8,110.1,121.3,-11.2,0.161,14.7,0.023,0.179,0.098,12.6,0.548,0.586,0.256,107.24,0.114,6.751543033509698,2.449489742783178,1.0,1.1547005383792515,0.5,0.08448471262108115,0.3309712978492244,4.08248290463863,4
1642273,Kyshawn George,1610612764,WAS,21.0,4,1,3,0.25,33.1,7.3,13.5,0.537,3.5,6.5,0.538,2.3,3.8,0.6,1.0,8.3,9.3,5.0,2.8,1.3,1.5,0.8,5.0,3.5,20.3,-7.3,109.4,117.9,-8.5,0.211,22.0,0.026,0.229,0.125,12.1,0.667,0.668,0.211,108.93,0.124,11.4418821295566,1.2583057392117916,1.4142135623730951,0.9574271077563381,1.2909944487358056,0.1399523728511477,0.3299619927607825,6.27162924074226,4
1630595,Cade Cunningham,1610612765,DET,24.0,4,2,2,0.5,35.0,6.5,18.0,0.361,1.8,6.5,0.269,5.5,7.0,0.786,1.3,4.3,5.5,7.8,5.5,0.3,0.8,0.8,4.0,5.5,20.3,-3.8,106.7,112.2,-5.4,0.356,22.5,0.028,0.107,0.066,15.9,0.41,0.48,0.29,101.6,0.09,5.737304826019502,1.9148542155126762,2.6299556396765835,0.5,0.5,0.10825086604734394,0.13497746725534107,4.546060565661952,4
1629673,Jordan Poole,1610612740,NOP,26.0,3,0,3,0.0,35.6,6.3,16.0,0.396,3.0,8.0,0.375,4.3,4.3,1.0,0.7,1.3,2.0,3.7,1.3,0.3,0.3,1.3,3.3,7.0,20.0,-10.0,103.9,117.5,-13.6,0.169,16.4,0.015,0.04,0.026,6.0,0.49,0.558,0.205,102.58,0.091,2.6457513110645907,2.0,1.5275252316519465,0.5773502691896258,0.5773502691896258,0.036226141573915016,0.048124837662063845,5.131601439446884,3
1641718,Keyonte George,1610612762,UTA,21.0,3,2,1,0.667,35.5,6.3,15.0,0.422,1.3,7.3,0.182,6.0,6.3,0.947,0.0,3.0,3.0,9.7,3.7,1.0,0.3,0.7,2.7,5.0,20.0,8.7,123.7,114.8,8.9,0.403,30.9,0.0,0.08,0.041,11.7,0.467,0.562,0.248,95.68,0.126,5.291502622129181,1.7320508075688772,0.5773502691896257,1.0,0.5773502691896258,0.08499607834090542,0.0405010287935175,6.658328118479393,3
1630567,Scottie Barnes,1610612761,TOR,24.0,4,1,3,0.25,32.8,7.8,15.0,0.517,1.8,3.3,0.538,2.8,3.5,0.786,1.3,5.0,6.3,5.0,2.8,1.3,0.8,0.8,3.8,2.5,20.0,-2.8,113.1,118.0,-4.9,0.211,20.6,0.038,0.156,0.096,11.3,0.575,0.605,0.231,108.23,0.115,10.424330514074594,3.4034296427770228,3.1622776601683795,1.2583057392117916,0.9574271077563381,0.11136277055940494,0.27080128015453203,2.581988897471611,4
202696,Nikola Vučević,1610612741,CHI,35.0,3,3,0,1.0,32.5,7.7,12.0,0.639,2.0,3.7,0.545,2.7,2.7,1.0,3.0,10.0,13.0,4.3,2.7,1.0,0.3,0.3,2.7,2.3,20.0,5.0,110.7,102.3,8.4,0.217,21.3,0.096,0.259,0.186,13.1,0.722,0.759,0.199,106.46,0.201,7.0,4.58257569495584,4.041451884327381,1.0,0.5773502691896258,0.053724606404638574,0.3757831821675898,1.5275252316519465,3
203999,Nikola Jokić,1610612743,DEN,30.0,3,2,1,0.667,36.3,7.3,13.7,0.537,0.7,5.3,0.125,4.7,5.0,0.933,2.7,12.7,15.3,11.7,3.3,2.0,0.7,0.3,3.3,6.0,20.0,11.3,123.7,109.5,14.2,0.455,37.6,0.08,0.345,0.219,10.8,0.561,0.63,0.221,101.95,0.214,5.5677643628300215,3.214550253664318,2.8867513459481287,1.0,0.5773502691896258,0.2760006038640737,0.08891194145520236,4.509249752822894,3
1630552,Jalen Johnson,1610612737,ATL,23.0,3,1,2,0.333,30.8,7.7,13.7,0.561,0.0,1.7,0.0,4.3,5.0,0.867,1.3,5.7,7.0,4.0,2.3,1.7,0.3,1.0,2.7,4.0,19.7,-13.7,104.2,121.8,-17.5,0.207,18.2,0.04,0.198,0.112,10.6,0.561,0.62,0.233,111.29,0.144,6.8068592855540455,1.0,3.605551275463989,1.1547005383792517,0.5773502691896258,0.0564121736270934,0.0,4.58257569495584,3
1642259,Alex Sarr,1610612764,WAS,20.0,4,1,3,0.25,27.6,8.0,14.5,0.552,1.0,2.8,0.364,2.5,3.0,0.833,2.0,6.8,8.8,4.5,3.0,0.8,2.0,1.5,2.0,3.5,19.5,-1.3,116.2,119.2,-3.1,0.25,19.1,0.067,0.235,0.149,12.8,0.586,0.616,0.275,104.28,0.16,9.39858145324779,3.304037933599835,1.0,0.9574271077563381,1.4142135623730951,0.04972842915945229,0.22343455417638516,4.193248541803041,4
1628415,Dillon Brooks,1610612756,PHX,29.0,3,1,2,0.333,30.5,7.3,19.7,0.373,3.0,10.3,0.29,1.7,1.7,1.0,1.3,2.0,3.3,2.3,2.3,2.7,0.7,0.7,4.3,2.3,19.3,-9.7,107.7,120.1,-12.4,0.127,9.3,0.037,0.07,0.052,9.3,0.449,0.474,0.292,103.37,0.069,3.7859388972001824,0.5773502691896258,0.5773502691896258,1.1547005383792515,0.5773502691896258,0.03952636251077667,0.1933140795010372,3.5118845842842465,3
1630581,Josh Giddey,1610612741,CHI,23.0,3,3,0,1.0,31.3,6.3,14.7,0.432,1.7,4.0,0.417,5.0,7.0,0.714,1.0,7.7,8.7,6.3,3.7,0.7,0.7,0.7,2.3,4.3,19.3,-0.3,103.4,101.9,1.5,0.345,22.6,0.032,0.198,0.123,13.1,0.489,0.545,0.278,107.44,0.154,1.5275252316519468,4.041451884327381,4.163331998932266,0.5773502691896258,0.5773502691896258,0.057726366015308235,0.05773502691896257,2.081665999466133,3
1629008,Michael Porter Jr.,1610612751,BKN,27.0,4,0,4,0.0,31.7,7.8,16.3,0.477,3.0,7.5,0.4,0.5,1.3,0.4,0.5,5.0,5.5,3.5,1.3,0.8,0.0,0.8,2.5,1.5,19.0,-9.8,117.1,134.6,-17.5,0.159,16.3,0.015,0.18,0.09,5.8,0.569,0.565,0.235,100.54,0.106,8.366600265340756,1.9148542155126762,1.2909944487358056,0.9574271077563381,0.0,0.15619218930535547,0.11164639119410294,6.238322424070967,4
201942,DeMar DeRozan,1610612758,SAC,36.0,4,1,3,0.25,36.8,7.8,15.5,0.5,0.8,2.5,0.3,2.8,4.3,0.647,0.5,3.5,4.0,5.3,0.8,1.8,0.3,0.0,1.3,5.5,19.0,-2.5,107.5,110.0,-2.5,0.208,23.1,0.012,0.096,0.051,3.3,0.524,0.547,0.197,104.05,0.124,9.092121131323903,2.449489742783178,2.8722813232690143,0.5,0.5,0.16117278513032732,0.249944493838132,2.8722813232690143,4
1630217,Desmond Bane,1610612753,ORL,27.0,4,1,3,0.25,32.8,7.3,15.3,0.475,1.5,5.5,0.273,3.0,3.3,0.923,1.5,3.3,4.8,3.0,2.8,0.3,0.5,0.8,4.0,2.3,19.0,-9.3,101.4,113.5,-12.1,0.176,13.5,0.042,0.094,0.068,12.4,0.525,0.57,0.232,105.28,0.097,5.228129047119374,1.707825127659933,1.632993161855452,0.5,1.0,0.12339739327338589,0.21329537422707195,1.2583057392117916,4
1628970,Miles Bridges,1610612766,CHA,27.0,4,2,2,0.5,32.2,6.0,15.3,0.393,2.3,7.3,0.31,4.5,5.3,0.857,1.0,6.0,7.0,3.8,1.0,0.8,0.3,0.5,1.3,3.3,18.8,-0.8,111.7,111.2,0.5,0.167,16.7,0.029,0.164,0.099,4.4,0.467,0.534,0.23,109.23,0.123,2.217355782608345,3.559026084010437,2.5,0.5,0.5,0.09410632284814875,0.1471654397834854,1.8929694486000912,4
1631170,Jaime Jaquez Jr.,1610612748,MIA,24.0,4,3,1,0.75,27.9,7.8,11.3,0.689,0.5,2.0,0.25,2.8,3.3,0.846,1.3,5.0,6.3,4.3,2.3,1.3,0.0,0.3,2.3,2.3,18.8,25.8,128.3,89.2,39.1,0.193,22.1,0.047,0.137,0.099,11.7,0.711,0.739,0.208,108.27,0.178,6.4485140407177015,2.6299556396765835,2.217355782608345,0.9574271077563381,0.0,0.09964436762808018,0.25,1.4142135623730951,4
1629012,Collin Sexton,1610612766,CHA,26.0,4,2,2,0.5,26.8,6.3,10.8,0.581,1.5,2.5,0.6,4.5,5.5,0.818,0.3,2.3,2.5,4.8,2.3,1.0,0.0,0.8,2.5,5.5,18.5,-1.0,115.7,115.4,0.3,0.25,23.8,0.01,0.082,0.047,11.3,0.651,0.702,0.221,109.28,0.129,2.6457513110645907,1.7320508075688772,2.0615528128088303,0.816496580927726,0.0,0.11224229743431541,0.4112987559751022,6.946221994724902,4
1630596,Evan Mobley,1610612739,CLE,24.0,4,3,1,0.75,33.6,5.8,13.3,0.434,1.8,5.5,0.318,5.0,6.8,0.741,1.5,7.3,8.8,4.8,2.5,1.8,2.0,0.5,3.0,4.0,18.3,8.8,117.1,103.0,14.1,0.207,20.0,0.046,0.203,0.128,10.5,0.5,0.563,0.231,105.6,0.142,4.9916597106239795,1.5,1.2583057392117916,1.5,0.816496580927726,0.04872029009218507,0.1436140661634507,2.516611478423583,4
1642264,Stephon Castle,1610612759,SAS,20.0,4,4,0,1.0,30.7,6.0,11.5,0.522,1.3,4.3,0.294,5.0,8.8,0.571,1.5,4.5,6.0,4.8,6.3,1.3,0.3,0.5,2.5,5.8,18.3,7.0,112.1,101.2,10.9,0.253,17.9,0.059,0.137,0.103,23.6,0.576,0.594,0.309,100.14,0.101,4.5,0.816496580927726,1.5,0.9574271077563381,0.5,0.10490312991835216,0.16790175698902024,1.707825127659933,4
1642349,Ajay Mitchell,1610612760,OKC,23.0,5,5,0,1.0,26.6,7.0,14.8,0.473,1.6,4.6,0.348,2.6,2.6,1.0,1.2,2.6,3.8,3.0,1.4,1.2,0.2,0.6,3.0,3.4,18.2,3.6,105.8,97.5,8.3,0.211,15.0,0.043,0.081,0.063,7.0,0.527,0.571,0.274,100.61,0.148,4.604345773288536,3.1144823004794877,2.5495097567963922,0.8366600265340756,0.447213595499958,0.029266021253323796,0.3039271294241434,8.324662155306966,5
1628969,Mikal Bridges,1610612752,NYK,29.0,4,2,2,0.5,36.4,6.5,12.0,0.542,2.3,4.8,0.474,2.8,3.0,0.917,1.8,5.0,6.8,4.5,0.8,1.5,0.8,0.3,3.0,2.3,18.0,-0.3,109.6,109.9,-0.3,0.209,25.0,0.043,0.136,0.087,4.2,0.635,0.676,0.148,103.05,0.142,5.163977794943222,2.8722813232690143,1.9148542155126762,1.2909944487358056,0.9574271077563381,0.06411123146532127,0.1127962765342899,2.5,4
1626162,Kelly Oubre Jr.,1610612755,PHI,29.0,4,4,0,1.0,38.6,5.8,11.3,0.511,2.3,5.0,0.45,4.0,4.3,0.941,1.8,4.8,6.5,1.8,0.8,1.0,1.0,0.8,1.8,5.0,17.8,5.5,122.0,114.9,7.1,0.066,11.3,0.041,0.107,0.075,4.8,0.611,0.676,0.143,101.71,0.117,6.18465843842649,4.795831523312719,1.5,0.816496580927726,0.816496580927726,0.16831790358326904,0.1756366988986072,4.272001872658765,4
201950,Jrue Holiday,1610612757,POR,35.0,4,2,2,0.5,31.4,6.8,14.0,0.482,2.5,6.5,0.385,1.8,2.3,0.778,0.8,4.8,5.5,7.8,3.0,1.3,0.5,0.3,2.3,2.0,17.8,7.8,118.4,104.2,14.2,0.352,30.1,0.022,0.156,0.085,11.7,0.571,0.592,0.225,107.23,0.142,5.678908345800274,0.5773502691896257,2.217355782608345,1.2583057392117916,1.0,0.1425304061127543,0.18786941386683106,2.753785273643051,4
1629656,Quentin Grimes,1610612755,PHI,25.0,4,4,0,1.0,31.6,5.0,11.8,0.426,3.3,6.8,0.481,4.5,5.3,0.857,0.5,4.5,5.0,3.8,2.8,0.8,0.5,0.8,3.8,4.3,17.8,9.0,124.7,111.7,13.1,0.167,18.3,0.015,0.132,0.073,13.4,0.564,0.631,0.211,101.19,0.105,6.849574196011505,1.632993161855452,0.9574271077563381,1.5,1.0,0.058971744646624344,0.20552270758564206,5.439056290693573,4
1628960,Grayson Allen,1610612756,PHX,30.0,4,1,3,0.25,34.8,5.8,13.8,0.418,3.8,9.8,0.385,2.3,2.8,0.818,0.8,2.3,3.0,5.5,1.8,1.0,0.3,0.8,3.3,3.0,17.5,-7.0,115.6,126.5,-10.8,0.227,25.0,0.02,0.067,0.043,8.0,0.555,0.585,0.189,100.78,0.088,4.509249752822894,1.8257418583505538,1.0,0.0,0.5,0.08748857068211824,0.0886359595950387,5.477225575051661,4
1628991,Jaren Jackson Jr.,1610612763,MEM,26.0,4,2,2,0.5,25.6,6.0,12.0,0.5,1.0,3.5,0.286,4.5,5.0,0.9,0.5,4.5,5.0,0.8,2.3,0.5,1.8,0.3,4.3,4.3,17.5,-3.3,109.2,116.4,-7.2,0.048,4.3,0.019,0.165,0.093,13.0,0.542,0.616,0.262,106.81,0.1,1.2909944487358056,2.943920288775949,0.5,0.5773502691896257,2.8722813232690143,0.04135516896350444,0.2754711116130571,3.415650255319866,4
1630241,Sam Merrill,1610612739,CLE,29.0,4,3,1,0.75,25.8,5.3,10.0,0.525,4.5,8.8,0.514,2.3,2.3,1.0,0.8,1.3,2.0,2.0,1.3,0.8,0.3,0.0,3.5,3.5,17.3,10.8,121.3,102.2,19.1,0.108,14.0,0.03,0.045,0.038,8.8,0.75,0.785,0.191,107.4,0.116,4.645786621588784,1.1547005383792515,2.0,0.9574271077563381,0.5,0.050833060108555324,0.06494099886307056,5.259911279353167,4
1626157,Karl-Anthony Towns,1610612752,NYK,29.0,4,2,2,0.5,33.8,4.8,13.5,0.352,1.8,5.3,0.333,5.8,6.8,0.852,3.3,10.3,13.5,2.0,3.5,0.8,1.0,1.0,4.0,5.5,17.0,2.5,112.2,108.7,3.5,0.089,9.2,0.086,0.313,0.191,16.1,0.417,0.516,0.237,101.81,0.109,7.52772652709081,3.1091263510296048,0.816496580927726,0.5,0.816496580927726,0.1222129289396175,0.2765361640002985,2.217355782608345,4
1629023,P.J. Washington,1610612742,DAL,27.0,4,1,3,0.25,34.6,6.5,12.3,0.531,1.8,4.0,0.438,2.0,3.5,0.571,1.3,6.3,7.5,2.5,3.3,1.0,0.8,0.5,2.3,3.0,16.8,-10.0,99.0,111.7,-12.7,0.123,13.2,0.033,0.179,0.103,17.1,0.602,0.607,0.199,103.59,0.108,1.2583057392117916,1.9148542155126762,1.9148542155126762,0.816496580927726,0.5,0.08935696204922518,0.14807430567117308,4.795831523312719,4
1630170,Devin Vassell,1610612759,SAS,25.0,4,4,0,1.0,34.1,6.3,13.8,0.455,3.3,7.5,0.433,1.0,1.5,0.667,0.5,3.0,3.5,2.8,2.3,1.5,0.0,0.0,2.3,1.0,16.8,19.8,125.0,98.9,26.1,0.107,14.5,0.017,0.078,0.052,11.8,0.573,0.581,0.198,99.2,0.089,4.349329450233296,1.0,2.0615528128088303,0.5773502691896257,0.0,0.04342426357080414,0.1803318699879013,4.546060565661952,4
1631101,Shaedon Sharpe,1610612757,POR,22.0,4,2,2,0.5,28.7,5.8,18.8,0.307,1.3,7.5,0.167,4.0,4.0,1.0,1.5,3.0,4.5,2.0,4.3,2.0,0.0,1.5,2.0,3.0,16.8,4.0,111.4,104.5,6.9,0.103,7.5,0.044,0.118,0.076,15.9,0.34,0.408,0.314,110.27,0.044,1.707825127659933,2.0816659994661326,1.4142135623730951,1.4142135623730951,0.0,0.053705989734231074,0.1387668908637792,2.8722813232690143,4
1631117,Walker Kessler,1610612762,UTA,24.0,3,2,1,0.667,31.2,5.7,6.7,0.85,1.0,1.3,0.75,4.3,5.7,0.765,4.0,5.7,9.7,3.3,3.3,1.7,2.7,0.3,4.7,3.3,16.7,7.0,129.6,118.9,10.7,0.152,20.8,0.148,0.172,0.161,20.8,0.925,0.91,0.173,95.04,0.15,11.930353445448855,1.1547005383792517,1.1547005383792515,1.5275252316519465,2.3094010767585034,0.14433756729740646,0.5,3.2145502536643185,3
1630245,Ayo Dosunmu,1610612741,CHI,25.0,3,3,0,1.0,26.7,6.3,11.3,0.559,3.0,5.0,0.6,1.0,1.3,0.75,0.7,2.3,3.0,2.0,0.7,0.0,0.0,0.7,1.3,0.7,16.7,4.3,114.8,107.4,7.4,0.115,13.6,0.026,0.078,0.054,4.5,0.691,0.699,0.189,105.45,0.123,3.7859388972001824,2.0,0.0,0.0,0.0,0.1370413562882874,0.1828833872535538,0.0,3
1628401,Derrick White,1610612738,BOS,31.0,4,1,3,0.25,34.1,5.8,17.5,0.329,2.8,11.0,0.25,2.3,2.5,0.9,0.5,3.0,3.5,4.5,0.8,1.5,1.3,1.5,2.3,3.8,16.5,7.3,118.0,107.2,10.8,0.188,18.9,0.013,0.077,0.046,3.2,0.407,0.444,0.237,97.91,0.095,5.972157622389639,0.5773502691896257,1.7320508075688772,1.7320508075688772,1.2583057392117916,0.03578174581170309,0.08838693342344218,2.581988897471611,4
1629060,Rui Hachimura,1610612747,LAL,27.0,4,2,2,0.5,36.0,6.5,10.3,0.634,1.8,4.0,0.438,1.8,2.5,0.7,0.5,3.3,3.8,1.5,1.5,0.5,0.3,0.3,2.0,1.5,16.5,0.5,113.9,114.0,-0.1,0.061,10.5,0.016,0.083,0.054,10.5,0.72,0.727,0.146,105.06,0.09,5.802298395176403,1.707825127659933,1.2909944487358056,1.0,0.5,0.13828804479539558,0.23804761428476165,3.304037933599835,4
1642907,Cedric Coward,1610612763,MEM,22.0,4,2,2,0.5,23.3,5.8,8.3,0.697,2.3,3.5,0.643,2.8,3.0,0.917,0.8,3.0,3.8,2.3,0.3,1.3,0.5,0.3,2.0,1.8,16.5,12.5,123.0,100.0,23.0,0.136,18.8,0.031,0.109,0.073,2.1,0.833,0.862,0.162,109.31,0.173,7.593857166596345,1.707825127659933,1.2583057392117916,0.9574271077563381,0.5773502691896257,0.19024786463979035,0.41635992042142256,1.5,4
203954,Joel Embiid,1610612755,PHI,31.0,3,3,0,1.0,21.1,5.7,12.3,0.459,2.0,5.3,0.375,3.0,4.3,0.692,1.3,3.7,5.0,3.7,2.3,0.7,0.7,0.3,2.0,3.3,16.3,-3.0,126.3,135.8,-9.5,0.262,18.0,0.066,0.169,0.119,11.5,0.541,0.574,0.327,102.51,0.12,10.96965511460289,2.6457513110645907,1.5275252316519465,1.1547005383792517,0.5773502691896258,0.2774280687553683,0.2886751345948129,1.7320508075688772,3
1630228,Jonathan Kuminga,1610612744,GSW,23.0,5,4,1,0.8,30.2,5.8,10.8,0.537,1.4,3.2,0.438,3.2,4.2,0.762,2.2,5.2,7.4,3.4,2.4,0.8,0.2,0.6,2.8,3.0,16.2,5.0,123.1,114.6,8.5,0.157,18.5,0.079,0.178,0.129,13.0,0.602,0.64,0.209,102.07,0.109,5.805170109479997,2.3021728866442674,1.8165902124584952,0.8366600265340756,0.44721359549995804,0.10294561671096056,0.2609651317705107,5.019960159204453,5
1630183,Jaden McDaniels,1610612750,MIN,25.0,4,2,2,0.5,31.7,6.0,13.3,0.453,1.3,4.3,0.294,2.8,3.5,0.786,1.0,2.8,3.8,1.0,1.3,0.5,2.5,0.8,3.5,3.3,16.0,-7.5,112.1,123.9,-11.8,0.049,5.8,0.033,0.083,0.059,7.2,0.5,0.541,0.221,100.28,0.069,6.97614984548545,1.5,0.816496580927726,0.5773502691896257,1.2909944487358056,0.16532064803486182,0.32179341198974226,4.123105625617661,4
1630168,Onyeka Okongwu,1610612737,ATL,24.0,4,1,3,0.25,31.7,6.5,11.3,0.578,1.3,3.3,0.385,1.8,3.0,0.583,1.0,7.0,8.0,2.5,0.5,0.8,1.3,0.0,3.3,2.8,16.0,-12.0,104.8,122.7,-17.8,0.135,16.1,0.03,0.217,0.122,3.2,0.633,0.636,0.177,101.78,0.128,3.366501646120693,3.6514837167011076,1.2909944487358056,0.5,1.2583057392117916,0.14390592992183007,0.20271326218742244,2.753785273643051,4
1642851,Kon Knueppel,1610612766,CHA,20.0,4,2,2,0.5,29.5,5.8,11.0,0.523,4.0,7.5,0.533,0.5,1.0,0.5,0.5,3.8,4.3,2.0,2.0,0.5,0.0,0.8,2.5,1.3,16.0,5.0,118.5,110.9,7.5,0.089,12.9,0.017,0.121,0.07,12.9,0.705,0.699,0.179,107.91,0.092,4.242640687119285,1.5,1.4142135623730951,0.5773502691896257,0.0,0.10082327773551768,0.12991118761163978,4.349329450233296,4
1630202,Payton Pritchard,1610612738,BOS,27.0,4,1,3,0.25,34.4,5.8,13.8,0.418,1.5,7.3,0.207,2.8,3.5,0.786,1.8,4.0,5.8,5.0,1.3,1.0,0.0,0.5,2.3,2.8,15.8,5.5,117.4,109.6,7.8,0.208,23.3,0.045,0.097,0.072,5.8,0.473,0.515,0.199,98.34,0.116,5.560275772537426,2.9860788111948193,2.581988897471611,0.816496580927726,0.0,0.13580132547217644,0.07365007354601442,2.6457513110645907,4
1628370,Malik Monk,1610612758,SAC,27.0,4,1,3,0.25,24.6,5.5,10.8,0.512,3.0,5.5,0.545,1.8,2.0,0.875,0.0,1.3,1.3,2.8,1.0,1.3,1.0,0.5,2.5,3.0,15.8,3.0,109.3,104.2,5.1,0.167,17.7,0.0,0.047,0.024,6.5,0.651,0.677,0.212,104.64,0.129,4.9916597106239795,0.5,0.9574271077563381,0.9574271077563381,1.1547005383792515,0.056239813892532305,0.3359894591600556,2.6457513110645907,4
1629028,Deandre Ayton,1610612747,LAL,27.0,4,2,2,0.5,34.1,7.5,12.5,0.6,0.0,0.0,0.0,0.8,2.0,0.375,3.8,5.5,9.3,1.0,3.0,0.8,1.0,0.5,3.5,1.5,15.8,-2.8,114.8,118.6,-3.8,0.043,5.8,0.126,0.155,0.142,17.4,0.6,0.589,0.2,102.51,0.083,4.924428900898052,3.947573094109004,1.1547005383792515,0.9574271077563381,0.0,0.07673493337457196,0.0,2.362907813126304,4
1629638,Nickeil Alexander-Walker,1610612737,ATL,27.0,4,1,3,0.25,29.6,5.5,13.5,0.407,2.3,6.8,0.333,2.5,3.0,0.833,1.0,1.8,2.8,3.3,1.0,1.3,0.5,0.0,1.3,3.5,15.8,-8.5,107.4,119.8,-12.3,0.16,16.9,0.031,0.059,0.045,5.2,0.491,0.531,0.225,104.29,0.094,3.947573094109004,1.2583057392117916,0.9574271077563381,0.5,0.5773502691896257,0.20858970891840917,0.2625939514408764,1.2583057392117916,4
1627826,Ivica Zubac,1610612746,LAC,28.0,4,2,2,0.5,27.6,7.0,11.0,0.636,0.0,0.0,0.0,1.5,1.8,0.857,2.5,5.5,8.0,2.8,2.3,0.0,1.0,1.0,1.3,2.5,15.5,-3.0,114.0,121.4,-7.4,0.155,16.7,0.103,0.188,0.15,13.6,0.636,0.658,0.216,98.1,0.145,5.802298395176403,2.943920288775949,1.2583057392117916,0.0,0.816496580927726,0.048720290092185065,0.0,4.9916597106239795,4
1630193,Immanuel Quickley,1610612761,TOR,26.0,4,1,3,0.25,32.1,5.0,12.3,0.408,1.0,5.5,0.182,4.3,5.8,0.739,1.3,3.5,4.8,7.0,1.5,2.0,0.0,0.5,2.5,5.3,15.3,-4.8,111.6,117.1,-5.5,0.28,30.4,0.039,0.115,0.076,6.5,0.449,0.516,0.204,106.6,0.108,2.6299556396765835,1.707825127659933,1.4142135623730951,0.816496580927726,0.0,0.1060110057179599,0.21101875903972772,3.3166247903554,4
1631157,Ryan Rollins,1610612749,MIL,23.0,4,3,1,0.75,29.8,5.0,10.5,0.476,1.8,5.0,0.35,3.5,3.5,1.0,1.5,2.3,3.8,4.3,2.3,3.0,0.3,0.5,2.5,3.5,15.3,5.3,120.6,109.7,10.9,0.185,23.0,0.053,0.069,0.061,12.2,0.56,0.633,0.202,102.76,0.122,6.849574196011505,1.2583057392117916,2.6299556396765835,0.816496580927726,0.5,0.2064725566913595,0.4057982873300477,3.304037933599835,4
1629014,Anfernee Simons,1610612738,BOS,26.0,4,1,3,0.25,28.6,5.8,12.3,0.469,2.8,7.5,0.367,0.8,1.0,0.75,0.8,2.3,3.0,1.5,1.5,1.3,0.3,0.3,2.5,0.5,15.0,-4.5,108.2,115.0,-6.8,0.091,9.7,0.024,0.076,0.05,9.7,0.582,0.591,0.207,97.76,0.101,6.782329983125268,2.449489742783178,1.7320508075688772,1.2583057392117916,0.5,0.0636684118434461,0.09262604025506722,4.358898943540674,4
1642848,Tre Johnson,1610612764,WAS,19.0,4,1,3,0.25,26.8,5.5,12.3,0.449,2.8,7.0,0.393,1.0,1.0,1.0,1.3,2.3,3.5,2.0,1.3,0.3,0.8,0.0,2.5,1.0,14.8,-3.5,111.0,117.1,-6.2,0.104,12.5,0.041,0.079,0.059,7.8,0.561,0.581,0.204,109.77,0.077,3.2015621187164243,1.2909944487358056,0.0,0.5,0.5,0.07201157314395144,0.12355295760657993,1.5,4
1642844,Dylan Harper,1610612759,SAS,19.0,4,4,0,1.0,26.1,5.5,11.5,0.478,0.8,2.3,0.333,3.0,3.5,0.857,1.0,4.3,5.3,4.8,2.0,1.0,0.0,1.0,4.3,2.3,14.8,12.3,129.8,105.2,24.6,0.25,24.1,0.041,0.148,0.099,10.1,0.511,0.566,0.238,96.16,0.129,3.8622100754188224,0.9574271077563381,2.753785273643051,0.816496580927726,0.0,0.19630312444448422,0.24494897427831783,2.5,4
1630530,Trey Murphy III,1610612740,NOP,25.0,3,0,3,0.0,37.1,5.7,14.7,0.386,1.3,6.0,0.222,2.0,2.3,0.857,1.7,5.7,7.3,4.3,0.7,1.0,0.0,1.3,2.7,2.0,14.7,-6.7,104.2,112.7,-8.5,0.181,21.0,0.039,0.148,0.09,3.2,0.432,0.467,0.174,101.76,0.102,8.621678104251709,2.516611478423583,1.1547005383792517,1.7320508075688772,0.0,0.11762794452566674,0.18787318417840618,7.571877794400365,3
1629631,De'Andre Hunter,1610612739,CLE,27.0,2,2,0,1.0,25.5,5.0,12.0,0.417,1.5,5.0,0.3,3.0,4.0,0.75,1.0,3.5,4.5,4.0,1.5,0.5,0.0,0.5,3.5,4.5,14.5,4.0,112.1,100.9,11.2,0.276,21.1,0.036,0.119,0.078,7.9,0.479,0.527,0.242,102.44,0.109,2.1213203435596424,0.7071067811865476,2.8284271247461903,0.7071067811865476,0.0,0.06929646455628168,0.05868986283848346,2.1213203435596424,2
203952,Andrew Wiggins,1610612748,MIA,30.0,4,3,1,0.75,29.1,5.5,11.0,0.5,1.3,4.0,0.313,2.3,3.5,0.643,1.5,3.0,4.5,2.0,2.0,1.3,1.0,0.0,2.3,2.5,14.5,-4.3,108.2,115.8,-7.6,0.098,12.1,0.045,0.098,0.071,12.1,0.557,0.578,0.192,109.88,0.084,5.916079783099616,2.0816659994661326,0.816496580927726,1.2583057392117916,0.0,0.03693575503492518,0.2056493779875511,3.593976442141304,4
1641706,Brandon Miller,1610612766,CHA,22.0,2,1,1,0.5,19.9,5.0,12.5,0.4,1.0,5.5,0.182,3.5,5.0,0.7,0.0,0.0,0.0,4.0,1.5,0.5,0.5,0.0,2.5,3.0,14.5,1.0,123.3,120.9,2.3,0.286,20.0,0.0,0.0,0.0,7.5,0.44,0.493,0.333,103.89,0.067,14.849242404917497,0.0,4.242640687119285,0.7071067811865476,0.7071067811865476,0.062225396744416156,0.15697770542341355,15.556349186104045,2
1641709,Ausar Thompson,1610612765,DET,22.0,4,2,2,0.5,27.1,6.0,11.5,0.522,0.3,1.5,0.167,2.0,3.5,0.571,1.5,5.0,6.5,3.5,1.0,1.0,0.5,0.5,3.5,3.0,14.3,-1.3,112.6,115.3,-2.7,0.192,20.3,0.054,0.171,0.114,5.8,0.533,0.546,0.206,101.48,0.12,6.994045086119096,4.795831523312719,2.886751345948129,0.816496580927726,0.5773502691896257,0.08055846738032363,0.1665,9.486832980505138,4
203471,Dennis Schröder,1610612758,SAC,32.0,4,1,3,0.25,32.5,6.3,14.0,0.446,1.5,5.3,0.286,0.3,0.3,1.0,0.5,2.8,3.3,6.3,3.0,1.5,0.5,0.8,2.5,1.5,14.3,-10.3,105.1,118.3,-13.2,0.294,26.9,0.014,0.087,0.048,12.9,0.5,0.505,0.221,101.99,0.087,4.5,2.0615528128088303,4.272001872658765,0.5773502691896257,0.5773502691896257,0.046169073342805275,0.2114369488366055,2.0816659994661326,4
1628384,OG Anunoby,1610612752,NYK,28.0,4,2,2,0.5,34.2,4.8,12.8,0.373,2.8,8.5,0.324,2.0,2.8,0.727,1.5,5.5,7.0,2.3,2.3,2.3,0.8,1.0,2.8,1.8,14.3,4.5,111.7,104.8,6.9,0.1,12.2,0.04,0.162,0.098,12.2,0.48,0.51,0.192,102.57,0.084,6.849574196011505,5.033222956847166,1.8929694486000912,0.9574271077563381,0.5,0.11861562572724839,0.11472430721807245,4.041451884327381,4
1630598,Aaron Wiggins,1610612760,OKC,26.0,5,5,0,1.0,28.8,5.4,12.0,0.45,2.6,6.8,0.382,0.8,0.8,1.0,1.6,3.2,4.8,2.4,1.4,0.2,0.8,0.2,2.2,0.4,14.2,6.0,110.7,98.7,12.0,0.129,14.8,0.051,0.095,0.074,8.6,0.558,0.575,0.202,101.08,0.102,6.058052492344383,3.03315017762062,2.302172886644268,0.44721359549995804,1.3038404810405297,0.058679638717360906,0.1506811202506804,6.041522986797286,5
203114,Khris Middleton,1610612764,WAS,34.0,4,1,3,0.25,27.3,5.3,11.0,0.477,1.3,3.5,0.357,2.3,3.0,0.75,1.8,4.0,5.8,2.3,1.5,1.0,0.0,1.0,3.5,1.8,14.0,-5.3,107.4,117.5,-10.1,0.12,14.3,0.055,0.142,0.096,9.5,0.534,0.568,0.194,106.12,0.086,6.2182527020592095,3.095695936834452,0.9574271077563381,1.4142135623730951,0.0,0.18584671102820197,0.2516391265284475,5.066228051190222,4
1630167,Obi Toppin,1610612754,IND,27.0,3,0,3,0.0,27.4,5.0,12.0,0.417,1.0,5.7,0.176,3.0,3.0,1.0,1.0,5.7,6.7,1.7,2.0,1.0,0.0,0.7,2.3,1.7,14.0,-2.7,111.9,118.4,-6.5,0.093,9.8,0.032,0.181,0.107,11.8,0.458,0.526,0.232,102.54,0.102,5.5677643628300215,2.0816659994661326,1.5275252316519468,1.0,0.0,0.0578878225536252,0.1922576396401454,11.590225767142474,3
1628989,Kevin Huerter,1610612741,CHI,27.0,3,3,0,1.0,25.8,4.7,9.7,0.483,1.0,4.3,0.231,3.3,3.7,0.909,1.0,3.0,4.0,2.7,1.0,0.7,1.0,0.0,3.0,3.0,13.7,10.3,110.8,94.3,16.5,0.14,17.8,0.041,0.101,0.074,6.7,0.534,0.606,0.19,108.73,0.113,2.3094010767585034,3.605551275463989,3.0550504633038935,0.5773502691896258,1.0,0.21322601467300684,0.1922576396401454,4.163331998932265,3
1629018,Gary Trent Jr.,1610612749,MIL,26.0,4,3,1,0.75,28.2,4.8,11.3,0.422,3.0,8.5,0.353,1.0,1.8,0.571,0.0,2.3,2.3,2.8,1.0,1.3,0.0,0.0,3.0,1.5,13.5,-4.0,108.1,115.0,-6.9,0.141,17.5,0.0,0.078,0.039,6.3,0.556,0.562,0.192,104.82,0.069,6.244997998398398,1.707825127659933,0.9574271077563381,0.9574271077563381,0.0,0.12627582244172214,0.13688072666863416,2.943920288775949,4
1628386,Jarrett Allen,1610612739,CLE,27.0,4,3,1,0.75,27.5,4.8,8.3,0.576,0.0,0.3,0.0,4.0,5.5,0.727,1.5,5.8,7.3,2.0,1.8,1.5,0.3,1.3,1.8,5.3,13.5,12.5,119.7,100.4,19.3,0.096,13.8,0.058,0.189,0.128,12.1,0.576,0.633,0.182,105.86,0.141,8.850612031567836,2.8722813232690143,1.4142135623730951,0.5773502691896257,0.5,0.20001499943754217,0.0,2.217355782608345,4
1641708,Amen Thompson,1610612745,HOU,22.0,3,1,2,0.333,31.3,5.0,11.7,0.429,0.0,3.0,0.0,3.3,5.0,0.667,1.0,3.0,4.0,4.7,2.0,0.7,0.3,1.0,3.7,3.7,13.3,5.3,118.8,107.9,10.9,0.241,23.3,0.032,0.088,0.062,10.0,0.429,0.481,0.205,96.13,0.078,4.163331998932265,0.0,3.5118845842842465,0.5773502691896258,0.5773502691896258,0.13673697378543961,0.0,7.094598884597588,3
1631105,Jalen Duren,1610612765,DET,21.0,4,2,2,0.5,20.1,4.8,8.3,0.576,0.0,0.0,0.0,3.8,4.8,0.789,4.0,5.3,9.3,1.0,2.5,0.8,1.8,0.8,3.5,4.0,13.3,-2.8,102.9,108.0,-5.1,0.091,7.1,0.158,0.221,0.189,17.9,0.576,0.641,0.245,104.28,0.188,8.139410298049853,5.852349955359813,0.816496580927726,0.5,0.5,0.10411011798411655,0.0,6.551081335677848,4
203468,CJ McCollum,1610612764,WAS,34.0,4,1,3,0.25,33.0,4.5,14.0,0.321,1.8,6.8,0.259,2.5,3.3,0.769,1.0,2.8,3.8,5.0,1.0,0.5,0.0,0.8,2.3,2.0,13.3,-1.8,113.5,117.1,-3.6,0.187,23.5,0.027,0.08,0.052,4.7,0.384,0.429,0.193,106.95,0.055,7.88986691902975,2.6299556396765835,1.632993161855452,0.5773502691896257,0.0,0.06524568951279465,0.16500782809713402,4.96655480858378,4
1641824,Matas Buzelis,1610612741,CHI,21.0,3,3,0,1.0,26.2,4.7,10.3,0.452,0.7,4.0,0.167,3.3,4.0,0.833,1.3,3.3,4.7,1.3,2.0,0.3,1.0,0.3,3.7,2.3,13.3,-1.3,102.3,104.5,-2.3,0.082,8.9,0.048,0.105,0.079,13.3,0.484,0.551,0.204,108.21,0.072,9.29157324317757,1.5275252316519465,1.5275252316519465,0.5773502691896258,1.7320508075688772,0.19272000415109997,0.16512217698823295,12.165525060596439,3
1630200,Tre Jones,1610612741,CHI,25.0,3,3,0,1.0,30.5,4.3,8.3,0.52,1.3,2.3,0.571,3.0,4.0,0.75,1.0,3.3,4.3,8.3,2.3,3.3,0.3,1.0,2.7,5.0,13.0,7.3,118.6,110.0,8.6,0.342,39.7,0.034,0.101,0.069,11.1,0.6,0.644,0.164,106.14,0.133,1.0,3.055050463303893,0.5773502691896257,1.5275252316519468,0.5773502691896258,0.09923205127376941,0.28867513459481287,1.5275252316519465,3
1642843,Cooper Flagg,1610612742,DAL,18.0,4,1,3,0.25,31.6,4.8,12.5,0.38,1.0,3.8,0.267,2.5,2.5,1.0,0.5,4.8,5.3,2.5,2.0,1.0,0.5,0.8,2.8,3.8,13.0,-12.5,95.4,111.8,-16.4,0.123,13.9,0.014,0.136,0.076,11.1,0.42,0.478,0.197,108.57,0.07,8.86942313043338,3.4034296427770228,3.0,0.816496580927726,0.5773502691896257,0.19483048187249002,0.21335943850694772,2.5,4
1631323,Simone Fontecchio,1610612748,MIA,29.0,4,3,1,0.75,20.0,4.8,7.8,0.613,2.8,5.0,0.55,0.5,0.8,0.667,0.5,2.0,2.5,1.8,0.8,0.8,0.3,0.3,2.5,1.0,12.8,12.0,130.2,104.4,25.8,0.1,16.7,0.028,0.081,0.059,7.1,0.79,0.789,0.167,109.09,0.111,1.8929694486000912,1.9148542155126762,0.9574271077563381,0.9574271077563381,0.5,0.046454278597347735,0.1751349479687021,2.0,4
1631095,Jabari Smith Jr.,1610612745,HOU,22.0,3,1,2,0.333,35.2,4.7,12.0,0.389,2.0,6.0,0.333,1.3,1.3,1.0,1.3,3.7,5.0,0.7,0.7,1.3,0.3,1.0,2.7,1.3,12.7,5.0,117.2,109.5,7.7,0.03,4.8,0.038,0.096,0.069,4.8,0.472,0.503,0.159,95.19,0.072,2.8867513459481287,1.0,1.1547005383792517,0.5773502691896257,0.5773502691896258,0.18360918640779747,0.0,9.865765724632494,3
1641729,Brice Sensabaugh,1610612762,UTA,21.0,3,2,1,0.667,18.8,4.7,9.7,0.483,2.0,6.0,0.333,1.3,1.3,1.0,0.0,3.3,3.3,1.3,1.3,0.7,0.0,1.0,2.0,1.3,12.7,-8.7,99.2,118.4,-19.2,0.125,10.5,0.0,0.152,0.083,10.5,0.586,0.618,0.25,105.65,0.113,8.736894948054104,1.1547005383792515,0.5773502691896257,0.5773502691896258,0.0,0.19719617981424828,0.24768326548234945,6.082762530298219,3
1630174,Aaron Nesmith,1610612754,IND,26.0,3,0,3,0.0,31.1,4.3,11.7,0.371,3.3,7.0,0.476,0.7,1.7,0.4,1.3,4.0,5.3,1.0,0.3,0.0,0.3,1.0,3.0,3.0,12.7,-2.3,108.6,112.7,-4.1,0.049,7.3,0.036,0.122,0.076,2.4,0.514,0.511,0.165,101.63,0.059,6.8068592855540455,3.7859388972001824,1.0,0.0,0.5773502691896258,0.08510189970460905,0.17373926825370636,4.0,3
1630540,Miles McBride,1610612752,NYK,25.0,2,2,0,1.0,29.1,3.5,9.0,0.389,3.0,7.5,0.4,2.5,3.0,0.833,1.5,1.5,3.0,2.5,1.0,1.0,0.5,0.0,3.0,2.0,12.5,10.0,117.7,100.8,16.9,0.132,17.9,0.046,0.049,0.048,7.1,0.556,0.606,0.156,102.76,0.081,3.5355339059327378,1.4142135623730951,2.1213203435596424,0.0,0.7071067811865476,0.2107178207935911,0.31466251762801367,4.242640687119285,2
1630591,Jalen Suggs,1610612753,ORL,24.0,3,1,2,0.333,18.7,4.7,6.3,0.737,2.0,3.3,0.6,1.0,1.3,0.75,0.7,3.7,4.3,4.0,3.3,0.7,0.0,0.0,3.3,2.3,12.3,3.3,115.0,107.5,7.5,0.273,27.9,0.032,0.186,0.107,23.3,0.895,0.891,0.201,113.67,0.142,1.5275252316519468,1.5275252316519465,2.0,1.1547005383792517,0.0,0.15137481076233703,0.22073136010393568,2.0,3
1631108,Max Christie,1610612742,DAL,22.0,4,1,3,0.25,28.3,4.0,7.3,0.552,3.3,5.8,0.565,1.0,1.0,1.0,0.0,1.3,1.3,1.3,1.0,0.3,0.3,0.3,1.3,1.5,12.3,2.3,114.8,113.9,0.9,0.064,12.5,0.0,0.04,0.021,10.0,0.776,0.796,0.132,102.03,0.079,3.947573094109004,0.9574271077563381,0.9574271077563381,0.5,0.5,0.14149440507195565,0.1181453906563152,2.217355782608345,4
1631260,AJ Green,1610612749,MIL,26.0,4,3,1,0.75,26.8,4.0,6.3,0.64,3.3,5.5,0.591,1.0,1.3,0.8,0.0,2.5,2.5,0.8,1.3,0.3,0.0,0.0,3.3,1.5,12.3,8.3,120.9,106.8,14.1,0.035,8.6,0.0,0.083,0.044,14.3,0.9,0.901,0.124,104.63,0.077,5.251983752196243,1.2909944487358056,0.9574271077563381,0.5,0.0,0.03868246803570496,0.014500000000000013,2.943920288775949,4
1628978,Donte DiVincenzo,1610612750,MIN,28.0,4,2,2,0.5,29.0,3.8,9.3,0.405,2.5,6.5,0.385,2.3,2.8,0.818,0.3,2.0,2.3,3.3,2.0,1.5,0.5,0.0,2.0,2.3,12.3,-2.8,111.6,118.8,-7.2,0.159,21.3,0.008,0.067,0.037,13.1,0.541,0.586,0.169,102.51,0.077,4.112987559751022,1.707825127659933,0.9574271077563381,0.5773502691896257,1.0,0.09732890971682907,0.03934463114581199,7.393691004272944,4
1641764,Brandin Podziemski,1610612744,GSW,22.0,5,4,1,0.8,29.6,4.4,9.8,0.449,2.2,5.2,0.423,1.2,2.0,0.6,1.0,3.8,4.8,2.6,1.0,1.2,0.2,0.0,1.8,2.2,12.2,4.4,116.2,108.7,7.5,0.129,18.1,0.035,0.141,0.087,6.9,0.561,0.571,0.172,100.22,0.088,6.3796551630946325,1.4832396974191326,2.408318915758459,0.4472135954999579,0.44721359549995804,0.1305668411197881,0.1832274542747347,5.029910535983716,5
1641842,Ronald Holland II,1610612765,DET,20.0,4,2,2,0.5,21.3,4.0,8.8,0.457,1.3,4.0,0.313,2.8,3.3,0.846,0.8,2.8,3.5,2.0,2.3,1.8,0.5,0.8,4.3,3.0,12.0,-2.3,102.1,106.4,-4.2,0.154,13.8,0.029,0.122,0.073,15.5,0.529,0.589,0.22,105.56,0.101,5.033222956847166,1.7320508075688772,1.1547005383792515,0.5,0.5773502691896257,0.11053958566956905,0.2791455713422658,6.551081335677848,4
1630175,Cole Anthony,1610612749,MIL,25.0,3,3,0,1.0,21.0,5.0,8.7,0.577,1.0,3.7,0.273,1.0,2.3,0.429,0.7,2.7,3.3,7.0,1.0,0.7,0.7,0.7,4.0,2.3,12.0,4.7,118.2,108.0,10.2,0.438,39.6,0.033,0.103,0.072,5.7,0.635,0.619,0.212,104.38,0.137,9.848857801796104,1.1547005383792515,2.0,1.1547005383792517,0.5773502691896258,0.2634052644373938,0.2645751311064591,7.937253933193772,3
1629640,Keldon Johnson,1610612759,SAS,26.0,4,4,0,1.0,24.2,4.5,7.0,0.643,1.3,2.3,0.556,1.8,2.3,0.778,3.0,3.5,6.5,1.0,0.3,0.8,0.0,0.8,2.5,2.0,12.0,3.5,117.3,110.2,7.1,0.062,10.8,0.121,0.135,0.128,2.7,0.732,0.751,0.139,97.65,0.15,4.83045891539648,2.3804761428476167,0.816496580927726,0.5,0.0,0.12737444798702757,0.416700031997439,4.112987559751022,4
1630541,Moses Moody,1610612744,GSW,23.0,3,2,1,0.667,21.8,3.3,8.3,0.4,3.0,5.7,0.529,2.3,3.0,0.778,0.0,2.3,2.3,1.0,2.0,1.0,0.7,0.7,1.7,1.3,12.0,1.0,105.9,102.9,3.0,0.081,7.9,0.0,0.106,0.056,15.8,0.58,0.622,0.235,99.63,0.088,7.0,0.5773502691896258,1.0,0.0,1.1547005383792517,0.218454419349514,0.19815902704646082,0.5773502691896258,3
1641710,Anthony Black,1610612753,ORL,21.0,4,1,3,0.25,26.0,4.3,8.0,0.531,0.8,2.0,0.375,2.8,4.5,0.611,0.5,3.0,3.5,2.0,3.0,0.8,0.8,0.8,2.8,2.5,12.0,3.8,118.6,110.8,7.8,0.108,13.3,0.02,0.108,0.067,20.0,0.578,0.601,0.206,102.08,0.07,5.597618541248888,1.0,0.816496580927726,0.5,0.5,0.18498017911837653,0.20967355579567015,4.69041575982343,4
202699,Tobias Harris,1610612765,DET,33.0,4,2,2,0.5,31.9,4.3,11.5,0.37,1.5,4.8,0.316,1.8,1.8,1.0,1.3,5.8,7.0,3.3,1.0,0.8,0.3,0.8,3.3,1.5,11.8,-5.5,106.9,113.2,-6.3,0.141,19.7,0.034,0.167,0.098,6.1,0.435,0.479,0.163,104.71,0.088,4.193248541803041,2.70801280154532,1.5,0.5,0.5,0.10490312991835213,0.06479390403425311,9.535023160258536,4
1626220,Royce O'Neale,1610612756,PHX,32.0,4,1,3,0.25,32.9,4.0,10.5,0.381,3.3,8.8,0.371,0.5,1.0,0.5,2.3,4.3,6.5,3.0,2.0,2.0,0.3,0.3,3.5,1.3,11.8,-10.3,114.0,129.3,-15.3,0.124,18.8,0.058,0.136,0.093,12.5,0.536,0.537,0.152,103.69,0.065,4.112987559751022,4.358898943540674,2.70801280154532,2.160246899469287,0.5,0.07608985915788428,0.06313675633099945,8.845903006477066,4
201566,Russell Westbrook,1610612758,SAC,36.0,4,1,3,0.25,23.4,4.3,10.3,0.415,2.3,4.5,0.5,1.0,2.3,0.444,1.5,4.0,5.5,3.8,2.0,0.8,0.3,1.5,1.3,1.3,11.8,-2.3,105.8,111.2,-5.4,0.234,22.1,0.057,0.163,0.108,11.8,0.524,0.523,0.225,105.49,0.107,6.13052471924984,3.3166247903554,2.0615528128088303,0.5,0.5,0.15189771777965153,0.2887713917040029,6.238322424070967,4
1642270,Donovan Clingan,1610612757,POR,21.0,4,2,2,0.5,25.5,4.5,7.3,0.621,1.0,3.0,0.333,1.8,1.8,1.0,4.8,4.8,9.5,2.0,1.0,1.0,1.3,0.3,2.5,2.0,11.8,4.8,107.9,99.6,8.3,0.118,18.2,0.151,0.192,0.169,9.1,0.69,0.733,0.129,107.86,0.166,3.8622100754188224,3.415650255319866,0.816496580927726,0.816496580927726,0.5,0.0789282374481191,0.23570231932107355,3.415650255319866,4
1642276,Kel'el Ware,1610612748,MIA,21.0,4,3,1,0.75,21.2,4.3,8.5,0.5,1.3,3.3,0.385,1.5,2.0,0.75,2.8,4.8,7.5,0.5,1.5,0.8,0.5,0.8,1.8,1.8,11.3,-0.5,117.2,118.2,-1.0,0.029,4.4,0.129,0.194,0.164,13.3,0.574,0.6,0.194,111.88,0.102,6.4485140407177015,2.3804761428476167,0.5773502691896257,0.5,0.5773502691896257,0.15636149355473256,0.3145764348029479,5.446711546122731,4
1629675,Naz Reid,1610612750,MIN,26.0,4,2,2,0.5,23.3,4.3,9.3,0.459,1.0,3.8,0.267,1.8,2.5,0.7,2.0,4.3,6.3,1.8,1.8,1.3,1.0,0.5,3.0,1.8,11.3,-2.3,112.9,122.3,-9.3,0.104,12.5,0.08,0.198,0.134,12.5,0.514,0.543,0.206,101.57,0.101,6.701989754294367,2.9860788111948193,0.5,0.5,0.816496580927726,0.15776221558620004,0.14424140644535235,2.8722813232690143,4
1631107,Nikola Jović,1610612748,MIA,22.0,4,3,1,0.75,24.2,3.5,7.3,0.483,2.0,4.8,0.421,2.3,2.5,0.9,0.5,4.5,5.0,2.8,1.5,0.5,0.3,0.3,1.8,2.3,11.3,15.0,122.8,98.6,24.1,0.133,22.0,0.022,0.153,0.096,12.0,0.621,0.674,0.156,109.74,0.109,6.075908711186061,1.4142135623730951,2.217355782608345,0.5773502691896257,0.5,0.18394088724370122,0.20967355579567012,2.217355782608345,4
1629611,Terance Mann,1610612751,BKN,29.0,4,0,4,0.0,24.3,4.3,7.5,0.567,1.5,3.8,0.4,1.3,1.5,0.833,2.0,1.5,3.5,1.5,0.3,1.0,0.0,0.3,3.0,1.5,11.3,-10.8,109.3,131.5,-22.3,0.088,15.4,0.076,0.071,0.074,2.6,0.667,0.689,0.14,100.92,0.092,7.5,2.886751345948129,1.2909944487358056,0.816496580927726,0.0,0.18820556137726996,0.30319300783494335,4.9916597106239795,4
203501,Tim Hardaway Jr.,1610612743,DEN,33.0,3,2,1,0.667,26.5,4.0,8.3,0.48,2.3,5.3,0.438,1.0,1.3,0.75,0.3,0.7,1.0,1.0,0.3,0.7,0.0,0.3,2.0,0.7,11.3,11.7,136.9,113.4,23.5,0.041,9.7,0.015,0.024,0.02,3.2,0.62,0.635,0.148,102.79,0.052,8.082903768654761,1.0,1.7320508075688772,0.5773502691896258,0.0,0.24129718882186205,0.23429966567055394,5.033222956847167,3
1628381,John Collins,1610612746,LAC,28.0,4,2,2,0.5,25.4,4.5,7.8,0.581,0.5,1.5,0.333,1.8,2.5,0.7,2.3,4.3,6.5,1.0,2.5,1.5,0.8,0.5,1.5,2.3,11.3,4.0,110.7,102.4,8.3,0.067,8.2,0.099,0.15,0.127,20.4,0.613,0.636,0.191,97.61,0.119,4.856267428111155,0.5773502691896257,0.816496580927726,0.5773502691896257,0.9574271077563381,0.22715486640909396,0.47871355387816905,2.217355782608345,4
1642449,Tolu Smith,1610612765,DET,25.0,1,0,1,0.0,6.1,3.0,4.0,0.75,0.0,0.0,0.0,5.0,7.0,0.714,2.0,2.0,4.0,0.0,1.0,1.0,0.0,0.0,0.0,5.0,11.0,12.0,142.9,57.1,85.7,0.0,0.0,0.286,0.25,0.267,12.5,0.75,0.777,0.444,110.77,0.512,,,,,,,,,1
1630180,Saddiq Bey,1610612740,NOP,26.0,3,0,3,0.0,27.2,4.0,9.3,0.429,2.3,5.3,0.438,0.7,1.3,0.5,1.7,2.0,3.7,1.7,1.0,1.0,0.0,1.0,0.7,1.0,11.0,-11.7,99.4,117.3,-17.9,0.098,13.2,0.05,0.069,0.059,7.9,0.554,0.554,0.157,104.39,0.087,2.0,2.081665999466133,1.5275252316519468,1.0,0.0,0.013527749258468695,0.27627944790254183,3.0550504633038935,3
1631128,Christian Braun,1610612743,DEN,24.0,3,2,1,0.667,32.3,4.0,8.7,0.462,0.3,1.7,0.2,2.7,2.7,1.0,1.7,1.7,3.3,2.3,1.0,1.3,0.0,1.0,3.0,2.0,11.0,4.3,117.6,110.2,7.5,0.099,17.5,0.055,0.052,0.053,7.5,0.481,0.559,0.143,101.4,0.061,7.810249675906654,0.5773502691896258,0.5773502691896258,1.1547005383792517,0.0,0.13524422353653406,0.19225763964014542,5.5677643628300215,3
1642263,Reed Sheppard,1610612745,HOU,21.0,3,1,2,0.333,24.0,4.0,11.0,0.364,2.7,6.0,0.444,0.3,0.7,0.5,0.7,2.0,2.7,4.3,2.3,1.7,0.3,0.0,1.3,0.7,11.0,-1.3,112.5,121.5,-9.0,0.283,24.1,0.026,0.081,0.053,13.0,0.485,0.487,0.227,98.54,0.087,3.4641016151377544,1.1547005383792515,3.5118845842842465,1.1547005383792517,0.5773502691896258,0.1570392732195782,0.23762224923885672,4.0,3
1631109,Mark Williams,1610612756,PHX,23.0,3,1,2,0.333,22.8,4.3,8.0,0.542,0.0,0.0,0.0,2.3,3.0,0.778,3.3,6.0,9.3,0.0,0.3,0.7,0.7,1.0,3.0,2.3,11.0,3.3,121.7,118.2,3.5,0.0,0.0,0.13,0.269,0.194,3.4,0.542,0.59,0.161,105.17,0.12,12.288205727444508,2.8867513459481287,0.0,1.1547005383792517,1.1547005383792517,0.2443010437963784,0.0,8.54400374531753,3
1630573,Sam Hauser,1610612738,BOS,27.0,4,1,3,0.25,25.0,3.5,8.3,0.424,3.3,7.8,0.419,0.5,0.5,1.0,0.3,2.8,3.0,0.8,1.5,0.5,0.5,0.0,1.5,0.5,10.8,3.8,118.8,113.2,5.6,0.04,7.0,0.01,0.096,0.056,14.0,0.621,0.635,0.166,99.29,0.078,4.856267428111155,0.816496580927726,0.9574271077563381,0.5773502691896257,0.5773502691896257,0.134621692159919,0.13443306884840497,2.581988897471611,4
1629651,Nic Claxton,1610612751,BKN,26.0,4,0,4,0.0,25.9,5.0,9.5,0.526,0.0,0.8,0.0,0.8,1.0,0.75,3.0,2.3,5.3,2.8,1.0,1.0,0.0,1.3,3.8,3.5,10.8,-16.3,112.9,142.9,-30.0,0.145,20.4,0.102,0.1,0.101,7.4,0.526,0.541,0.173,100.58,0.071,4.573474244670748,2.6299556396765835,0.9574271077563381,1.4142135623730951,0.0,0.13400590782996596,0.0,3.774917217635375,4
1627734,Domantas Sabonis,1610612758,SAC,29.0,3,1,2,0.333,34.1,5.0,10.7,0.469,0.3,1.7,0.2,0.3,1.0,0.333,4.3,10.3,14.7,2.3,3.0,1.3,0.3,1.0,4.0,1.3,10.7,-10.0,104.7,115.5,-10.8,0.1,14.3,0.117,0.31,0.209,18.4,0.484,0.48,0.178,101.32,0.094,1.1547005383792517,3.055050463303893,1.1547005383792515,1.5275252316519468,0.5773502691896258,0.167,0.2886751345948129,3.055050463303893,3
1642847,Jeremiah Fears,1610612740,NOP,19.0,3,0,3,0.0,24.5,4.3,9.7,0.448,0.0,2.0,0.0,2.0,2.3,0.857,0.7,1.3,2.0,1.7,2.7,1.0,0.0,1.0,2.0,2.0,10.7,-11.3,103.3,128.6,-25.2,0.116,11.1,0.024,0.053,0.038,17.8,0.448,0.499,0.223,97.01,0.053,7.767453465154029,2.0,0.5773502691896257,1.0,0.0,0.3320798096843589,0.0,5.859465277082315,3
1630583,Santi Aldama,1610612763,MEM,24.0,4,2,2,0.5,21.8,4.5,9.5,0.474,1.0,3.5,0.286,0.3,1.5,0.167,2.0,5.0,7.0,1.8,1.3,1.3,1.0,1.0,1.8,1.5,10.3,3.0,116.8,111.2,5.5,0.115,13.7,0.094,0.206,0.154,9.8,0.526,0.504,0.199,108.1,0.107,4.112987559751022,1.1547005383792515,1.707825127659933,1.2583057392117916,1.1547005383792515,0.15630605661116698,0.20967355579567015,1.707825127659933,4
1631221,Collin Gillespie,1610612756,PHX,26.0,4,1,3,0.25,24.1,3.8,9.5,0.395,2.5,7.0,0.357,0.3,0.3,1.0,1.3,1.8,3.0,5.8,1.8,1.3,0.8,0.5,1.0,1.0,10.3,-1.5,112.4,114.2,-1.8,0.343,33.8,0.042,0.074,0.056,10.3,0.526,0.533,0.182,100.92,0.111,4.425306015783918,1.4142135623730951,5.123475382979799,1.2583057392117916,0.5,0.06999226147701378,0.10420012795897453,7.831560082980487,4
1630533,Ziaire Williams,1610612751,BKN,24.0,3,0,3,0.0,18.5,3.3,6.7,0.5,2.3,5.0,0.467,1.3,1.7,0.8,1.0,1.0,2.0,0.3,0.0,1.3,0.0,0.3,3.3,1.3,10.3,-2.3,111.3,116.0,-4.7,0.026,4.3,0.051,0.061,0.056,0.0,0.675,0.698,0.155,107.83,0.091,12.858201014657274,1.0,0.5773502691896258,0.5773502691896257,0.0,0.3504111870360305,0.33696636825258,7.571877794400365,3
1641715,Cam Whitmore,1610612764,WAS,21.0,4,1,3,0.25,17.3,4.3,9.5,0.447,0.8,3.3,0.231,1.0,1.3,0.8,0.8,2.3,3.0,1.0,1.5,1.0,0.0,1.3,1.0,1.0,10.3,-5.5,105.0,119.5,-14.5,0.089,8.0,0.036,0.115,0.074,12.0,0.487,0.51,0.254,110.59,0.084,2.6299556396765835,2.160246899469287,0.816496580927726,0.816496580927726,0.0,0.10539765968306251,0.2114369488366055,3.5,4
1629645,Kevin Porter Jr.,1610612749,MIL,25.0,1,1,0,1.0,9.4,3.0,5.0,0.6,2.0,3.0,0.667,2.0,2.0,1.0,0.0,0.0,0.0,2.0,0.0,1.0,0.0,0.0,0.0,1.0,10.0,15.0,150.0,81.8,68.2,0.222,25.0,0.0,0.0,0.0,0.0,0.8,0.85,0.25,112.14,0.216,,,,,,,,,1
1642852,Derik Queen,1610612740,NOP,20.0,3,0,3,0.0,23.6,3.3,7.3,0.455,0.0,1.0,0.0,3.3,4.0,0.833,1.0,3.7,4.7,0.3,0.7,0.7,1.0,0.7,4.3,2.7,10.0,-4.3,107.6,112.8,-5.1,0.024,3.2,0.039,0.134,0.088,6.5,0.455,0.55,0.181,99.14,0.075,6.244997998398398,1.5275252316519465,0.5773502691896258,0.5773502691896258,1.0,0.14861695730972294,0.0,10.14889156509222,3
1626156,D'Angelo Russell,1610612742,DAL,29.0,4,1,3,0.25,20.8,3.0,10.3,0.293,0.8,4.3,0.176,3.3,5.0,0.65,0.5,2.3,2.8,5.5,1.3,0.8,0.3,0.3,1.3,3.3,10.0,7.8,112.3,97.1,15.1,0.393,28.2,0.021,0.091,0.056,6.4,0.329,0.402,0.276,102.21,0.095,9.899494936611665,1.5,3.3166247903554,1.5,0.5,0.18318001164610365,0.1356352338688833,10.785793124908958,4
1641767,Ben Sheppard,1610612754,IND,24.0,3,0,3,0.0,31.8,3.7,9.3,0.393,1.3,5.0,0.267,1.3,2.0,0.667,0.7,5.7,6.3,3.0,0.7,0.7,0.3,0.7,3.7,2.3,10.0,-9.7,103.0,117.3,-14.4,0.143,21.4,0.017,0.183,0.09,4.8,0.464,0.49,0.142,101.57,0.076,4.58257569495584,1.5275252316519465,1.0,0.5773502691896258,0.5773502691896258,0.14921907831552014,0.2251466188953323,7.505553499465135,3
1631217,Moussa Diabaté,1610612766,CHA,23.0,4,2,2,0.5,20.1,3.5,5.5,0.636,0.0,0.0,0.0,2.8,4.5,0.611,2.3,3.5,5.8,0.3,1.0,0.5,1.3,0.0,2.3,3.3,9.8,-1.5,111.4,109.9,1.5,0.019,2.9,0.108,0.163,0.136,11.4,0.636,0.652,0.16,112.33,0.101,3.304037933599835,4.349329450233296,0.5,0.5773502691896257,0.5,0.22753461275155476,0.0,2.581988897471611,4
203484,Kentavious Caldwell-Pope,1610612763,MEM,32.0,4,2,2,0.5,25.8,2.5,8.0,0.313,1.5,5.3,0.286,3.3,3.5,0.929,0.0,3.3,3.3,4.5,1.8,0.8,0.3,0.3,1.8,1.8,9.8,-6.5,106.7,120.1,-13.4,0.257,28.6,0.0,0.114,0.058,11.1,0.406,0.511,0.17,109.99,0.084,3.774917217635375,0.9574271077563381,1.2909944487358056,0.9574271077563381,0.5,0.07990150186323157,0.08499411744350312,3.774917217635375,4
1629111,Jock Landale,1610612763,MEM,30.0,4,2,2,0.5,23.3,3.3,6.0,0.542,1.0,2.3,0.444,2.3,2.8,0.818,3.0,2.8,5.8,1.0,1.0,0.0,0.8,0.5,3.5,2.0,9.8,-4.0,108.0,119.5,-11.5,0.061,10.8,0.115,0.125,0.12,10.8,0.625,0.676,0.135,107.21,0.076,5.439056290693573,1.707825127659933,1.4142135623730951,0.0,0.9574271077563381,0.31297643681274157,0.41670003199743894,3.593976442141304,4
1630549,Day'Ron Sharpe,1610612751,BKN,23.0,4,0,4,0.0,16.5,4.0,5.0,0.8,0.5,1.3,0.4,1.3,1.8,0.714,2.0,3.3,5.3,1.5,2.8,1.0,0.5,0.0,4.0,1.5,9.8,-0.5,112.7,114.1,-1.4,0.167,15.0,0.118,0.232,0.169,27.5,0.85,0.845,0.204,103.23,0.13,6.946221994724902,4.573474244670748,1.2909944487358056,0.816496580927726,1.0,0.168398337283953,0.28867513459481287,3.8622100754188224,4
1641783,Tristan da Silva,1610612753,ORL,24.0,4,1,3,0.25,20.3,3.3,7.8,0.419,1.3,4.0,0.313,2.0,2.5,0.8,1.0,2.0,3.0,1.3,0.5,0.8,0.3,0.3,0.5,1.5,9.8,8.3,117.6,101.7,15.9,0.081,11.6,0.045,0.09,0.067,4.7,0.5,0.551,0.18,106.4,0.099,7.41057802513857,2.160246899469287,1.2583057392117916,1.5,0.5,0.2748047791918231,0.32015621187164245,4.5,4
1629004,Svi Mykhailiuk,1610612762,UTA,28.0,3,2,1,0.667,28.5,3.3,6.3,0.526,2.3,4.7,0.5,0.7,0.7,1.0,1.3,1.3,2.7,2.0,1.0,1.7,0.0,0.0,1.3,1.3,9.7,20.7,133.9,97.7,36.2,0.086,21.4,0.047,0.043,0.045,10.7,0.711,0.729,0.1,98.07,0.087,1.1547005383792517,1.5275252316519465,1.7320508075688772,2.0816659994661326,0.0,0.16861296905438009,0.202072594216369,7.505553499465135,3
1631106,Tari Eason,1610612745,HOU,24.0,3,1,2,0.333,25.2,3.7,7.7,0.478,2.0,4.0,0.5,0.3,1.0,0.333,1.0,4.3,5.3,2.3,1.7,0.3,0.7,0.7,1.7,1.0,9.7,4.0,120.4,110.6,9.8,0.146,19.4,0.039,0.163,0.102,13.9,0.609,0.596,0.155,100.58,0.095,10.692676621563626,0.5773502691896258,2.5166114784235836,0.5773502691896258,0.5773502691896258,0.2501925924829377,0.3623055800471935,3.0550504633038935,3
1642867,Collin Murray-Boyles,1610612761,TOR,20.0,2,0,2,0.0,18.5,3.5,8.5,0.412,1.5,3.0,0.5,1.0,2.0,0.5,1.5,1.0,2.5,0.5,1.5,1.5,0.5,0.0,1.5,1.0,9.5,-14.0,100.0,133.8,-33.8,0.048,4.3,0.075,0.074,0.075,13.0,0.5,0.506,0.253,103.03,0.053,13.435028842544403,0.7071067811865476,0.7071067811865476,2.1213203435596424,0.7071067811865476,0.3804234482783626,0.4242640687119285,7.7781745930520225,2
1642377,Jaylen Wells,1610612763,MEM,22.0,4,2,2,0.5,26.2,3.0,8.8,0.343,1.8,6.3,0.28,1.8,2.8,0.636,0.3,2.5,2.8,1.8,1.3,0.5,0.0,0.3,2.3,3.5,9.5,-6.8,109.7,121.5,-11.9,0.089,13.5,0.009,0.099,0.05,9.6,0.443,0.477,0.164,108.57,0.035,3.696845502136472,1.2583057392117916,1.707825127659933,0.5773502691896257,0.0,0.12369047389889543,0.26974107955593263,2.8722813232690143,4
1641750,Ryan Kalkbrenner,1610612766,CHA,23.0,4,2,2,0.5,26.5,4.8,5.3,0.905,0.0,0.0,0.0,0.0,0.0,0.0,3.5,3.8,7.3,0.8,1.5,1.0,1.0,0.3,2.8,0.5,9.5,2.8,124.8,121.6,3.2,0.036,10.0,0.126,0.13,0.128,20.0,0.905,0.905,0.102,103.6,0.097,4.123105625617661,2.6299556396765835,0.5,1.4142135623730951,0.816496580927726,0.15945532289641506,0.0,3.696845502136472,4
1642484,RayJ Dennis,1610612754,IND,24.0,2,0,2,0.0,27.7,3.0,9.0,0.333,1.5,5.0,0.3,2.0,2.0,1.0,1.0,1.0,2.0,5.5,2.5,1.0,1.5,0.0,4.0,2.0,9.5,-8.0,105.8,120.2,-14.3,0.282,30.6,0.031,0.033,0.032,13.9,0.417,0.481,0.182,103.67,0.053,3.5355339059327378,0.0,0.7071067811865476,1.4142135623730951,2.1213203435596424,0.31466251762801367,0.23546655813512032,0.7071067811865476,2
1641739,Toumani Camara,1610612757,POR,25.0,4,2,2,0.5,32.7,3.5,9.3,0.378,1.3,4.5,0.278,1.3,1.5,0.833,2.3,3.3,5.5,3.5,0.8,1.0,0.3,1.5,2.5,3.8,9.5,4.5,115.3,105.4,9.9,0.136,24.6,0.064,0.105,0.083,5.3,0.446,0.479,0.131,107.2,0.068,6.855654600401044,3.1091263510296048,1.2909944487358056,1.4142135623730951,0.5,0.12873325133779542,0.23960436139603136,2.0615528128088303,4
203110,Draymond Green,1610612744,GSW,35.0,5,4,1,0.8,28.3,3.4,6.8,0.5,1.8,4.0,0.45,0.8,1.8,0.444,0.6,5.2,5.8,7.2,2.8,1.0,0.6,0.4,4.0,2.4,9.4,13.0,120.7,99.7,21.1,0.336,40.9,0.025,0.174,0.107,15.9,0.632,0.619,0.16,101.12,0.1,2.8809720581775866,2.16794833886788,2.588435821108957,1.224744871391589,0.8944271909999159,0.11537244038330817,0.1747475321714158,4.8270073544588685,5
1629006,Josh Okogie,1610612745,HOU,27.0,3,1,2,0.333,22.7,2.3,4.0,0.583,1.3,2.3,0.571,3.3,4.0,0.833,1.0,1.0,2.0,1.0,0.3,0.7,0.3,0.0,2.3,2.7,9.3,2.3,123.4,114.1,9.3,0.061,13.6,0.05,0.047,0.048,4.5,0.75,0.81,0.119,98.33,0.082,1.1547005383792517,2.0,0.0,1.1547005383792517,0.5773502691896258,0.2112178969689832,0.34707780107635805,7.371114795831994,3
1630172,Patrick Williams,1610612741,CHI,24.0,3,3,0,1.0,22.6,3.3,6.0,0.556,1.3,3.7,0.364,1.3,2.3,0.571,0.3,3.7,4.0,2.0,1.3,1.0,0.7,0.0,1.3,2.3,9.3,4.7,109.3,100.7,8.7,0.125,19.4,0.015,0.143,0.083,12.9,0.667,0.664,0.148,105.87,0.114,4.618802153517006,1.0,2.0,1.0,1.1547005383792517,0.14249678358943169,0.12355295760657993,6.027713773341707,3
1628976,Wendell Carter Jr.,1610612753,ORL,26.0,4,1,3,0.25,31.4,2.3,6.8,0.333,0.5,1.5,0.333,4.3,6.3,0.68,4.3,5.5,9.8,1.5,2.0,1.3,0.8,1.5,4.0,4.0,9.3,-7.5,103.6,114.6,-10.9,0.07,11.5,0.128,0.173,0.15,15.4,0.37,0.487,0.146,104.74,0.066,0.9574271077563381,2.362907813126304,0.5773502691896257,0.5,0.9574271077563381,0.15059078103699886,0.28867513459481287,1.7320508075688772,4
1630529,Herbert Jones,1610612740,NOP,27.0,3,0,3,0.0,29.1,3.0,10.0,0.3,1.7,4.7,0.357,1.7,2.0,0.833,1.7,4.3,6.0,1.7,2.0,1.3,0.3,1.7,5.3,2.0,9.3,-12.7,104.4,123.4,-18.9,0.081,11.4,0.05,0.173,0.102,13.6,0.383,0.429,0.185,100.46,0.028,8.621678104251709,3.605551275463989,1.5275252316519468,1.5275252316519468,0.5773502691896258,0.2336600094153897,0.32145502536643183,6.557438524302,3
1630191,Isaiah Stewart,1610612765,DET,24.0,4,2,2,0.5,22.4,3.3,8.3,0.394,1.5,2.8,0.545,1.3,2.5,0.5,3.0,4.3,7.3,1.5,1.0,0.5,2.0,0.8,3.5,2.5,9.3,-4.0,105.2,114.1,-8.9,0.102,12.5,0.109,0.17,0.138,8.3,0.485,0.495,0.178,103.26,0.088,7.544313531837517,2.753785273643051,1.2909944487358056,0.5773502691896257,1.4142135623730951,0.21463612619190336,0.41045371237205297,4.112987559751022,4
203084,Harrison Barnes,1610612759,SAS,33.0,4,4,0,1.0,30.4,3.3,7.0,0.464,1.5,4.0,0.375,1.0,1.0,1.0,0.8,0.8,1.5,3.0,1.8,0.5,0.5,0.0,1.8,0.8,9.0,11.3,120.9,105.3,15.5,0.126,24.5,0.029,0.024,0.026,14.3,0.571,0.605,0.132,97.03,0.055,6.164414002968976,1.2909944487358056,2.309401076758503,0.5773502691896257,1.0,0.2693560221466501,0.32888143760327976,3.8622100754188224,4
1631169,Josh Minott,1610612738,BOS,22.0,3,1,2,0.333,18.9,3.3,5.0,0.667,0.7,2.0,0.333,1.7,1.7,1.0,1.3,2.7,4.0,1.3,0.0,1.3,0.3,0.0,2.7,1.0,9.0,8.3,119.3,94.9,24.4,0.098,19.0,0.063,0.123,0.093,0.0,0.733,0.785,0.12,97.99,0.167,6.557438524302,4.358898943540674,0.5773502691896257,1.5275252316519468,0.5773502691896258,0.21423429541820174,0.1922576396401454,8.082903768654761,3
1642258,Zaccharie Risacher,1610612737,ATL,20.0,2,0,2,0.0,20.5,4.0,9.0,0.444,1.0,4.0,0.25,0.0,0.0,0.0,1.0,0.0,1.0,0.0,0.5,0.0,0.5,0.5,1.0,0.0,9.0,-0.5,110.1,112.2,-2.1,0.0,0.0,0.044,0.0,0.024,5.3,0.5,0.5,0.176,115.55,0.032,9.899494936611665,1.4142135623730951,0.0,0.0,0.7071067811865476,0.23900209204105308,0.23546655813512035,0.7071067811865476,2
1641711,Gradey Dick,1610612761,TOR,21.0,4,1,3,0.25,15.7,2.5,6.3,0.4,1.3,3.3,0.385,2.8,3.3,0.846,0.8,2.0,2.8,0.5,0.3,0.8,0.0,0.5,1.0,2.0,9.0,5.5,121.8,109.8,12.0,0.037,5.9,0.044,0.133,0.086,2.9,0.5,0.586,0.189,110.7,0.098,8.981462390204987,2.217355782608345,0.5773502691896257,0.5,0.0,0.24576055419859386,0.23570231932107358,6.849574196011505,4
202691,Klay Thompson,1610612742,DAL,35.0,4,1,3,0.25,20.5,3.3,9.5,0.342,1.5,5.3,0.286,1.0,1.0,1.0,0.3,3.3,3.5,1.5,1.3,0.3,0.5,0.3,1.0,0.3,9.0,-13.0,86.4,115.3,-28.9,0.12,12.2,0.01,0.165,0.078,10.2,0.421,0.453,0.204,107.38,0.069,1.1547005383792515,1.0,1.2909944487358056,0.5,0.5773502691896257,0.14173802124577112,0.15141334155218952,2.362907813126304,4
1627884,Derrick Jones Jr.,1610612746,LAC,28.0,4,2,2,0.5,21.6,3.5,5.5,0.636,1.8,3.8,0.467,0.3,0.5,0.5,0.8,1.5,2.3,1.0,0.8,0.5,0.8,0.0,2.8,0.8,9.0,-4.3,117.2,127.0,-9.8,0.062,13.8,0.04,0.063,0.053,10.3,0.795,0.787,0.128,96.53,0.071,6.683312551921141,1.2583057392117916,0.816496580927726,0.5773502691896257,0.5,0.34616855239415767,0.4382837741311748,2.3804761428476167,4
1630249,Vít Krejčí,1610612737,ATL,25.0,2,1,1,0.5,17.9,3.0,6.5,0.462,2.0,4.5,0.444,1.0,1.5,0.667,0.5,1.5,2.0,1.0,1.0,1.0,0.0,0.5,2.0,0.5,9.0,-6.5,94.4,115.9,-21.6,0.111,11.1,0.022,0.068,0.045,11.1,0.615,0.628,0.18,93.81,0.098,5.656854249492381,0.0,0.0,1.4142135623730951,0.0,0.1887975105768082,0.050204581464244884,5.656854249492381,2
1628392,Isaiah Hartenstein,1610612760,OKC,27.0,5,5,0,1.0,32.7,4.2,7.2,0.583,0.0,0.4,0.0,0.6,1.4,0.429,3.0,8.6,11.6,2.4,1.6,1.2,0.4,0.4,3.4,2.6,9.0,3.8,113.7,105.7,8.0,0.102,20.7,0.087,0.25,0.169,13.8,0.583,0.576,0.121,97.36,0.116,5.5677643628300215,2.6076809620810595,1.8165902124584952,0.8366600265340756,0.8944271909999161,0.13116516305787904,0.0,3.898717737923586,5
1629130,Duncan Robinson,1610612765,DET,31.0,4,2,2,0.5,31.6,2.8,7.8,0.355,2.0,6.3,0.32,1.3,1.5,0.833,0.5,1.3,1.8,1.0,0.3,0.3,0.8,0.0,2.5,1.0,8.8,-3.3,104.8,111.3,-6.5,0.044,10.5,0.013,0.036,0.024,2.6,0.484,0.52,0.102,101.75,0.036,6.18465843842649,2.0615528128088303,0.816496580927726,0.5,1.5,0.17282553823629968,0.21613807315386774,5.0,4
1630558,Davion Mitchell,1610612748,MIA,27.0,4,3,1,0.75,27.2,3.8,8.3,0.455,0.8,3.3,0.231,0.5,1.0,0.5,0.8,2.3,3.0,8.3,1.5,0.8,0.3,0.3,3.0,1.8,8.8,2.3,111.6,108.0,3.6,0.402,44.6,0.025,0.072,0.049,8.1,0.5,0.503,0.147,110.14,0.091,5.737304826019502,2.449489742783178,2.8722813232690143,0.9574271077563381,0.5,0.047140746706007944,0.4714045502538133,6.244997998398398,4
1629674,Neemias Queta,1610612738,BOS,26.0,4,1,3,0.25,23.8,3.8,6.3,0.6,0.0,0.0,0.0,1.3,1.8,0.714,3.5,4.5,8.0,1.0,1.8,0.5,2.0,0.3,4.3,2.3,8.8,5.5,120.0,105.6,14.4,0.059,10.3,0.135,0.157,0.146,17.9,0.6,0.623,0.155,96.87,0.106,5.737304826019502,2.160246899469287,1.4142135623730951,1.0,1.8257418583505538,0.21262251370288454,0.0,2.0615528128088303,4
1642856,Egor Dëmin,1610612751,BKN,19.0,3,0,3,0.0,21.9,2.7,5.3,0.5,2.7,5.3,0.5,0.7,0.7,1.0,0.7,4.3,5.0,2.3,2.3,0.3,0.0,0.0,3.3,2.0,8.7,-2.7,118.8,122.9,-4.0,0.149,22.6,0.03,0.206,0.116,22.6,0.75,0.77,0.15,101.59,0.084,5.507570547286102,1.0,1.5275252316519468,0.5773502691896258,0.0,0.2525133659828723,0.2525133659828723,3.0,3
1642383,Walter Clayton Jr.,1610612762,UTA,22.0,3,2,1,0.667,20.5,3.3,7.3,0.455,1.3,4.0,0.333,0.7,0.7,1.0,1.7,3.0,4.7,3.3,2.0,1.0,0.0,0.3,3.0,1.0,8.7,-4.7,107.1,117.0,-9.9,0.25,26.3,0.071,0.132,0.101,15.8,0.545,0.568,0.169,109.79,0.079,2.3094010767585034,1.5275252316519465,1.5275252316519465,1.0,0.0,0.1483587993121181,0.0,2.5166114784235836,3
1630592,Jalen Wilson,1610612751,BKN,24.0,3,0,3,0.0,17.7,3.0,5.7,0.529,2.0,4.0,0.5,0.7,0.7,1.0,0.0,0.7,0.7,1.0,1.3,0.3,0.0,0.0,1.3,0.7,8.7,-2.3,115.9,124.8,-8.9,0.091,12.0,0.0,0.042,0.019,16.0,0.706,0.727,0.171,95.95,0.073,0.5773502691896257,0.5773502691896258,1.0,0.5773502691896258,0.0,0.18874586088176876,0.25,4.618802153517007,3
1642854,Asa Newell,1610612737,ATL,20.0,2,1,1,0.5,14.3,3.0,6.0,0.5,2.0,3.0,0.667,0.5,1.0,0.5,3.5,1.5,5.0,0.5,1.0,0.0,0.0,1.0,3.0,0.5,8.5,3.5,103.4,91.4,12.1,0.067,6.3,0.2,0.088,0.145,12.5,0.667,0.66,0.211,97.23,0.126,4.949747468305833,7.0710678118654755,0.7071067811865476,0.0,0.0,0.15768481220460012,0.28284271247461906,14.849242404917497,2
203497,Rudy Gobert,1610612750,MIN,33.0,4,2,2,0.5,30.1,3.3,5.0,0.65,0.0,0.0,0.0,2.0,3.8,0.533,3.5,5.5,9.0,1.0,0.8,0.3,1.3,0.5,3.8,3.5,8.5,-4.5,104.2,111.2,-6.9,0.05,11.8,0.107,0.165,0.136,8.8,0.65,0.639,0.1,103.2,0.086,5.0,6.0553007081949835,0.816496580927726,0.5,0.9574271077563381,0.20262115717104504,0.0,3.6514837167011076,4
1630577,Julian Champagnie,1610612759,SAS,24.0,4,4,0,1.0,29.0,2.8,5.8,0.478,1.5,4.0,0.375,1.5,2.3,0.667,0.5,6.3,6.8,2.0,0.5,0.5,0.3,0.0,1.0,0.8,8.5,8.0,116.7,105.4,11.3,0.09,22.2,0.018,0.189,0.111,5.6,0.609,0.631,0.1,100.85,0.105,3.415650255319866,2.217355782608345,0.816496580927726,0.5773502691896257,0.5,0.2141360548810032,0.2634177607274549,5.909032633745278,4
1626167,Myles Turner,1610612749,MIL,29.0,4,3,1,0.75,29.7,3.0,9.5,0.316,1.3,5.5,0.227,1.0,1.5,0.667,1.0,5.8,6.8,3.0,1.8,0.5,2.5,0.5,2.8,1.5,8.3,10.0,120.6,106.2,14.5,0.12,20.0,0.034,0.176,0.108,11.7,0.382,0.406,0.165,105.6,0.061,4.425306015783918,1.5,1.4142135623730951,0.5773502691896257,0.5773502691896257,0.10754030252266666,0.14155888056447277,1.2909944487358056,4
1628398,Kyle Kuzma,1610612749,MIL,30.0,3,3,0,1.0,20.2,3.0,5.7,0.529,0.0,1.3,0.0,2.3,2.7,0.875,0.0,4.0,4.0,1.3,1.3,1.0,1.0,0.7,2.3,1.7,8.3,0.3,111.3,108.1,3.2,0.083,13.8,0.0,0.16,0.088,13.8,0.529,0.609,0.176,106.51,0.092,3.511884584284246,1.0,1.5275252316519468,1.0,1.0,0.40414518843273806,0.0,2.5166114784235836,3
1642883,Sion James,1610612766,CHA,22.0,4,2,2,0.5,19.7,2.8,4.3,0.647,1.8,2.3,0.778,1.0,1.0,1.0,0.8,1.5,2.3,1.5,0.3,0.8,0.5,0.8,0.5,0.8,8.3,0.3,121.3,116.0,5.2,0.103,23.1,0.036,0.064,0.051,3.8,0.853,0.88,0.098,107.92,0.114,4.645786621588784,1.707825127659933,1.2909944487358056,0.9574271077563381,0.5773502691896257,0.28811224664471774,0.4732423621500228,2.5,4
1629661,Cameron Johnson,1610612743,DEN,29.0,3,2,1,0.667,25.2,2.7,7.3,0.364,1.0,4.0,0.25,2.0,2.0,1.0,0.7,2.3,3.0,1.7,1.0,0.7,0.0,0.7,3.7,1.7,8.3,-5.3,105.6,115.5,-9.9,0.094,15.6,0.026,0.091,0.059,9.4,0.432,0.507,0.15,102.22,0.037,5.773502691896257,1.0,0.5773502691896257,0.5773502691896258,0.0,0.10171201174558163,0.09584014468547788,6.506407098647712,3
1627747,Caris LeVert,1610612765,DET,31.0,1,0,1,0.0,21.5,3.0,7.0,0.429,1.0,3.0,0.333,1.0,2.0,0.5,0.0,1.0,1.0,2.0,1.0,1.0,0.0,1.0,1.0,1.0,8.0,-7.0,98.0,107.7,-9.7,0.143,18.2,0.0,0.04,0.018,9.1,0.5,0.508,0.153,114.12,0.055,,,,,,,,,1
1627936,Alex Caruso,1610612760,OKC,31.0,2,2,0,1.0,26.9,2.5,7.0,0.357,2.0,5.5,0.364,1.0,1.0,1.0,0.5,1.5,2.0,3.0,0.5,2.0,1.0,0.5,1.5,2.0,8.0,0.5,100.9,95.7,5.2,0.162,27.3,0.018,0.061,0.038,4.5,0.5,0.538,0.133,101.22,0.093,0.0,0.0,0.0,0.0,0.0,0.04737615433949868,0.04737615433949868,4.242640687119285,2
1630572,Sandro Mamukelashvili,1610612761,TOR,26.0,4,1,3,0.25,17.9,3.0,4.5,0.667,0.8,1.5,0.5,1.3,1.8,0.714,0.3,1.8,2.0,2.3,1.0,0.3,0.3,0.3,2.3,1.3,8.0,2.5,117.5,109.2,8.3,0.153,26.5,0.014,0.099,0.055,11.8,0.75,0.759,0.138,108.25,0.089,5.477225575051661,1.8257418583505538,0.9574271077563381,0.5,0.5,0.23935677693908453,0.5000555802441697,2.70801280154532,4
1628436,Luke Kornet,1610612759,SAS,30.0,2,2,0,1.0,25.2,3.5,6.0,0.583,0.0,0.0,0.0,1.0,2.0,0.5,5.0,3.0,8.0,3.5,0.5,0.0,1.5,0.5,2.0,2.5,8.0,8.0,114.2,100.0,14.2,0.184,31.8,0.159,0.107,0.134,4.5,0.583,0.581,0.109,100.61,0.15,8.48528137423857,5.656854249492381,0.7071067811865476,0.0,0.7071067811865476,0.2361736649163069,0.0,13.435028842544403,2
1626171,Bobby Portis,1610612749,MIL,30.0,4,3,1,0.75,19.4,3.5,9.8,0.359,1.0,3.3,0.308,0.0,0.0,0.0,1.3,4.8,6.0,0.5,1.3,0.3,0.3,0.8,1.8,0.3,8.0,-1.8,115.6,114.3,1.3,0.034,4.3,0.072,0.2,0.146,10.9,0.41,0.41,0.251,101.56,0.056,4.08248290463863,2.8284271247461903,0.5773502691896257,0.5,0.5,0.11421908772179894,0.2056493779875511,3.304037933599835,4
1641716,Jarace Walker,1610612754,IND,22.0,3,0,3,0.0,27.8,3.3,10.7,0.313,1.3,6.0,0.222,0.0,0.0,0.0,1.0,5.0,6.0,3.7,1.7,0.3,0.7,0.0,2.0,1.0,8.0,-10.7,102.2,122.6,-20.4,0.193,22.9,0.031,0.163,0.095,10.4,0.375,0.375,0.18,103.1,0.064,4.358898943540674,1.7320508075688772,0.5773502691896258,0.5773502691896258,0.5773502691896258,0.20376538796697868,0.02886751345948128,2.081665999466133,3
1642274,Yves Missi,1610612740,NOP,21.0,2,0,2,0.0,21.3,2.5,4.0,0.625,0.0,0.0,0.0,3.0,3.5,0.857,3.0,4.0,7.0,2.0,2.0,0.5,0.5,0.0,3.5,2.5,8.0,2.5,117.6,112.1,5.5,0.125,21.1,0.12,0.195,0.154,21.1,0.625,0.722,0.136,102.59,0.106,4.242640687119285,0.0,1.4142135623730951,0.7071067811865476,0.7071067811865476,0.1767766952966369,0.0,2.8284271247461903,2
202685,Jonas Valančiūnas,1610612743,DEN,33.0,3,2,1,0.667,11.7,3.0,6.0,0.5,0.0,0.0,0.0,2.0,3.0,0.667,1.0,3.7,4.7,1.0,0.7,0.0,0.7,1.0,2.0,2.0,8.0,-0.3,130.6,126.7,3.9,0.103,11.1,0.097,0.282,0.2,7.4,0.5,0.546,0.296,100.18,0.113,4.0,2.0816659994661326,1.0,0.0,0.5773502691896258,0.25251336598287233,0.0,1.5275252316519468,3
1642267,Bub Carrington,1610612764,WAS,20.0,4,1,3,0.25,29.7,2.5,7.3,0.345,1.5,2.3,0.667,1.5,2.0,0.75,0.3,3.8,4.0,3.8,1.5,1.5,0.3,1.0,3.3,2.0,8.0,-5.8,110.4,120.2,-9.8,0.156,28.3,0.007,0.121,0.062,11.3,0.448,0.492,0.128,104.58,0.054,3.1622776601683795,1.1547005383792515,1.5,0.5773502691896257,0.5,0.1613471929308554,0.42697257913516334,5.678908345800274,4
1630557,Corey Kispert,1610612764,WAS,26.0,4,1,3,0.25,21.0,3.0,6.3,0.48,1.5,4.5,0.333,0.3,1.0,0.25,0.0,2.8,2.8,1.5,0.5,0.3,0.3,0.0,1.3,1.3,7.8,-1.3,109.8,111.2,-1.4,0.088,17.6,0.0,0.111,0.054,5.9,0.6,0.579,0.129,111.49,0.067,5.737304826019502,2.0615528128088303,1.7320508075688772,0.5,0.5,0.2661570651576496,0.18384232374510498,2.943920288775949,4
1642346,Ryan Dunn,1610612756,PHX,22.0,4,1,3,0.25,20.5,3.5,6.5,0.538,0.8,2.5,0.3,0.0,0.5,0.0,2.8,3.3,6.0,1.5,0.3,0.3,1.3,0.0,3.3,0.5,7.8,-10.8,106.5,126.9,-20.3,0.115,17.6,0.12,0.157,0.137,2.9,0.596,0.577,0.138,100.6,0.096,1.5,3.366501646120693,1.2909944487358056,0.5,1.5,0.13419761547807024,0.2083000640102318,4.123105625617661,4
1631165,Keon Ellis,1610612758,SAC,25.0,4,1,3,0.25,18.7,2.8,5.8,0.478,1.3,3.3,0.385,1.0,1.5,0.667,0.0,2.0,2.0,0.5,0.8,2.0,0.3,0.0,2.8,1.3,7.8,2.3,109.6,101.2,8.3,0.037,6.7,0.0,0.105,0.052,10.0,0.587,0.605,0.162,102.01,0.071,3.5,0.816496580927726,0.5773502691896257,0.816496580927726,0.5,0.21351561223167423,0.11814539065631521,5.909032633745278,4
1630230,Naji Marshall,1610612742,DAL,27.0,4,1,3,0.25,24.0,2.0,4.8,0.421,0.0,0.8,0.0,3.8,4.0,0.938,0.8,3.5,4.3,2.0,0.8,1.3,0.0,1.0,2.3,2.0,7.8,-6.3,105.2,115.9,-10.7,0.125,22.2,0.027,0.139,0.081,8.3,0.421,0.595,0.118,106.47,0.089,3.774917217635375,2.362907813126304,1.8257418583505538,0.9574271077563381,0.0,0.42323939246404435,0.0,1.1547005383792515,4
203935,Marcus Smart,1610612747,LAL,31.0,3,2,1,0.667,24.7,2.3,5.3,0.438,0.3,2.3,0.143,2.7,3.3,0.8,0.3,0.7,1.0,2.0,2.0,1.0,0.0,0.0,2.0,2.3,7.7,11.0,115.0,97.0,18.0,0.118,18.2,0.015,0.022,0.019,18.2,0.469,0.564,0.148,107.02,0.042,4.163331998932266,1.7320508075688772,2.6457513110645907,1.0,0.0,0.07216878364870323,0.5773502691896258,5.291502622129181,3
1627752,Taurean Prince,1610612749,MIL,31.0,4,3,1,0.75,23.9,2.8,4.8,0.579,2.0,3.3,0.615,0.0,0.0,0.0,0.0,1.8,1.8,1.5,1.0,1.3,0.5,0.0,2.5,0.3,7.5,2.5,118.5,114.3,4.2,0.072,20.7,0.0,0.062,0.035,13.8,0.789,0.789,0.1,105.69,0.06,3.3166247903554,1.5,1.2909944487358056,1.2583057392117916,0.5773502691896257,0.25331140255951107,0.18501779193724407,4.856267428111155,4
1631230,Dominick Barlow,1610612755,PHI,22.0,2,2,0,1.0,25.1,2.5,5.0,0.5,0.0,2.0,0.0,2.5,3.0,0.833,3.0,3.0,6.0,2.5,1.5,0.0,0.5,0.5,2.0,2.0,7.5,4.0,115.7,109.3,6.4,0.135,25.0,0.115,0.103,0.109,15.0,0.5,0.593,0.124,102.89,0.08,7.7781745930520225,2.8284271247461903,3.5355339059327378,0.0,0.7071067811865476,0.0,0.0,12.727922061357855,2
1627741,Buddy Hield,1610612744,GSW,32.0,5,4,1,0.8,17.1,2.8,7.0,0.4,1.2,4.8,0.25,0.6,0.6,1.0,0.4,1.2,1.6,1.4,0.8,0.6,0.0,0.2,1.0,0.4,7.4,2.6,122.0,116.3,5.7,0.108,14.9,0.023,0.074,0.048,8.5,0.486,0.509,0.189,103.89,0.058,6.5038450166036395,1.140175425099138,1.3416407864998738,0.5477225575051662,0.0,0.21686101539926442,0.21665594845284078,5.830951894845301,5
1629652,Luguentz Dort,1610612760,OKC,26.0,5,5,0,1.0,36.5,2.4,8.6,0.279,1.0,5.6,0.179,1.6,1.6,1.0,1.6,3.6,5.2,2.0,1.0,1.0,0.0,0.4,3.0,2.4,7.4,7.2,113.0,101.1,12.0,0.071,16.1,0.041,0.091,0.066,8.1,0.337,0.398,0.123,97.95,0.035,3.2093613071762426,2.16794833886788,1.7320508075688772,0.7071067811865476,0.0,0.10645797292828753,0.12627153281717934,7.536577472566709,5
1642271,Kyle Filipowski,1610612762,UTA,21.0,3,2,1,0.667,23.3,3.0,8.0,0.375,1.3,4.3,0.308,0.0,0.0,0.0,2.0,3.3,5.3,3.3,1.0,0.0,0.3,0.7,4.0,0.7,7.3,11.0,128.8,105.0,23.7,0.179,27.0,0.086,0.149,0.117,8.1,0.458,0.458,0.157,95.36,0.054,3.7859388972001824,1.1547005383792517,2.081665999466133,0.0,0.5773502691896258,0.21543521841456964,0.16650025025006218,2.886751345948129,3
1641717,Cason Wallace,1610612760,OKC,21.0,4,4,0,1.0,31.6,2.8,8.8,0.314,1.5,5.3,0.286,0.3,0.5,0.5,0.8,3.3,4.0,4.0,1.5,2.3,0.3,0.5,2.5,0.8,7.3,4.0,111.8,103.1,8.7,0.158,27.6,0.023,0.09,0.058,10.3,0.4,0.404,0.144,97.82,0.06,4.9916597106239795,2.581988897471611,1.1547005383792515,1.5,0.5,0.1547266406710019,0.18672439583514525,7.3484692283495345,4
1642914,Javon Small,1610612763,MEM,22.0,4,2,2,0.5,19.6,2.0,6.0,0.333,1.3,4.3,0.294,2.0,2.5,0.8,0.3,1.5,1.8,5.3,1.3,0.0,0.3,0.5,1.3,1.5,7.3,6.0,119.7,106.8,12.9,0.339,38.9,0.013,0.067,0.042,9.3,0.438,0.511,0.168,108.62,0.078,6.898067362191626,1.2583057392117916,2.217355782608345,0.0,0.5,0.36734225639495016,0.3559806876784189,2.6457513110645907,4
201572,Brook Lopez,1610612746,LAC,37.0,4,2,2,0.5,16.8,2.5,7.0,0.357,2.0,5.8,0.348,0.3,0.5,0.5,0.5,3.3,3.8,0.5,0.8,0.3,1.3,0.3,1.8,1.3,7.3,0.0,106.1,103.7,2.4,0.051,5.9,0.031,0.178,0.109,8.8,0.5,0.502,0.208,95.45,0.077,5.315072906367325,2.217355782608345,0.5773502691896257,0.5,1.5,0.11960211815292683,0.2284139152211762,2.6299556396765835,4
1629013,Landry Shamet,1610612752,NYK,28.0,4,2,2,0.5,18.3,2.0,5.3,0.381,1.8,4.5,0.389,1.3,1.3,1.0,0.5,1.8,2.3,0.8,1.0,0.5,0.0,0.0,1.0,0.8,7.0,-4.8,96.1,107.1,-11.1,0.07,10.0,0.022,0.095,0.054,13.3,0.548,0.603,0.149,100.56,0.078,7.0710678118654755,0.9574271077563381,0.5,0.5773502691896257,0.0,0.24342606680468715,0.28471901353205525,7.724420150837645,4
201599,DeAndre Jordan,1610612740,NOP,37.0,1,0,1,0.0,11.0,3.0,4.0,0.75,0.0,0.0,0.0,1.0,2.0,0.5,1.0,4.0,5.0,0.0,0.0,0.0,0.0,1.0,1.0,3.0,7.0,-5.0,95.0,120.0,-25.0,0.0,0.0,0.071,0.235,0.161,0.0,0.75,0.717,0.167,87.54,0.321,,,,,,,,,1
203903,Jordan Clarkson,1610612752,NYK,33.0,4,2,2,0.5,15.2,2.5,7.5,0.333,1.0,3.3,0.308,1.0,1.3,0.8,1.0,1.0,2.0,1.0,1.0,0.0,0.3,0.3,1.3,1.0,7.0,0.5,109.8,110.0,-0.2,0.114,10.0,0.051,0.074,0.06,10.0,0.4,0.435,0.234,95.68,0.04,2.581988897471611,1.1547005383792515,0.816496580927726,0.0,0.5,0.1666140750356944,0.3437134222963466,1.707825127659933,4
1631212,Peyton Watson,1610612743,DEN,23.0,3,2,1,0.667,20.2,2.3,3.3,0.7,0.7,0.7,1.0,1.7,1.7,1.0,0.7,1.3,2.0,1.0,1.7,0.7,1.0,0.3,1.7,1.7,7.0,6.3,141.9,125.2,16.7,0.052,15.0,0.043,0.066,0.056,25.0,0.8,0.861,0.118,103.16,0.062,5.0,0.0,0.0,0.5773502691896258,1.0,0.4111524453695166,0.5773502691896258,4.509249752822894,3
1642285,Cam Spencer,1610612763,MEM,25.0,4,2,2,0.5,14.2,2.0,5.0,0.4,1.8,3.5,0.5,1.3,1.5,0.833,0.3,2.3,2.5,2.8,1.0,0.3,0.0,0.3,1.3,1.8,7.0,-3.3,105.4,117.3,-11.9,0.297,28.9,0.015,0.161,0.081,10.5,0.575,0.618,0.181,107.96,0.106,3.7416573867739413,2.516611478423583,0.5,0.5,0.0,0.41300474169997936,0.416700031997439,1.707825127659933,4
1627739,Kris Dunn,1610612746,LAC,31.0,4,2,2,0.5,22.8,2.8,5.8,0.478,1.0,2.5,0.4,0.5,0.5,1.0,1.5,1.8,3.3,0.8,1.3,1.0,0.0,0.3,1.8,0.3,7.0,-2.0,106.9,111.8,-4.8,0.05,9.4,0.072,0.077,0.075,15.6,0.565,0.586,0.138,98.83,0.054,5.94418483337567,1.5,0.5,1.4142135623730951,0.0,0.3088941296517843,0.23570231932107358,2.217355782608345,4
1631243,Mouhamed Gueye,1610612737,ATL,22.0,4,1,3,0.25,16.9,2.8,5.5,0.5,1.0,3.0,0.333,0.5,1.5,0.333,1.5,2.0,3.5,1.3,1.0,0.0,1.0,0.0,1.5,1.0,7.0,4.5,121.4,109.4,12.1,0.094,15.2,0.092,0.107,0.1,12.1,0.591,0.568,0.175,99.23,0.073,6.0553007081949835,4.123105625617661,1.5,0.0,0.816496580927726,0.29182914522028125,0.21335943850694772,11.51810169544733,4
1628963,Marvin Bagley III,1610612764,WAS,26.0,4,1,3,0.25,14.6,2.8,3.5,0.786,0.3,0.5,0.5,1.0,2.0,0.5,1.5,2.3,3.8,1.3,0.8,0.8,0.3,0.0,2.8,1.5,6.8,-8.8,103.0,127.0,-24.0,0.132,20.0,0.09,0.134,0.112,12.0,0.821,0.771,0.133,111.88,0.1,6.2915286960589585,2.5,1.2583057392117916,0.9574271077563381,0.5,0.4422269402316718,0.25,3.685557397915997,4
1626204,Larry Nance Jr.,1610612739,CLE,32.0,4,3,1,0.75,15.6,2.8,5.3,0.524,1.0,1.5,0.667,0.3,0.8,0.333,0.8,3.8,4.5,1.3,0.8,0.5,0.3,0.5,2.5,0.8,6.8,-1.0,102.2,105.9,-3.7,0.139,16.7,0.05,0.217,0.14,10.0,0.619,0.605,0.17,104.25,0.117,3.304037933599835,1.2909944487358056,0.5,0.5773502691896257,0.5,0.14090037851853582,0.47871355387816905,2.6299556396765835,4
201143,Al Horford,1610612744,GSW,39.0,3,3,0,1.0,23.2,2.7,6.3,0.421,1.3,3.7,0.364,0.0,0.0,0.0,1.3,2.7,4.0,1.0,1.7,0.7,0.3,0.3,2.3,0.0,6.7,-5.3,109.9,121.1,-11.3,0.064,11.1,0.054,0.136,0.09,18.5,0.526,0.526,0.146,97.74,0.042,5.686240703077327,1.0,1.0,0.5773502691896258,0.5773502691896258,0.2753107335357632,0.38188130791298663,5.196152422706632,3
1630194,Paul Reed,1610612765,DET,26.0,3,1,2,0.333,10.4,3.0,4.7,0.643,0.7,1.0,0.667,0.0,0.0,0.0,2.0,1.7,3.7,0.3,1.7,0.3,1.0,0.0,2.0,1.0,6.7,2.7,112.1,101.5,10.6,0.05,5.0,0.194,0.143,0.167,25.0,0.714,0.714,0.238,101.06,0.133,5.507570547286102,4.725815626252609,0.5773502691896258,0.5773502691896258,1.0,0.21423429541820174,0.5773502691896258,8.18535277187245,3
1642347,Jamal Shead,1610612761,TOR,23.0,4,1,3,0.25,15.9,2.0,5.0,0.4,0.8,2.5,0.3,1.8,2.3,0.778,0.3,0.8,1.0,5.5,1.3,0.8,0.0,0.5,1.3,2.5,6.5,1.3,114.2,113.9,0.3,0.407,43.1,0.014,0.052,0.031,9.8,0.475,0.543,0.169,110.46,0.101,2.516611478423583,1.1547005383792515,1.7320508075688772,0.5,0.0,0.23316285438865827,0.23935677693908453,2.8722813232690143,4
1641796,Pelle Larsson,1610612748,MIA,24.0,4,3,1,0.75,11.8,2.3,4.3,0.529,1.3,2.8,0.455,0.8,1.0,0.75,0.5,1.3,1.8,0.8,0.5,0.5,0.0,0.3,1.0,1.3,6.5,-0.5,116.1,120.0,-3.9,0.077,12.5,0.038,0.1,0.068,8.3,0.676,0.693,0.172,113.2,0.088,7.852812659593164,2.362907813126304,1.5,0.5773502691896257,0.0,0.34641016151377546,0.3437134222963466,12.780193008453876,4
1627751,Jakob Poeltl,1610612761,TOR,30.0,4,1,3,0.25,23.0,3.3,5.5,0.591,0.0,0.0,0.0,0.0,1.3,0.0,2.5,2.8,5.3,2.3,2.0,0.3,0.5,0.3,4.8,1.3,6.5,-7.0,109.7,124.5,-14.8,0.117,22.0,0.106,0.129,0.117,19.5,0.591,0.537,0.139,107.08,0.028,5.259911279353167,2.5,1.2583057392117916,0.5,0.5773502691896257,0.2975078430338714,0.0,3.366501646120693,4
203994,Jusuf Nurkić,1610612762,UTA,31.0,3,2,1,0.667,17.6,3.0,7.3,0.409,0.0,1.7,0.0,0.3,0.7,0.5,2.7,6.7,9.3,2.3,2.0,1.7,0.0,0.7,1.0,1.3,6.3,1.3,101.7,100.0,1.7,0.2,19.4,0.116,0.333,0.217,16.7,0.409,0.415,0.196,109.13,0.142,2.0816659994661326,4.725815626252608,0.5773502691896258,0.5773502691896257,0.0,0.11097747519204067,0.0,0.5773502691896258,3
1629020,Jarred Vanderbilt,1610612747,LAL,26.0,4,2,2,0.5,21.6,2.3,5.5,0.409,0.0,1.0,0.0,1.8,2.0,0.875,1.5,4.3,5.8,1.3,1.8,2.0,0.5,1.0,1.5,1.8,6.3,4.3,114.9,106.4,8.5,0.077,13.2,0.079,0.173,0.132,18.4,0.409,0.49,0.149,104.14,0.093,6.4485140407177015,2.217355782608345,1.5,0.816496580927726,1.0,0.3312948082901391,0.0,7.41057802513857,4
1631222,Jake LaRavia,1610612747,LAL,23.0,4,2,2,0.5,26.3,2.0,5.8,0.348,1.0,3.0,0.333,1.3,2.3,0.556,1.3,2.5,3.8,2.8,1.0,0.5,0.0,0.5,2.0,2.0,6.3,-5.8,107.1,115.4,-8.2,0.143,26.2,0.05,0.084,0.068,9.5,0.435,0.464,0.121,103.15,0.046,3.4034296427770228,2.8722813232690143,2.6299556396765835,0.5773502691896257,0.0,0.2200674139137066,0.23804761428476165,7.32575365861197,4
1630702,Jaden Hardy,1610612742,DAL,23.0,4,1,3,0.25,11.0,2.0,5.0,0.4,1.3,2.8,0.455,1.0,1.3,0.8,0.0,1.0,1.0,0.3,0.3,0.5,0.0,0.3,1.5,1.0,6.3,-1.5,103.0,109.1,-6.1,0.038,4.2,0.0,0.083,0.043,4.2,0.525,0.563,0.213,107.73,0.078,4.425306015783918,0.0,0.5,1.0,0.0,0.20692752354387273,0.23804761428476165,7.118052168020874,4
1629731,Dean Wade,1610612739,CLE,28.0,4,3,1,0.75,24.5,1.8,4.5,0.389,1.3,3.8,0.333,1.5,2.3,0.667,1.0,2.8,3.8,1.0,0.5,0.8,0.3,0.0,2.5,1.8,6.3,-1.3,110.6,108.4,2.2,0.054,14.3,0.038,0.106,0.072,7.1,0.528,0.569,0.098,108.58,0.049,2.6299556396765835,2.6299556396765835,0.816496580927726,0.9574271077563381,0.5,0.3676478160776515,0.44089558476658247,3.696845502136472,4
203500,Steven Adams,1610612745,HOU,32.0,3,1,2,0.333,25.9,1.7,3.0,0.556,0.0,0.0,0.0,3.0,3.3,0.9,5.3,5.0,10.3,1.3,1.7,1.0,0.3,0.0,2.3,3.3,6.3,6.0,116.5,107.1,9.4,0.073,17.4,0.188,0.183,0.186,21.7,0.556,0.709,0.096,96.56,0.129,4.041451884327381,2.5166114784235836,1.5275252316519468,1.7320508075688772,0.5773502691896258,0.5204164998665332,0.0,10.535653752852738,3
1641854,Craig Porter Jr.,1610612739,CLE,25.0,4,3,1,0.75,15.3,2.5,4.3,0.588,0.8,2.0,0.375,0.5,0.8,0.667,1.0,2.0,3.0,1.8,0.8,1.8,0.0,0.0,0.5,1.5,6.3,5.3,122.9,107.7,15.2,0.146,25.0,0.069,0.154,0.109,10.7,0.676,0.682,0.141,102.21,0.139,5.315072906367325,2.943920288775949,0.9574271077563381,1.5,0.0,0.32499999999999996,0.4714045502538133,6.994045086119096,4
1628396,Tony Bradley,1610612754,IND,27.0,3,0,3,0.0,14.0,3.0,3.7,0.818,0.0,0.3,0.0,0.3,1.7,0.2,1.3,0.3,1.7,0.3,0.3,0.7,0.7,0.0,2.7,1.3,6.3,-4.3,101.1,112.9,-11.8,0.043,6.7,0.077,0.024,0.054,6.7,0.818,0.72,0.131,104.8,0.071,5.131601439446884,2.8867513459481287,0.5773502691896258,0.5773502691896258,0.5773502691896258,0.16705188814656757,0.0,9.643650760992955,3
1630544,Tre Mann,1610612766,CHA,24.0,4,2,2,0.5,20.4,2.0,8.3,0.242,1.0,4.5,0.222,1.0,1.3,0.8,0.8,2.5,3.3,3.3,2.0,1.0,0.0,0.0,2.0,1.8,6.0,-4.0,113.2,121.3,-8.1,0.22,23.2,0.034,0.127,0.078,14.3,0.303,0.341,0.205,107.25,0.028,5.163977794943222,1.2583057392117916,2.753785273643051,0.816496580927726,0.0,0.24333858441822714,0.3147309697715389,6.244997998398398,4
1628379,Luke Kennard,1610612737,ATL,29.0,4,1,3,0.25,23.7,2.3,4.8,0.474,0.8,2.5,0.3,0.8,0.8,1.0,0.8,1.8,2.5,2.5,1.8,0.5,0.0,0.5,1.8,0.8,6.0,-3.8,107.0,114.4,-7.5,0.152,27.0,0.028,0.07,0.048,18.9,0.553,0.591,0.118,101.81,0.051,0.816496580927726,1.7320508075688772,0.5773502691896257,0.5773502691896257,0.0,0.313765836253726,0.4385107372307623,4.272001872658765,4
1630568,Luka Garza,1610612738,BOS,26.0,3,1,2,0.333,12.8,2.0,3.7,0.545,1.0,2.3,0.429,1.0,1.7,0.6,1.3,1.7,3.0,0.7,1.3,0.0,0.3,0.0,3.0,1.7,6.0,-0.3,109.9,105.9,4.0,0.077,10.5,0.1,0.114,0.107,21.1,0.682,0.682,0.187,103.7,0.054,8.717797887081348,2.6457513110645907,0.5773502691896258,0.0,0.5773502691896258,0.3664223428413356,0.4330127018922193,6.506407098647712,3
1642261,Dalton Knecht,1610612747,LAL,24.0,3,2,1,0.667,15.0,2.0,5.7,0.353,0.7,3.7,0.182,1.3,1.3,1.0,0.0,1.7,1.7,0.3,1.3,0.7,0.7,0.3,1.0,0.7,6.0,-3.7,104.9,120.4,-15.5,0.03,4.2,0.0,0.082,0.049,16.7,0.412,0.48,0.202,107.02,0.049,8.717797887081348,0.5773502691896257,0.5773502691896258,1.1547005383792517,0.5773502691896258,0.20889311461446816,0.14433756729740646,9.16515138991168,3
1630188,Jalen Smith,1610612741,CHI,25.0,3,3,0,1.0,12.5,2.0,6.3,0.316,0.7,2.7,0.25,1.3,2.0,0.667,1.3,2.3,3.7,0.7,1.3,0.3,0.0,1.0,1.7,1.7,6.0,2.0,111.6,104.7,7.0,0.067,7.4,0.098,0.184,0.139,14.8,0.368,0.416,0.253,109.79,0.038,8.717797887081348,1.1547005383792515,0.5773502691896258,0.5773502691896258,0.0,0.4330127018922193,0.5773502691896258,5.131601439446884,3
1630604,E.J. Liddell,1610612751,BKN,24.0,1,0,1,0.0,5.4,2.0,3.0,0.667,1.0,2.0,0.5,1.0,1.0,1.0,1.0,1.0,2.0,0.0,0.0,0.0,0.0,0.0,0.0,1.0,6.0,2.0,140.0,109.1,30.9,0.0,0.0,0.143,0.2,0.167,0.0,0.833,0.872,0.2,93.05,0.31,,,,,,,,,1
1631213,Tyrese Martin,1610612751,BKN,26.0,4,0,4,0.0,17.5,2.0,6.5,0.308,1.3,4.3,0.294,0.5,0.5,1.0,1.5,1.5,3.0,2.8,1.0,0.5,0.0,0.0,1.0,0.8,5.8,-4.0,117.3,125.5,-8.2,0.208,26.2,0.082,0.103,0.092,9.5,0.404,0.428,0.177,103.59,0.061,3.593976442141304,0.816496580927726,1.707825127659933,1.0,0.0,0.07500000000000001,0.21734668926241626,8.266397845091497,4
1630696,Dru Smith,1610612748,MIA,27.0,4,3,1,0.75,17.0,2.3,5.3,0.429,1.3,2.8,0.455,0.0,0.0,0.0,1.0,0.5,1.5,3.8,1.0,1.8,0.3,0.5,1.5,0.3,5.8,15.3,134.4,97.3,37.1,0.221,37.5,0.068,0.024,0.042,10.0,0.548,0.548,0.14,107.61,0.085,3.304037933599835,1.2909944487358056,2.5,0.9574271077563381,0.5,0.18498017911837653,0.2834412049555722,3.366501646120693,4
1629680,Matisse Thybulle,1610612757,POR,28.0,3,1,2,0.333,14.7,1.7,3.0,0.556,1.0,1.7,0.6,1.3,1.3,1.0,0.0,1.3,1.3,0.7,0.3,2.7,0.0,0.3,2.3,1.7,5.7,9.7,110.9,81.4,29.5,0.065,14.3,0.0,0.1,0.047,7.1,0.722,0.79,0.106,110.56,0.14,4.041451884327381,1.1547005383792517,1.1547005383792517,0.5773502691896258,0.0,0.5,0.5,0.5773502691896257,3
1628971,Bruce Brown,1610612743,DEN,29.0,3,2,1,0.667,18.1,2.3,4.3,0.538,0.7,1.3,0.5,0.3,0.7,0.5,1.3,3.0,4.3,2.0,1.0,0.7,0.3,0.7,3.0,0.3,5.7,4.7,129.3,115.3,14.1,0.133,26.1,0.082,0.143,0.116,13.0,0.615,0.612,0.13,103.46,0.069,4.725815626252608,1.1547005383792517,1.7320508075688772,0.5773502691896258,0.5773502691896258,0.24075506225207396,0.2886751345948129,4.58257569495584,3
1641740,Jaylen Clark,1610612750,MIN,24.0,3,2,1,0.667,15.1,2.0,4.7,0.429,0.3,1.3,0.25,1.3,1.3,1.0,1.7,1.3,3.0,1.3,0.3,1.0,0.0,0.0,3.3,1.0,5.7,-1.7,110.3,113.1,-2.8,0.125,19.0,0.104,0.085,0.095,4.8,0.464,0.539,0.143,103.93,0.071,3.511884584284246,1.0,1.5275252316519468,1.0,0.0,0.20816659994661327,0.5773502691896258,1.5275252316519468,3
1642345,Oso Ighodaro,1610612756,PHX,23.0,4,1,3,0.25,19.1,2.5,5.3,0.476,0.0,0.0,0.0,0.5,1.5,0.333,0.5,2.5,3.0,1.0,1.3,0.0,0.5,0.5,3.0,2.0,5.5,-6.8,97.0,114.8,-17.9,0.075,12.9,0.022,0.122,0.069,16.1,0.476,0.465,0.138,102.67,0.022,3.1091263510296048,2.449489742783178,0.0,0.0,0.5773502691896257,0.1462608970299307,0.0,4.193248541803041,4
1641765,Olivier-Maxence Prosper,1610612763,MEM,23.0,4,2,2,0.5,8.9,1.5,2.5,0.6,0.0,0.5,0.0,2.5,2.5,1.0,1.0,1.8,2.8,0.3,0.8,0.0,0.0,0.0,0.5,1.3,5.5,-7.0,100.0,126.4,-26.4,0.053,5.3,0.118,0.194,0.157,15.8,0.6,0.764,0.196,120.47,0.128,4.43471156521669,2.217355782608345,0.5,0.0,0.0,0.41635992042142256,0.0,8.421203397773187,4
1631200,Kris Murray,1610612757,POR,25.0,4,2,2,0.5,21.7,2.3,4.3,0.529,0.5,1.5,0.333,0.5,0.5,1.0,1.0,1.3,2.3,0.5,0.5,1.3,0.3,0.3,1.3,0.5,5.5,4.0,115.0,106.2,8.8,0.03,9.1,0.04,0.06,0.049,9.1,0.588,0.615,0.086,107.08,0.061,5.802298395176403,2.217355782608345,0.5773502691896257,0.9574271077563381,0.5,0.39845284120792346,0.47871355387816905,4.242640687119285,4
1630545,Terrence Shannon Jr.,1610612750,MIN,25.0,4,2,2,0.5,18.5,2.0,5.3,0.381,1.0,1.8,0.571,0.5,0.8,0.667,0.5,3.0,3.5,1.5,1.5,0.8,0.0,1.0,1.8,1.5,5.5,-5.8,108.6,125.8,-17.2,0.107,17.6,0.025,0.185,0.097,17.6,0.476,0.493,0.147,104.58,0.055,4.795831523312719,1.2909944487358056,2.3804761428476167,0.5,0.0,0.2370617008291301,0.5000555802441697,7.88986691902975,4
203078,Bradley Beal,1610612746,LAC,32.0,2,1,1,0.5,20.2,2.0,4.5,0.444,0.5,2.0,0.25,1.0,1.0,1.0,0.5,0.5,1.0,1.0,1.0,0.5,0.0,0.5,2.5,3.5,5.5,-3.5,127.3,131.3,-4.0,0.059,14.3,0.036,0.025,0.029,14.3,0.5,0.557,0.145,93.46,0.017,0.7071067811865476,0.0,1.4142135623730951,0.7071067811865476,0.0,0.07071067811865474,0.1767766952966369,0.0,2
1642954,Will Richard,1610612744,GSW,22.0,5,4,1,0.8,14.1,2.0,3.4,0.588,0.8,2.2,0.364,0.6,0.8,0.75,0.6,1.4,2.0,1.4,0.8,1.2,0.0,0.0,2.0,0.6,5.4,-7.0,97.5,123.7,-26.2,0.184,23.3,0.037,0.146,0.077,13.3,0.706,0.72,0.13,104.94,0.089,1.1401754250991378,1.8708286933869707,1.140175425099138,0.4472135954999579,0.0,0.22804977526847073,0.37269665949670117,7.395944834840239,5
1628366,Lonzo Ball,1610612739,CLE,28.0,3,2,1,0.667,23.0,1.7,6.0,0.278,1.0,4.3,0.231,1.0,1.7,0.6,1.3,2.7,4.0,6.3,3.0,1.0,0.0,0.3,0.3,1.7,5.3,-2.7,103.8,113.0,-9.2,0.38,39.6,0.05,0.127,0.084,18.8,0.361,0.396,0.16,109.03,0.086,4.932882862316247,2.0,1.5275252316519465,1.0,0.0,0.297117821747535,0.25751957854371643,0.5773502691896258,3
1641726,Dereck Lively II,1610612742,DAL,21.0,3,1,2,0.333,16.9,2.3,3.0,0.778,0.0,0.0,0.0,0.7,1.3,0.5,1.3,3.7,5.0,3.0,1.7,0.7,1.3,0.3,3.0,1.0,5.3,5.0,110.9,99.2,11.8,0.209,36.0,0.078,0.193,0.139,20.0,0.778,0.743,0.122,112.39,0.11,2.309401076758503,2.6457513110645907,1.0,1.1547005383792517,1.5275252316519468,0.2516611478423583,0.0,5.859465277082315,3
1642281,Jaylon Tyson,1610612739,CLE,22.0,4,3,1,0.75,21.3,1.8,4.3,0.412,1.0,2.5,0.4,0.8,1.0,0.75,0.5,1.5,2.0,1.0,1.3,0.8,0.5,0.0,3.8,0.5,5.3,-4.3,104.8,112.8,-7.9,0.067,14.3,0.024,0.068,0.047,17.9,0.529,0.56,0.115,105.29,0.014,2.0615528128088303,1.632993161855452,0.0,1.5,0.5773502691896257,0.3145764348029479,0.28476774161879126,5.446711546122731,4
1631104,Blake Wesley,1610612757,POR,22.0,4,2,2,0.5,17.2,2.0,5.5,0.364,0.0,1.0,0.0,1.3,2.0,0.625,0.5,2.5,3.0,3.5,1.5,1.5,0.0,0.8,2.8,2.5,5.3,-2.3,106.0,107.7,-1.7,0.311,31.1,0.024,0.152,0.08,13.3,0.364,0.411,0.168,107.03,0.069,1.5,2.160246899469287,0.5773502691896257,1.0,0.0,0.09281657538751723,0.0,2.160246899469287,4
1628988,Aaron Holiday,1610612745,HOU,29.0,1,1,0,1.0,7.2,2.0,3.0,0.667,1.0,2.0,0.5,0.0,0.0,0.0,0.0,0.0,0.0,0.0,0.0,0.0,0.0,0.0,0.0,0.0,5.0,-1.0,130.8,138.5,-7.7,0.0,0.0,0.0,0.0,0.0,0.0,0.833,0.833,0.214,86.27,0.129,,,,,,,,,1
1641722,Jordan Hawkins,1610612740,NOP,23.0,3,0,3,0.0,16.6,1.7,4.7,0.357,1.0,2.7,0.375,0.7,0.7,1.0,0.7,1.7,2.3,1.0,0.3,0.0,0.0,0.0,0.3,0.7,5.0,-0.7,112.1,115.3,-3.2,0.094,15.8,0.039,0.078,0.061,5.3,0.464,0.504,0.139,94.77,0.074,4.358898943540674,1.5275252316519465,0.0,0.0,0.0,0.5016775192624574,0.5204164998665332,1.5275252316519468,3
1630700,Dyson Daniels,1610612737,ATL,22.0,4,1,3,0.25,29.0,2.0,6.3,0.32,0.3,0.5,0.5,0.8,1.5,0.5,1.0,4.8,5.8,2.3,2.0,2.0,0.5,0.5,3.8,1.5,5.0,-5.0,111.0,118.0,-6.9,0.096,20.0,0.033,0.167,0.098,17.8,0.34,0.362,0.13,105.63,0.031,2.581988897471611,2.753785273643051,1.2583057392117916,0.816496580927726,0.5773502691896257,0.1629036013516378,0.5,4.96655480858378,4
1630214,Xavier Tillman,1610612738,BOS,26.0,3,1,2,0.333,12.0,2.3,4.3,0.538,0.3,1.3,0.25,0.0,0.0,0.0,1.7,1.7,3.3,0.7,0.3,0.7,0.3,0.3,2.0,0.3,5.0,-0.3,124.7,124.3,0.3,0.077,12.5,0.152,0.135,0.143,6.3,0.577,0.577,0.171,98.29,0.086,1.7320508075688772,3.511884584284246,0.5773502691896258,1.1547005383792517,0.5773502691896258,0.4330127018922193,0.5773502691896258,4.725815626252608,3
1630208,Nick Richards,1610612756,PHX,27.0,4,1,3,0.25,9.6,1.8,3.3,0.538,0.0,0.0,0.0,1.5,1.5,1.0,2.3,2.3,4.5,0.0,1.0,0.3,0.8,0.3,1.8,1.8,5.0,-4.5,111.4,130.9,-19.5,0.0,0.0,0.225,0.209,0.217,20.0,0.538,0.639,0.206,99.65,0.107,2.581988897471611,3.872983346207417,0.0,0.5,1.5,0.38509262954948037,0.0,4.112987559751022,4
1642275,Tidjane Salaün,1610612766,CHA,20.0,4,2,2,0.5,15.5,1.5,3.3,0.462,1.0,2.0,0.5,1.0,1.5,0.667,1.0,4.5,5.5,1.0,0.3,0.5,0.3,0.0,1.8,0.8,5.0,5.0,135.0,117.0,18.0,0.07,19.0,0.07,0.29,0.185,4.8,0.615,0.639,0.105,107.8,0.095,3.366501646120693,1.2909944487358056,0.0,1.0,0.5,0.4097888684025796,0.416700031997439,1.707825127659933,4
1631126,Caleb Love,1610612757,POR,24.0,1,1,0,1.0,11.2,2.0,10.0,0.2,1.0,5.0,0.2,0.0,0.0,0.0,0.0,4.0,4.0,1.0,0.0,0.0,0.0,0.0,0.0,0.0,5.0,5.0,103.7,85.2,18.5,0.111,9.1,0.0,0.267,0.121,0.0,0.25,0.25,0.278,116.23,0.051,,,,,,,,,1
1630538,Bones Hyland,1610612750,MIN,25.0,4,2,2,0.5,14.6,2.0,4.8,0.421,0.8,2.8,0.273,0.3,0.5,0.5,0.0,1.3,1.3,1.5,1.5,0.8,0.0,0.5,1.8,0.5,5.0,-0.8,105.9,104.9,1.0,0.162,18.8,0.0,0.082,0.04,18.8,0.5,0.503,0.188,99.48,0.045,2.943920288775949,0.9574271077563381,0.5773502691896257,0.9574271077563381,0.0,0.20903667939702192,0.2114369488366055,4.716990566028302,4
1641707,Taylor Hendricks,1610612762,UTA,21.0,3,2,1,0.667,18.1,1.7,4.3,0.385,0.7,2.0,0.333,1.0,1.3,0.75,2.0,3.0,5.0,0.3,0.7,0.7,0.3,0.7,0.7,0.7,5.0,-2.7,105.9,114.7,-8.7,0.024,5.6,0.094,0.148,0.12,11.1,0.462,0.508,0.12,103.33,0.071,7.0,1.7320508075688772,0.5773502691896258,0.5773502691896258,0.5773502691896258,0.33350012493750786,0.38509262954948037,1.1547005383792515,3
1642278,Tyler Kolek,1610612752,NYK,24.0,4,2,2,0.5,12.0,2.0,4.8,0.421,0.8,2.8,0.273,0.0,0.0,0.0,0.5,0.3,0.8,2.0,1.0,0.3,0.0,0.3,1.8,1.3,4.8,-0.8,107.5,110.8,-3.2,0.32,25.8,0.036,0.023,0.03,12.9,0.5,0.5,0.195,93.14,0.051,2.0615528128088303,0.5,1.632993161855452,0.5,0.0,0.08178579746304773,0.15760076141948046,1.8257418583505538,4
1641730,Noah Clowney,1610612751,BKN,21.0,4,0,4,0.0,20.0,1.5,6.0,0.25,1.0,4.3,0.235,0.8,0.8,1.0,1.3,2.3,3.5,2.0,1.3,0.3,0.0,1.3,1.3,1.0,4.8,-7.3,107.7,124.9,-17.2,0.154,21.1,0.057,0.129,0.089,13.2,0.333,0.375,0.152,101.49,0.036,2.0615528128088303,1.2909944487358056,0.816496580927726,0.5,0.0,0.15760076141948046,0.16020611723651504,3.265986323710904,4
1629048,Goga Bitadze,1610612753,ORL,26.0,4,1,3,0.25,16.6,1.8,2.8,0.636,0.0,0.5,0.0,1.3,2.3,0.556,1.8,4.5,6.3,2.0,0.8,0.5,0.8,0.0,1.5,1.3,4.8,1.5,114.1,109.3,4.8,0.143,30.8,0.095,0.247,0.17,11.5,0.636,0.635,0.104,108.02,0.114,2.362907813126304,2.753785273643051,1.632993161855452,0.5773502691896257,0.9574271077563381,0.27547111161305704,0.0,2.0615528128088303,4
201144,Mike Conley,1610612750,MIN,38.0,4,2,2,0.5,18.0,1.3,5.0,0.25,0.8,2.5,0.3,1.5,1.5,1.0,0.8,1.3,2.0,2.3,1.3,0.5,0.3,0.0,2.5,1.0,4.8,-4.0,103.9,118.1,-14.2,0.184,25.0,0.035,0.075,0.053,13.9,0.325,0.42,0.146,100.91,0.028,4.272001872658765,0.816496580927726,2.0615528128088303,0.5773502691896257,0.5,0.1559580606017742,0.2083000640102318,8.286535263104035,4
1642450,Daniss Jenkins,1610612765,DET,24.0,3,2,1,0.667,12.7,1.7,3.0,0.556,0.7,1.0,0.667,0.7,0.7,1.0,0.0,0.0,0.0,2.0,1.3,1.3,0.0,0.0,1.3,0.7,4.7,0.7,104.9,102.4,2.4,0.261,30.0,0.0,0.0,0.0,20.0,0.667,0.709,0.143,103.7,0.102,4.509249752822894,0.0,2.6457513110645907,1.5275252316519468,0.0,0.33350012493750786,0.5,8.736894948054104,3
203991,Clint Capela,1610612745,HOU,31.0,3,1,2,0.333,8.5,2.0,2.0,1.0,0.0,0.0,0.0,0.7,0.7,1.0,0.7,1.0,1.7,0.0,0.3,0.3,0.7,0.0,1.0,0.3,4.7,4.3,140.7,121.2,19.6,0.0,0.0,0.091,0.125,0.109,12.5,1.0,1.017,0.127,99.67,0.118,3.0550504633038935,2.0816659994661326,0.0,0.5773502691896258,1.1547005383792517,0.0,0.0,5.033222956847166,3
1642419,Jamison Battle,1610612761,TOR,24.0,3,1,2,0.333,8.8,1.7,2.7,0.625,1.3,2.0,0.667,0.0,0.0,0.0,0.3,1.7,2.0,0.0,0.7,0.3,0.0,0.0,0.7,0.3,4.7,4.3,121.3,105.2,16.1,0.0,0.0,0.033,0.167,0.1,20.0,0.875,0.875,0.141,108.04,0.111,3.7859388972001824,1.0,0.0,0.5773502691896258,0.0,0.34707780107635805,0.5773502691896258,2.0,3
1641763,Julian Phillips,1610612741,CHI,21.0,2,2,0,1.0,9.7,2.0,4.0,0.5,0.5,1.5,0.333,0.0,0.0,0.0,0.5,0.5,1.0,0.0,0.0,1.0,0.5,0.0,1.0,0.5,4.5,3.0,111.1,97.8,13.3,0.0,0.0,0.045,0.042,0.043,0.0,0.563,0.563,0.151,111.63,0.092,0.7071067811865476,1.4142135623730951,0.0,1.4142135623730951,0.7071067811865476,0.0,0.3535533905932738,0.0,2
1631133,Jabari Walker,1610612755,PHI,23.0,4,4,0,1.0,13.5,2.0,4.5,0.444,0.0,1.3,0.0,0.5,0.5,1.0,1.8,2.0,3.8,0.0,0.5,0.3,0.8,1.0,3.3,0.8,4.5,0.0,127.9,130.3,-2.3,0.0,0.0,0.135,0.157,0.146,9.5,0.444,0.477,0.16,97.74,0.031,3.415650255319866,1.2583057392117916,0.0,0.5,0.9574271077563381,0.45643546458763845,0.0,5.446711546122731,4
1642348,Justin Edwards,1610612755,PHI,21.0,4,4,0,1.0,11.5,1.5,3.3,0.462,1.3,2.8,0.455,0.0,0.0,0.0,0.0,0.5,0.5,0.3,0.5,0.0,0.0,0.0,2.0,0.0,4.3,-6.0,112.5,133.0,-20.5,0.029,6.3,0.0,0.05,0.022,12.5,0.654,0.654,0.126,109.88,0.013,3.774917217635375,0.5773502691896257,0.5,0.0,0.0,0.24944388146434862,0.24568882758481306,8.05708797684788,4
203083,Andre Drummond,1610612755,PHI,32.0,4,4,0,1.0,13.4,2.0,3.5,0.571,0.0,0.5,0.0,0.3,1.3,0.2,3.5,4.0,7.5,0.8,0.0,0.8,0.8,0.3,2.0,0.8,4.3,0.0,121.1,119.0,2.1,0.071,15.8,0.215,0.302,0.254,0.0,0.571,0.525,0.113,103.35,0.121,3.095695936834452,5.196152422706632,0.9574271077563381,0.9574271077563381,0.9574271077563381,0.3145764348029479,0.0,8.34665601703261,4
1631119,Jaylin Williams,1610612760,OKC,23.0,5,5,0,1.0,16.0,1.6,4.6,0.348,0.6,3.6,0.167,0.4,0.4,1.0,0.4,3.0,3.4,1.6,1.2,0.8,0.4,0.0,1.8,1.0,4.2,1.8,99.4,90.2,9.2,0.151,21.1,0.025,0.147,0.094,15.8,0.413,0.44,0.166,102.13,0.078,1.9235384061671346,2.701851217221259,1.51657508881031,0.8366600265340756,0.5477225575051662,0.20984827852522403,0.20466509228493265,2.0,5
1631245,Quenton Jackson,1610612754,IND,27.0,1,0,1,0.0,9.9,1.0,2.0,0.5,1.0,1.0,1.0,1.0,2.0,0.5,0.0,2.0,2.0,0.0,1.0,0.0,0.0,0.0,1.0,2.0,4.0,-4.0,90.9,114.3,-23.4,0.0,0.0,0.0,0.143,0.091,25.0,0.75,0.694,0.174,104.77,0.056,,,,,,,,,1
1630164,James Wiseman,1610612754,IND,24.0,1,0,1,0.0,19.9,2.0,3.0,0.667,0.0,0.0,0.0,0.0,0.0,0.0,4.0,0.0,4.0,0.0,3.0,0.0,1.0,0.0,2.0,0.0,4.0,-15.0,55.8,95.1,-39.3,0.0,0.0,0.143,0.0,0.075,50.0,0.667,0.667,0.122,101.56,0.011,,,,,,,,,1
1629750,Javonte Green,1610612765,DET,32.0,4,2,2,0.5,15.8,1.5,5.5,0.273,0.5,2.0,0.25,0.5,0.8,0.667,1.0,1.5,2.5,1.0,0.5,0.8,0.3,1.0,0.8,0.8,4.0,-6.0,94.2,108.4,-14.1,0.114,13.8,0.052,0.078,0.065,6.9,0.318,0.343,0.145,107.17,0.051,3.559026084010437,1.7320508075688772,0.816496580927726,0.5,0.5,0.15736263851372093,0.2362907813126304,4.242640687119285,4
1630256,Jae'Sean Tate,1610612745,HOU,30.0,1,1,0,1.0,7.2,2.0,3.0,0.667,0.0,0.0,0.0,0.0,0.0,0.0,0.0,1.0,1.0,0.0,0.0,1.0,0.0,0.0,3.0,0.0,4.0,-1.0,130.8,138.5,-7.7,0.0,0.0,0.0,0.125,0.077,0.0,0.667,0.667,0.214,86.27,0.065,,,,,,,,,1
1630587,Isaiah Livers,1610612756,PHX,27.0,2,0,2,0.0,13.0,1.0,3.0,0.333,1.0,3.0,0.333,1.0,1.0,1.0,0.0,0.5,0.5,0.0,0.0,1.0,1.0,0.0,1.5,1.0,4.0,-1.0,111.7,116.9,-5.3,0.0,0.0,0.0,0.032,0.016,0.0,0.5,0.581,0.099,109.8,0.042,1.4142135623730951,0.7071067811865476,0.0,1.4142135623730951,1.4142135623730951,0.0,0.0,11.313708498984761,2
1630534,Ochai Agbaji,1610612761,TOR,25.0,4,1,3,0.25,16.5,1.5,3.8,0.4,0.3,1.8,0.143,0.8,1.0,0.75,0.3,1.8,2.0,1.0,0.3,1.0,0.0,0.5,2.0,1.0,4.0,2.0,111.2,105.2,6.0,0.071,18.2,0.014,0.108,0.058,4.5,0.433,0.477,0.102,111.08,0.043,0.816496580927726,1.1547005383792515,0.816496580927726,0.816496580927726,0.0,0.3403429642777023,0.125,5.259911279353167,4
1642879,Ben Saraf,1610612751,BKN,19.0,4,0,4,0.0,19.6,1.3,5.3,0.238,0.5,2.5,0.2,1.0,1.5,0.667,0.3,2.0,2.3,3.8,1.3,0.5,0.0,1.0,2.3,1.0,4.0,-8.5,121.6,142.6,-21.0,0.221,34.1,0.012,0.125,0.062,11.4,0.286,0.338,0.158,99.14,0.024,3.6514837167011076,3.2015621187164243,1.8929694486000912,0.5773502691896257,0.0,0.2049162430522936,0.20000000000000004,4.203173404306164,4
1629614,Andrew Nembhard,1610612754,IND,25.0,1,0,1,0.0,16.9,0.0,5.0,0.0,0.0,2.0,0.0,4.0,4.0,1.0,0.0,1.0,1.0,4.0,2.0,0.0,0.0,0.0,2.0,2.0,4.0,-3.0,84.2,97.2,-13.0,0.444,30.8,0.0,0.053,0.026,15.4,0.0,0.296,0.214,105.34,0.0,,,,,,,,,1
1629637,Jaxson Hayes,1610612747,LAL,25.0,1,0,1,0.0,14.1,2.0,3.0,0.667,0.0,0.0,0.0,0.0,0.0,0.0,2.0,4.0,6.0,1.0,1.0,0.0,0.0,1.0,2.0,0.0,4.0,-6.0,100.0,125.0,-25.0,0.111,20.0,0.125,0.364,0.222,20.0,0.667,0.667,0.111,96.91,0.115,,,,,,,,,1
1630643,Jay Huff,1610612754,IND,28.0,3,0,3,0.0,12.6,1.7,3.7,0.455,0.7,2.3,0.286,0.0,0.0,0.0,0.7,1.0,1.7,0.0,0.7,0.0,0.7,0.0,1.7,0.0,4.0,-4.3,91.7,108.4,-16.8,0.0,0.0,0.041,0.064,0.052,15.4,0.545,0.545,0.134,106.31,0.031,1.7320508075688772,1.5275252316519468,0.0,0.0,1.1547005383792517,0.05773502691896257,0.25,3.055050463303893,3
1628418,Thomas Bryant,1610612739,CLE,28.0,1,1,0,1.0,6.8,2.0,4.0,0.5,0.0,2.0,0.0,0.0,0.0,0.0,1.0,1.0,2.0,0.0,0.0,0.0,0.0,0.0,3.0,0.0,4.0,-12.0,53.3,133.3,-80.0,0.0,0.0,0.1,0.125,0.111,0.0,0.5,0.5,0.235,105.62,0.026,,,,,,,,,1
201569,Eric Gordon,1610612755,PHI,36.0,2,2,0,1.0,7.8,1.5,2.0,0.75,1.0,1.5,0.667,0.0,0.0,0.0,0.0,0.0,0.0,0.0,0.5,0.5,0.0,0.0,0.5,0.0,4.0,-3.0,135.3,152.9,-17.6,0.0,0.0,0.0,0.0,0.0,20.0,1.0,1.0,0.122,105.29,0.062,5.656854249492381,0.0,0.0,0.7071067811865476,0.0,0.5303300858899106,0.4716402230514272,4.242640687119285,2
1626192,Pat Connaughton,1610612766,CHA,32.0,1,1,0,1.0,2.4,2.0,2.0,1.0,0.0,0.0,0.0,0.0,1.0,0.0,0.0,0.0,0.0,1.0,0.0,0.0,0.0,0.0,0.0,1.0,4.0,7.0,180.0,50.0,130.0,0.5,33.3,0.0,0.0,0.0,0.0,1.0,0.82,0.4,91.91,0.364,,,,,,,,,1
1629723,John Konchar,1610612763,MEM,29.0,4,2,2,0.5,15.2,1.5,3.0,0.5,0.5,1.8,0.286,0.3,0.3,1.0,0.3,3.0,3.3,1.3,0.5,1.3,0.8,0.0,1.0,0.3,3.8,5.3,122.6,108.9,13.7,0.098,26.3,0.015,0.176,0.096,10.5,0.583,0.603,0.087,107.6,0.094,3.774917217635375,1.707825127659933,0.5,1.2583057392117916,0.9574271077563381,0.45220450757004477,0.4732423621500228,8.812869377601524,4
1642366,Quinten Post,1610612744,GSW,25.0,5,4,1,0.8,13.3,1.4,3.4,0.412,1.0,2.4,0.417,0.0,0.0,0.0,0.8,2.8,3.6,0.8,0.6,0.2,0.6,0.0,0.8,0.2,3.8,5.8,120.3,98.6,21.7,0.073,16.7,0.073,0.173,0.132,12.5,0.559,0.559,0.131,99.67,0.086,5.0199601592044525,2.9664793948382653,0.8366600265340756,0.44721359549995804,0.8944271909999157,0.2369117979333237,0.2943776486080422,7.893034904268447,5
1629216,Gabe Vincent,1610612747,LAL,29.0,3,2,1,0.667,23.9,1.0,4.3,0.231,0.7,3.3,0.2,1.0,1.0,1.0,0.3,0.7,1.0,2.3,0.7,1.0,0.0,1.0,2.3,1.3,3.7,-0.3,120.3,124.2,-3.9,0.111,30.4,0.017,0.03,0.024,8.7,0.308,0.384,0.096,101.06,0.013,1.1547005383792515,1.0,2.3094010767585034,0.0,0.0,0.20207259421636903,0.17333878196564476,5.0,3
1628404,Josh Hart,1610612752,NYK,30.0,3,1,2,0.333,24.6,1.3,6.0,0.222,0.3,3.0,0.111,0.7,1.3,0.5,3.3,4.3,7.7,4.0,1.7,1.0,0.0,0.7,1.3,2.3,3.7,-6.0,105.2,117.0,-11.8,0.231,32.4,0.119,0.2,0.154,13.5,0.25,0.278,0.133,99.33,0.071,2.081665999466133,5.507570547286102,1.0,1.0,0.0,0.1421560175769332,0.14433756729740646,5.131601439446884,3
1642863,Khaman Maluach,1610612756,PHX,19.0,2,0,2,0.0,8.7,0.5,1.5,0.333,0.0,0.5,0.0,2.5,3.0,0.833,0.5,0.5,1.0,0.5,0.5,0.0,0.5,0.5,2.0,2.5,3.5,-1.0,114.6,128.9,-14.3,0.071,12.5,0.05,0.125,0.071,12.5,0.333,0.621,0.14,108.86,0.022,3.5355339059327378,1.4142135623730951,0.7071067811865476,0.0,0.7071067811865476,0.23546655813512035,0.0,5.656854249492381,2
1642849,Nolan Traore,1610612751,BKN,19.0,2,0,2,0.0,14.8,1.0,4.0,0.25,1.0,2.5,0.4,0.5,1.0,0.5,0.0,0.5,0.5,2.0,1.0,1.0,0.0,0.0,2.5,0.5,3.5,-11.0,92.3,134.4,-42.1,0.211,26.7,0.0,0.04,0.016,13.3,0.375,0.394,0.143,102.38,0.0,0.7071067811865476,0.7071067811865476,1.4142135623730951,1.4142135623730951,0.0,0.09404520189781083,0.11808683245815342,8.48528137423857,2
1642357,David Jones Garcia,1610612759,SAS,23.0,2,2,0,1.0,3.1,1.5,2.0,0.75,0.0,0.0,0.0,0.5,0.5,1.0,0.5,0.0,0.5,1.0,0.0,0.0,0.0,0.0,1.0,0.5,3.5,2.0,107.1,84.6,22.5,0.667,33.3,0.25,0.0,0.111,0.0,0.75,0.788,0.235,103.96,0.333,2.1213203435596424,0.7071067811865476,1.4142135623730951,0.0,0.0,0.3535533905932738,0.0,1.4142135623730951,2
1642352,Keshad Johnson,1610612748,MIA,24.0,2,2,0,1.0,5.2,1.5,3.5,0.429,0.5,1.5,0.333,0.0,0.0,0.0,0.0,1.5,1.5,0.0,0.0,0.5,0.0,0.5,0.0,0.0,3.5,-5.0,100.0,142.3,-42.3,0.0,0.0,0.0,0.3,0.12,0.0,0.5,0.5,0.233,122.7,0.113,2.1213203435596424,2.1213203435596424,0.0,0.7071067811865476,0.0,0.07071067811865474,0.23546655813512035,3.5355339059327378,2
1642860,Will Riley,1610612764,WAS,19.0,3,1,2,0.333,5.8,1.0,2.0,0.5,0.3,1.0,0.333,1.0,1.3,0.75,0.0,1.7,1.7,0.3,0.0,0.7,0.0,0.0,0.0,0.7,3.3,0.0,94.9,92.5,2.4,0.1,11.1,0.0,0.25,0.116,0.0,0.583,0.644,0.19,108.97,0.237,1.5275252316519465,1.1547005383792517,0.5773502691896258,0.5773502691896258,0.0,0.5033222956847166,0.19225763964014542,2.8867513459481287,3
1642949,Yanic Konan Niederhäuser,1610612746,LAC,22.0,3,1,2,0.333,4.4,1.3,1.3,1.0,0.0,0.0,0.0,0.7,1.3,0.5,0.7,0.3,1.0,0.7,0.0,0.0,0.0,0.0,0.3,0.7,3.3,3.7,120.0,76.0,44.0,0.333,25.0,0.222,0.063,0.12,0.0,1.0,0.868,0.207,90.68,0.293,3.055050463303893,0.0,1.1547005383792517,0.0,0.0,0.5773502691896258,0.0,0.5773502691896258,3
1630171,Isaac Okoro,1610612741,CHI,24.0,3,3,0,1.0,22.8,1.3,5.3,0.25,0.3,2.3,0.143,0.3,0.3,1.0,1.0,2.0,3.0,1.7,1.3,0.0,0.3,1.0,3.7,1.7,3.3,3.7,112.4,106.6,5.8,0.083,20.0,0.047,0.073,0.062,16.0,0.281,0.304,0.119,106.68,-0.013,5.773502691896257,2.6457513110645907,2.0816659994661326,0.0,0.5773502691896258,0.2886751345948129,0.14433756729740646,1.0,3
1642948,Ryan Nembhard,1610612742,DAL,22.0,3,1,2,0.333,9.2,1.3,3.0,0.444,0.0,0.7,0.0,0.7,0.7,1.0,0.3,0.0,0.3,1.7,1.7,0.0,0.0,0.3,0.7,0.7,3.3,-8.3,88.9,126.6,-37.7,0.333,25.0,0.032,0.0,0.018,25.0,0.444,0.506,0.211,111.04,0.032,4.163331998932265,0.5773502691896258,2.8867513459481287,0.0,0.0,0.30138568866708537,0.0,7.023769168568492,3
1627780,Gary Payton II,1610612744,GSW,32.0,5,4,1,0.8,9.3,1.6,3.0,0.533,0.0,0.8,0.0,0.0,0.0,0.0,0.8,1.0,1.8,0.6,0.6,0.4,0.4,0.2,1.2,0.0,3.2,-3.0,115.0,125.0,-10.0,0.094,14.3,0.078,0.109,0.093,14.3,0.533,0.533,0.151,105.45,0.06,3.0331501776206204,2.4899799195977463,0.5477225575051662,0.5477225575051662,0.5477225575051662,0.32803627848151184,0.0,3.1144823004794873,5
1642266,Ja'Kobe Walter,1610612761,TOR,21.0,1,0,1,0.0,10.5,1.0,2.0,0.5,1.0,2.0,0.5,0.0,0.0,0.0,0.0,1.0,1.0,1.0,1.0,0.0,1.0,0.0,3.0,1.0,3.0,-10.0,100.0,142.9,-42.9,0.143,25.0,0.0,0.125,0.059,25.0,0.75,0.75,0.15,93.86,0.011,,,,,,,,,1
1631120,JD Davison,1610612745,HOU,23.0,1,1,0,1.0,7.2,1.0,3.0,0.333,1.0,3.0,0.333,0.0,0.0,0.0,0.0,0.0,0.0,1.0,0.0,1.0,0.0,0.0,0.0,0.0,3.0,-1.0,130.8,138.5,-7.7,0.167,25.0,0.0,0.0,0.0,0.0,0.5,0.5,0.214,86.27,0.097,,,,,,,,,1
1630543,Isaiah Jackson,1610612754,IND,23.0,3,0,3,0.0,11.7,1.0,3.3,0.3,0.0,0.0,0.0,1.0,1.0,1.0,2.0,1.0,3.0,0.7,1.3,0.0,0.3,0.0,3.3,1.3,3.0,-1.0,113.3,115.8,-2.5,0.08,11.8,0.146,0.083,0.117,23.5,0.3,0.398,0.167,103.25,-0.028,3.0,2.0,1.1547005383792517,0.0,0.5773502691896258,0.25,0.0,3.511884584284246,3
1642864,Hugo González,1610612738,BOS,19.0,2,0,2,0.0,20.5,1.5,4.0,0.375,0.0,1.0,0.0,0.0,0.0,0.0,0.5,2.0,2.5,0.5,0.0,2.0,0.5,0.5,3.0,2.0,3.0,0.0,101.2,100.0,1.2,0.036,11.1,0.02,0.085,0.052,0.0,0.375,0.375,0.083,100.13,0.04,4.242640687119285,2.1213203435596424,0.7071067811865476,0.0,0.7071067811865476,0.3535533905932738,0.0,3.5355339059327378,2
1642869,Noah Penda,1610612753,ORL,20.0,1,0,1,0.0,6.8,1.0,1.0,1.0,1.0,1.0,1.0,0.0,0.0,0.0,1.0,1.0,2.0,1.0,0.0,0.0,0.0,0.0,2.0,0.0,3.0,-6.0,123.1,157.1,-34.1,0.2,50.0,0.167,0.5,0.25,0.0,1.5,1.5,0.063,95.76,0.101,,,,,,,,,1
1642404,Chaz Lanier,1610612765,DET,23.0,3,2,1,0.667,9.6,1.0,3.3,0.3,1.0,3.0,0.333,0.0,0.0,0.0,0.3,0.0,0.3,0.7,0.3,0.0,0.0,0.0,0.0,0.3,3.0,0.3,114.1,112.5,1.6,0.087,15.4,0.037,0.0,0.017,7.7,0.45,0.45,0.153,106.52,0.031,3.0,0.5773502691896258,0.5773502691896258,0.0,0.0,0.21423429541820174,0.2545512391117618,4.041451884327381,3
1642066,Myron Gardner,1610612748,MIA,24.0,1,1,0,1.0,2.7,1.0,1.0,1.0,1.0,1.0,1.0,0.0,0.0,0.0,0.0,1.0,1.0,1.0,0.0,0.0,0.0,0.0,2.0,0.0,3.0,0.0,125.0,125.0,0.0,0.333,50.0,0.0,0.5,0.167,0.0,1.5,1.5,0.125,140.49,0.167,,,,,,,,,1
1642353,Cam Christie,1610612746,LAC,20.0,3,1,2,0.333,6.2,0.7,2.3,0.286,0.7,1.3,0.5,1.0,1.3,0.75,0.3,1.0,1.3,0.3,0.3,0.0,0.0,0.7,0.0,1.0,3.0,4.3,127.3,82.9,44.4,0.083,9.1,0.059,0.136,0.103,9.1,0.429,0.514,0.244,87.82,0.121,2.6457513110645907,1.1547005383792517,0.5773502691896258,0.0,0.0,0.25,0.2886751345948129,1.5275252316519465,3
201145,Jeff Green,1610612745,HOU,39.0,1,1,0,1.0,4.0,1.0,1.0,1.0,1.0,1.0,1.0,0.0,0.0,0.0,0.0,0.0,0.0,0.0,0.0,0.0,0.0,0.0,1.0,0.0,3.0,-5.0,100.0,171.4,-71.4,0.0,0.0,0.0,0.0,0.0,0.0,1.5,1.5,0.125,84.71,0.138,,,,,,,,,1
1642862,Liam McNeeley,1610612766,CHA,20.0,2,1,1,0.5,8.6,0.5,1.5,0.333,0.5,1.5,0.333,1.5,2.0,0.75,0.0,1.0,1.0,1.0,0.0,0.0,0.0,0.0,1.5,1.0,3.0,-0.5,111.9,117.1,-5.2,0.143,28.6,0.0,0.111,0.049,0.0,0.5,0.63,0.104,115.81,0.049,4.242640687119285,0.0,1.4142135623730951,0.0,0.0,0.7071067811865476,0.7071067811865476,3.5355339059327378,2
201587,Nicolas Batum,1610612746,LAC,36.0,4,2,2,0.5,14.5,1.0,3.3,0.308,1.0,3.3,0.308,0.0,0.0,0.0,0.5,2.5,3.0,0.8,0.0,1.3,0.8,0.0,1.8,0.0,3.0,2.0,103.2,100.8,2.4,0.075,18.8,0.034,0.147,0.094,0.0,0.462,0.462,0.091,100.85,0.082,0.0,2.160246899469287,0.5,1.2583057392117916,0.9574271077563381,0.1178512480488292,0.1178512480488292,4.932882862316247,4
1628502,Nigel Hayes-Davis,1610612756,PHX,30.0,4,1,3,0.25,12.2,1.3,3.0,0.417,0.3,1.5,0.167,0.0,0.0,0.0,0.8,1.5,2.3,0.5,0.3,0.8,0.0,0.0,0.5,0.0,2.8,-3.8,107.8,125.0,-17.2,0.059,13.3,0.06,0.146,0.099,6.7,0.458,0.458,0.11,99.51,0.059,3.4034296427770228,2.0615528128088303,1.0,1.5,0.0,0.3559806876784189,0.25,7.52772652709081,4
1642846,Ace Bailey,1610612762,UTA,19.0,3,2,1,0.667,15.7,1.0,6.3,0.158,0.7,2.3,0.286,0.0,0.0,0.0,1.0,1.3,2.3,1.3,0.3,0.0,0.0,0.3,1.0,1.0,2.7,-8.7,97.1,124.8,-27.7,0.125,16.7,0.057,0.083,0.069,4.2,0.211,0.211,0.168,103.84,-0.012,3.055050463303893,1.5275252316519465,0.5773502691896257,0.0,0.0,0.12231652927275746,0.23094010767585035,3.7859388972001824,3
1641774,Tristan Vukcevic,1610612764,WAS,22.0,3,1,2,0.333,6.6,1.0,2.3,0.429,0.3,1.0,0.333,0.3,1.0,0.333,0.0,1.3,1.3,0.0,0.3,0.0,0.3,0.3,0.7,1.0,2.7,4.0,95.9,71.4,24.5,0.0,0.0,0.0,0.148,0.078,11.1,0.5,0.481,0.18,119.09,0.048,3.0550504633038935,1.1547005383792517,0.0,0.0,0.5773502691896258,0.33696636825258,0.5773502691896258,4.509249752822894,3
1642878,Tyrese Proctor,1610612739,CLE,21.0,3,2,1,0.667,12.7,1.0,4.7,0.214,0.7,3.0,0.222,0.0,0.0,0.0,0.0,1.3,1.3,1.0,1.3,0.7,0.0,0.3,1.7,0.0,2.7,-7.3,88.1,115.7,-27.6,0.143,14.3,0.0,0.089,0.047,19.0,0.286,0.286,0.2,105.0,-0.024,2.5166114784235836,0.5773502691896257,1.0,0.5773502691896258,0.0,0.2,0.1922576396401454,3.055050463303893,3
1631218,Trayce Jackson-Davis,1610612744,GSW,25.0,3,2,1,0.667,8.8,0.7,2.0,0.333,0.0,0.0,0.0,1.3,1.3,1.0,0.3,1.3,1.7,0.7,0.3,0.7,0.3,0.3,1.3,0.7,2.7,-3.0,96.6,117.9,-21.2,0.125,18.2,0.038,0.182,0.104,9.1,0.333,0.515,0.138,105.08,0.074,3.0550504633038935,2.0816659994661326,0.5773502691896258,0.5773502691896258,0.5773502691896258,0.23094010767585033,0.0,7.211102550927978,3
1629599,Amir Coffey,1610612749,MIL,28.0,4,3,1,0.75,9.5,0.8,1.3,0.6,0.3,0.5,0.5,0.8,0.8,1.0,0.0,0.5,0.5,0.5,0.3,0.0,0.0,0.0,0.0,0.3,2.5,-3.8,111.4,128.8,-17.4,0.067,22.2,0.0,0.045,0.027,11.1,0.7,0.791,0.084,100.93,0.059,3.7859388972001824,1.0,1.0,0.0,0.0,0.5000555802441699,0.25,5.377421934967226,4
1641737,Adem Bona,1610612755,PHI,22.0,4,4,0,1.0,17.2,0.8,1.8,0.429,0.0,0.0,0.0,1.0,1.8,0.571,1.5,1.5,3.0,0.8,0.8,0.3,2.3,0.0,1.5,1.8,2.5,6.0,121.0,104.9,16.0,0.059,18.8,0.083,0.074,0.078,18.8,0.429,0.496,0.079,99.35,0.047,3.1091263510296048,2.160246899469287,0.5,0.5,2.217355782608345,0.3192585159396692,0.0,5.5677643628300215,4
1630631,Jose Alvarado,1610612740,NOP,27.0,2,0,2,0.0,12.6,1.0,3.0,0.333,0.5,2.0,0.25,0.0,0.0,0.0,0.5,1.0,1.5,1.0,0.5,1.0,0.0,0.0,0.0,0.5,2.5,-2.5,117.3,124.5,-7.2,0.154,22.2,0.036,0.077,0.056,11.1,0.417,0.417,0.115,100.27,0.066,3.5355339059327378,2.1213203435596424,1.4142135623730951,1.4142135623730951,0.0,0.23546655813512035,0.1767766952966369,13.435028842544403,2
1629162,Jordan McLaughlin,1610612759,SAS,29.0,4,4,0,1.0,8.0,0.8,1.8,0.429,0.5,1.3,0.4,0.5,0.5,1.0,0.0,0.0,0.0,0.8,0.0,0.8,0.0,0.0,1.0,0.3,2.5,-1.3,111.4,122.1,-10.6,0.125,27.3,0.0,0.0,0.0,0.0,0.571,0.635,0.099,103.18,0.062,2.0816659994661326,0.0,0.9574271077563381,0.9574271077563381,0.0,0.25,0.28867513459481287,1.707825127659933,4
101108,Chris Paul,1610612746,LAC,40.0,4,2,2,0.5,14.9,0.8,3.0,0.25,0.8,2.5,0.3,0.3,0.3,1.0,0.8,0.8,1.5,4.0,1.0,1.8,0.0,0.3,2.3,1.0,2.5,-4.8,90.8,104.1,-13.3,0.41,50.0,0.05,0.048,0.049,12.5,0.375,0.402,0.115,97.21,0.073,3.0,1.0,2.8284271247461903,1.5,0.0,0.23629078131263043,0.23935677693908453,3.7416573867739413,4
1641713,GG Jackson,1610612763,MEM,20.0,2,1,1,0.5,9.1,1.0,3.5,0.286,0.0,1.5,0.0,0.5,1.0,0.5,0.5,0.5,1.0,0.0,0.0,0.5,0.0,0.0,1.0,0.5,2.5,-13.5,82.2,139.1,-56.9,0.0,0.0,0.037,0.05,0.043,0.0,0.286,0.317,0.157,120.11,-0.005,3.5355339059327378,1.4142135623730951,0.0,0.7071067811865476,0.0,0.20223253941935257,0.0,9.899494936611665,2
1641790,PJ Hall,1610612763,MEM,23.0,3,1,2,0.333,5.7,1.0,1.3,0.75,0.3,0.7,0.5,0.0,0.0,0.0,0.0,1.3,1.3,0.0,0.3,0.0,0.7,0.0,1.0,0.0,2.3,1.3,109.1,97.8,11.3,0.0,0.0,0.0,0.174,0.091,20.0,0.875,0.875,0.104,124.43,0.09,4.041451884327381,1.5275252316519468,0.0,0.0,0.5773502691896258,0.4330127018922193,0.2886751345948129,7.234178138070234,3
1641732,Colby Jones,1610612765,DET,23.0,1,0,1,0.0,6.8,1.0,3.0,0.333,0.0,2.0,0.0,0.0,0.0,0.0,0.0,4.0,4.0,2.0,0.0,0.0,0.0,0.0,1.0,0.0,2.0,12.0,133.3,53.3,80.0,0.333,40.0,0.0,0.4,0.222,0.0,0.333,0.333,0.158,105.62,0.256,,,,,,,,,1
1630579,Jericho Sims,1610612749,MIL,27.0,2,1,1,0.5,4.8,0.5,0.5,1.0,0.0,0.0,0.0,1.0,1.0,1.0,0.0,0.0,0.0,0.0,0.0,0.0,0.5,0.0,0.0,0.5,2.0,-4.0,94.4,125.0,-30.6,0.0,0.0,0.0,0.0,0.0,0.0,1.0,1.064,0.1,94.67,0.13,0.0,0.0,0.0,0.0,0.7071067811865476,0.7071067811865476,0.0,4.242640687119285,2
1642265,Rob Dillingham,1610612750,MIN,20.0,2,0,2,0.0,6.5,1.0,1.0,1.0,0.0,0.0,0.0,0.0,0.0,0.0,0.0,0.0,0.0,1.0,1.5,0.5,0.0,0.0,1.5,0.0,2.0,-3.5,117.2,141.4,-24.1,0.167,28.6,0.0,0.0,0.0,42.9,1.0,1.0,0.172,106.8,0.014,2.8284271247461903,0.0,1.4142135623730951,0.7071067811865476,0.0,0.7071067811865476,0.0,7.7781745930520225,2
1630811,Keaton Wallace,1610612737,ATL,26.0,4,1,3,0.25,9.1,0.8,2.3,0.333,0.3,1.0,0.25,0.3,0.5,0.5,0.0,1.0,1.0,1.0,0.8,0.3,0.0,0.0,1.3,0.8,2.0,-4.0,81.3,101.3,-20.0,0.211,23.5,0.0,0.108,0.053,17.6,0.389,0.405,0.159,99.29,0.019,2.449489742783178,0.816496580927726,0.816496580927726,0.5,0.0,0.249944493838132,0.25,3.095695936834452,4
1630621,Hunter Dickinson,1610612740,NOP,24.0,1,0,1,0.0,4.7,1.0,2.0,0.5,0.0,0.0,0.0,0.0,0.0,0.0,0.0,0.0,0.0,0.0,2.0,0.0,1.0,0.0,2.0,0.0,2.0,-12.0,60.0,180.0,-120.0,0.0,0.0,0.0,0.0,0.0,50.0,0.5,0.5,0.333,101.8,-0.139,,,,,,,,,1
1631210,Jacob Toppin,1610612737,ATL,25.0,1,0,1,0.0,4.8,1.0,2.0,0.5,0.0,0.0,0.0,0.0,0.0,0.0,0.0,0.0,0.0,0.0,0.0,0.0,0.0,0.0,1.0,0.0,2.0,6.0,100.0,44.4,55.6,0.0,0.0,0.0,0.0,0.0,0.0,0.5,0.5,0.154,95.66,0.0,,,,,,,,,1
1630264,Anthony Gill,1610612764,WAS,33.0,2,0,2,0.0,1.8,0.5,0.5,1.0,0.0,0.0,0.0,1.0,1.0,1.0,0.0,0.0,0.0,0.0,0.5,0.0,0.0,0.0,0.5,0.5,2.0,-1.0,85.7,114.3,-28.6,0.0,0.0,0.0,0.0,0.0,33.3,1.0,1.064,0.429,91.64,0.182,0.0,0.0,0.0,0.0,0.0,0.7071067811865476,0.0,0.0,2
1642877,Micah Peavy,1610612740,NOP,24.0,1,0,1,0.0,3.3,1.0,2.0,0.5,0.0,0.0,0.0,0.0,0.0,0.0,2.0,0.0,2.0,0.0,0.0,0.0,0.0,0.0,0.0,0.0,2.0,-9.0,33.3,183.3,-150.0,0.0,0.0,0.286,0.0,0.286,0.0,0.5,0.5,0.222,88.16,0.16,,,,,,,,,1
1641752,Bobi Klintman,1610612765,DET,22.0,1,0,1,0.0,6.8,1.0,2.0,0.5,0.0,0.0,0.0,0.0,1.0,0.0,1.0,2.0,3.0,0.0,0.0,2.0,0.0,0.0,0.0,1.0,2.0,12.0,133.3,53.3,80.0,0.0,0.0,0.125,0.2,0.167,0.0,0.5,0.41,0.105,105.62,0.231,,,,,,,,,1
1642962,Drake Powell,1610612751,BKN,20.0,1,0,1,0.0,7.2,1.0,1.0,1.0,0.0,0.0,0.0,0.0,0.0,0.0,0.0,2.0,2.0,0.0,1.0,0.0,0.0,0.0,4.0,0.0,2.0,-2.0,78.6,86.7,-8.1,0.0,0.0,0.0,0.167,0.111,50.0,1.0,1.0,0.143,96.67,-0.095,,,,,,,,,1
1642363,Nique Clifford,1610612758,SAC,23.0,1,0,1,0.0,23.7,1.0,3.0,0.333,0.0,0.0,0.0,0.0,0.0,0.0,3.0,5.0,8.0,2.0,1.0,2.0,1.0,0.0,4.0,0.0,2.0,3.0,121.6,113.5,8.1,0.083,33.3,0.13,0.167,0.151,16.7,0.333,0.333,0.069,104.38,0.054,,,,,,,,,1
1642269,Devin Carter,1610612758,SAC,23.0,2,0,2,0.0,5.8,0.5,0.5,1.0,0.0,0.0,0.0,1.0,1.0,1.0,0.5,0.0,0.5,0.5,1.0,1.5,0.0,0.0,1.0,1.0,2.0,1.0,112.0,100.0,12.0,0.111,20.0,0.111,0.0,0.053,40.0,1.0,1.064,0.148,105.46,0.102,2.8284271247461903,0.7071067811865476,0.7071067811865476,0.7071067811865476,0.0,0.7071067811865476,0.0,4.242640687119285,2
1641733,Nick Smith Jr.,1610612747,LAL,21.0,1,0,1,0.0,20.1,1.0,5.0,0.2,0.0,2.0,0.0,0.0,0.0,0.0,0.0,3.0,3.0,3.0,2.0,0.0,1.0,0.0,2.0,1.0,2.0,-13.0,84.8,113.0,-28.3,0.214,30.0,0.0,0.107,0.064,20.0,0.2,0.2,0.143,110.03,0.006,,,,,,,,,1
1630570,Trendon Watford,1610612755,PHI,24.0,1,1,0,1.0,18.3,1.0,3.0,0.333,0.0,1.0,0.0,0.0,0.0,0.0,1.0,3.0,4.0,3.0,1.0,0.0,0.0,0.0,1.0,2.0,2.0,7.0,117.5,105.3,12.2,0.214,42.9,0.045,0.15,0.095,14.3,0.333,0.333,0.08,102.11,0.057,,,,,,,,,1
1642905,Yang Hansen,1610612757,POR,20.0,4,2,2,0.5,6.4,0.3,2.0,0.125,0.0,0.8,0.0,1.3,1.5,0.833,0.8,0.3,1.0,0.0,0.5,0.0,0.5,0.3,0.5,1.3,1.8,-2.8,107.1,129.1,-21.9,0.0,0.0,0.103,0.045,0.078,15.4,0.125,0.329,0.197,104.74,-0.012,0.5,0.0,0.0,0.0,1.0,0.1665,0.0,2.217355782608345,4
1627824,Guerschon Yabusele,1610612752,NYK,29.0,3,2,1,0.667,13.7,0.7,3.3,0.2,0.3,2.3,0.143,0.0,0.0,0.0,3.0,1.0,4.0,0.3,0.3,0.3,0.0,0.7,1.3,0.3,1.7,-2.3,100.0,107.1,-7.1,0.043,8.3,0.173,0.065,0.122,8.3,0.25,0.25,0.103,97.48,0.011,1.5275252316519468,2.6457513110645907,0.5773502691896258,0.5773502691896258,0.0,0.25455123911176175,0.2886751345948129,2.081665999466133,3
203967,Dario Šarić,1610612758,SAC,31.0,3,1,2,0.333,9.2,0.3,1.7,0.2,0.3,0.7,0.5,0.7,0.7,1.0,0.3,1.3,1.7,0.7,0.3,0.0,0.0,0.3,0.0,0.3,1.7,2.7,113.6,105.4,8.2,0.083,22.2,0.05,0.138,0.102,11.1,0.3,0.425,0.113,99.87,0.055,2.8867513459481287,1.5275252316519468,1.1547005383792517,0.0,0.0,0.2886751345948129,0.2886751345948129,6.244997998398398,3
1642859,Jase Richardson,1610612753,ORL,20.0,2,0,2,0.0,4.6,0.5,1.5,0.333,0.0,1.0,0.0,0.5,1.0,0.5,0.0,0.0,0.0,0.5,0.5,0.0,0.0,0.0,0.5,1.5,1.5,-3.5,81.8,119.0,-37.2,0.25,16.7,0.0,0.0,0.0,16.7,0.333,0.387,0.185,113.16,-0.04,2.1213203435596424,0.0,0.7071067811865476,0.0,0.0,0.23546655813512035,0.0,4.949747468305833,2
1641747,DaRon Holmes II,1610612743,DEN,23.0,2,2,0,1.0,2.2,0.5,0.5,1.0,0.5,0.5,1.0,0.0,0.0,0.0,0.0,0.0,0.0,0.0,0.0,0.0,0.0,0.0,0.5,0.0,1.5,-1.0,90.9,120.0,-29.1,0.0,0.0,0.0,0.0,0.0,0.0,1.5,1.5,0.091,114.55,0.129,2.1213203435596424,0.0,0.0,0.0,0.0,0.7071067811865476,0.7071067811865476,1.4142135623730951,2
1630611,Gui Santos,1610612744,GSW,23.0,4,3,1,0.75,6.1,0.5,1.3,0.4,0.5,1.3,0.4,0.0,0.0,0.0,0.3,0.3,0.5,0.3,1.0,0.5,0.0,0.0,1.3,0.5,1.5,-2.5,94.6,116.7,-22.0,0.091,10.0,0.038,0.067,0.049,40.0,0.6,0.6,0.138,107.55,-0.019,1.7320508075688772,0.5773502691896257,0.5,0.5773502691896257,0.0,0.47871355387816905,0.47871355387816905,3.4034296427770228,4
1631127,Harrison Ingram,1610612759,SAS,22.0,2,2,0,1.0,3.1,0.5,0.5,1.0,0.5,0.5,1.0,0.0,0.0,0.0,0.5,0.0,0.5,0.0,0.0,0.0,0.0,0.0,0.0,0.0,1.5,2.0,107.1,84.6,22.5,0.0,0.0,0.25,0.0,0.111,0.0,1.5,1.5,0.059,103.96,0.179,2.1213203435596424,0.7071067811865476,0.0,0.0,0.0,0.7071067811865476,0.7071067811865476,1.4142135623730951,2
1643007,Taelon Peter,1610612754,IND,23.0,2,0,2,0.0,9.4,0.5,1.0,0.5,0.5,1.0,0.5,0.0,0.0,0.0,0.0,0.0,0.0,0.5,0.5,0.5,0.0,0.0,1.0,0.0,1.5,-4.0,102.4,116.3,-13.8,0.067,25.0,0.0,0.0,0.0,25.0,0.75,0.75,0.068,107.71,0.013,2.1213203435596424,0.0,0.7071067811865476,0.7071067811865476,0.0,0.3535533905932738,0.3535533905932738,10.606601717798213,2
1628449,Chris Boucher,1610612738,BOS,32.0,4,1,3,0.25,10.9,0.5,2.5,0.2,0.0,1.5,0.0,0.5,0.5,1.0,0.3,2.0,2.3,0.5,0.3,0.5,1.3,0.0,1.3,0.5,1.5,-2.8,88.9,98.9,-10.0,0.077,14.3,0.02,0.17,0.092,7.1,0.2,0.276,0.114,100.43,0.064,3.0,2.0615528128088303,0.5773502691896257,0.5773502691896257,1.8929694486000912,0.25,0.0,6.020797289396148,4
1631124,Julian Strawther,1610612743,DEN,23.0,2,2,0,1.0,2.2,0.5,0.5,1.0,0.0,0.0,0.0,0.5,1.0,0.5,0.0,1.0,1.0,0.0,0.5,0.0,0.0,0.0,0.0,0.5,1.5,-1.0,90.9,120.0,-29.1,0.0,0.0,0.0,0.5,0.4,33.3,1.0,0.798,0.273,114.55,0.194,2.1213203435596424,1.4142135623730951,0.0,0.0,0.0,0.7071067811865476,0.0,1.4142135623730951,2
1641724,Jett Howard,1610612753,ORL,22.0,2,0,2,0.0,6.4,0.5,1.5,0.333,0.5,1.5,0.333,0.0,0.0,0.0,0.0,0.0,0.0,0.5,0.0,0.0,0.5,0.0,0.5,0.0,1.5,-3.5,111.5,133.3,-21.8,0.1,25.0,0.0,0.0,0.0,0.0,0.5,0.5,0.1,100.16,0.027,2.1213203435596424,0.0,0.7071067811865476,0.0,0.7071067811865476,0.3535533905932738,0.3535533905932738,3.5355339059327378,2
1642853,Rasheer Fleming,1610612756,PHX,21.0,2,0,2,0.0,6.6,0.5,2.5,0.2,0.5,1.5,0.333,0.0,0.0,0.0,1.0,0.0,1.0,1.0,0.0,0.5,0.0,0.0,1.0,0.0,1.5,-1.0,100.0,110.7,-10.7,0.222,28.6,0.143,0.0,0.095,0.0,0.3,0.3,0.147,103.51,0.018,2.1213203435596424,1.4142135623730951,1.4142135623730951,0.7071067811865476,0.0,0.23546655813512035,0.3535533905932738,2.8284271247461903,2
1641871,Duop Reath,1610612757,POR,29.0,2,2,0,1.0,2.1,0.5,0.5,1.0,0.5,0.5,1.0,0.0,0.0,0.0,0.0,0.0,0.0,0.0,0.0,0.0,0.5,0.0,0.0,0.0,1.5,-1.5,100.0,125.0,-25.0,0.0,0.0,0.0,0.0,0.0,0.0,1.5,1.5,0.125,86.4,0.194,2.1213203435596424,0.0,0.0,0.0,0.7071067811865476,0.7071067811865476,0.7071067811865476,1.4142135623730951,2
1642928,Dylan Cardwell,1610612758,SAC,23.0,2,0,2,0.0,13.7,0.5,2.5,0.2,0.0,0.5,0.0,0.5,1.0,0.5,1.0,1.0,2.0,0.0,1.0,1.0,1.5,1.0,4.5,0.5,1.5,2.0,125.4,120.7,4.7,0.0,0.0,0.065,0.087,0.074,25.0,0.2,0.255,0.11,102.23,-0.062,2.1213203435596424,1.4142135623730951,0.0,0.0,0.7071067811865476,0.1767766952966369,0.0,1.4142135623730951,2
1642367,Jonathan Mogbo,1610612761,TOR,24.0,4,1,3,0.25,4.9,0.8,1.3,0.6,0.0,0.0,0.0,0.0,0.0,0.0,0.5,1.0,1.5,0.3,0.3,0.3,0.5,0.3,0.5,0.0,1.5,2.0,104.1,93.5,10.6,0.071,14.3,0.1,0.211,0.154,14.3,0.6,0.6,0.109,116.82,0.11,1.9148542155126762,1.9148542155126762,0.5,0.5,0.5773502691896257,0.47871355387816905,0.0,4.08248290463863,4
1626145,Tyus Jones,1610612753,ORL,29.0,4,1,3,0.25,17.0,0.8,3.5,0.214,0.0,1.8,0.0,0.0,0.0,0.0,0.8,0.8,1.5,2.0,1.0,0.5,0.5,0.0,1.0,0.3,1.5,-7.8,100.0,120.9,-20.9,0.163,30.8,0.036,0.048,0.041,15.4,0.214,0.214,0.103,104.77,0.009,1.9148542155126762,1.2909944487358056,0.816496580927726,0.5773502691896257,0.5773502691896257,0.47871355387816905,0.0,6.2182527020592095,4
1642959,Chris Youngblood,1610612760,OKC,23.0,5,5,0,1.0,4.0,0.2,0.8,0.25,0.2,0.8,0.25,0.8,0.8,1.0,0.0,0.2,0.2,0.2,0.0,0.0,0.0,0.0,0.8,0.4,1.4,2.0,109.1,82.6,26.5,0.063,14.3,0.0,0.042,0.024,0.0,0.375,0.608,0.13,106.68,0.03,1.9493588689617927,0.44721359549995804,0.44721359549995804,0.0,0.0,0.447213595499958,0.447213595499958,4.636809247747852,5
1630551,Justin Champagnie,1610612764,WAS,24.0,3,0,3,0.0,4.0,0.0,1.3,0.0,0.0,0.3,0.0,1.3,1.3,1.0,1.7,0.3,2.0,0.3,0.0,0.0,0.0,0.0,0.7,0.7,1.3,-2.7,116.7,133.3,-16.7,0.111,14.3,0.263,0.125,0.222,0.0,0.0,0.347,0.182,102.23,0.044,2.3094010767585034,1.7320508075688772,0.5773502691896258,0.0,0.0,0.0,0.0,3.4641016151377544,3
1630311,Pat Spencer,1610612744,GSW,29.0,3,2,1,0.667,5.0,0.7,2.0,0.333,0.0,0.3,0.0,0.0,0.0,0.0,0.3,0.3,0.7,0.3,0.0,0.3,0.0,0.3,0.3,0.0,1.3,-4.7,72.7,115.2,-42.4,0.25,14.3,0.053,0.111,0.071,0.0,0.333,0.333,0.158,106.19,0.051,2.3094010767585034,1.1547005383792517,0.5773502691896258,0.5773502691896258,0.0,0.2886751345948129,0.0,5.291502622129181,3
1641738,Kobe Brown,1610612746,LAC,25.0,3,1,2,0.333,4.8,0.3,0.3,1.0,0.0,0.0,0.0,0.7,0.7,1.0,0.3,0.7,1.0,0.7,0.3,0.0,0.0,0.0,0.0,0.3,1.3,2.7,115.4,81.5,33.9,0.222,40.0,0.1,0.118,0.111,20.0,1.0,1.064,0.1,89.26,0.185,1.1547005383792517,0.0,1.1547005383792517,0.0,0.0,0.5773502691896258,0.0,1.0,3
1628997,Caleb Martin,1610612742,DAL,30.0,3,1,2,0.333,6.8,0.7,1.7,0.4,0.0,0.3,0.0,0.0,0.0,0.0,0.3,0.7,1.0,0.7,1.0,0.7,0.0,0.0,2.3,0.0,1.3,-1.7,88.2,98.0,-9.8,0.182,20.0,0.037,0.105,0.065,30.0,0.4,0.4,0.131,119.92,-0.038,2.3094010767585034,0.0,0.5773502691896258,1.1547005383792517,0.0,0.38509262954948037,0.0,4.358898943540674,3
1642868,Carter Bryant,1610612759,SAS,19.0,4,4,0,1.0,7.1,0.3,1.5,0.167,0.3,0.8,0.333,0.5,0.5,1.0,0.0,0.8,0.8,0.0,0.8,0.0,0.3,0.0,0.8,0.3,1.3,1.5,103.4,93.2,10.2,0.0,0.0,0.0,0.103,0.063,30.0,0.25,0.363,0.156,99.43,-0.028,1.5,0.9574271077563381,0.0,0.0,0.5,0.1665,0.5,3.6514837167011076,4
1642964,Brooks Barnhizer,1610612760,OKC,23.0,5,5,0,1.0,8.1,0.6,1.4,0.429,0.0,0.0,0.0,0.0,0.0,0.0,0.2,1.0,1.2,0.0,0.0,0.0,0.0,0.4,1.2,0.0,1.2,-3.4,107.1,124.4,-17.3,0.0,0.0,0.033,0.114,0.081,0.0,0.429,0.429,0.078,100.45,0.01,1.0954451150103324,1.0954451150103324,0.0,0.0,0.0,0.4150033734802646,0.0,4.636809247747852,5
1642866,Joan Beringer,1610612750,MIN,18.0,2,0,2,0.0,3.5,0.5,0.5,1.0,0.0,0.0,0.0,0.0,0.0,0.0,0.5,1.5,2.0,0.0,0.0,0.0,0.0,0.0,0.5,0.0,1.0,2.5,69.2,30.8,38.5,0.0,0.0,0.1,0.429,0.235,0.0,1.0,1.0,0.063,88.72,2.25,1.4142135623730951,2.8284271247461903,0.0,0.0,0.0,0.7071067811865476,0.0,2.1213203435596424,2
1630692,Jordan Goodwin,1610612756,PHX,27.0,2,0,2,0.0,5.4,0.0,2.0,0.0,0.0,1.5,0.0,1.0,1.5,0.667,0.0,1.0,1.0,0.5,2.0,1.5,0.0,0.0,0.0,0.5,1.0,-1.5,87.5,100.0,-12.5,0.143,10.0,0.0,0.286,0.105,40.0,0.0,0.188,0.321,107.16,-0.027,1.4142135623730951,0.0,0.7071067811865476,0.7071067811865476,0.0,0.0,0.0,0.7071067811865476,2
1630192,Zeke Nnaji,1610612743,DEN,24.0,2,2,0,1.0,2.2,0.0,0.5,0.0,0.0,0.5,0.0,1.0,1.0,1.0,0.0,0.0,0.0,0.5,0.0,0.0,0.0,0.0,0.5,1.0,1.0,-1.0,90.9,120.0,-29.1,0.333,33.3,0.0,0.0,0.0,0.0,0.0,0.532,0.182,114.55,0.065,1.4142135623730951,0.0,0.7071067811865476,0.0,0.0,0.0,0.0,1.4142135623730951,2
1629234,Drew Eubanks,1610612758,SAC,28.0,4,1,3,0.25,12.4,0.3,2.5,0.1,0.0,0.3,0.0,0.5,1.5,0.333,0.8,2.3,3.0,0.3,0.8,1.0,1.5,0.3,0.3,1.0,1.0,3.5,110.1,95.5,14.6,0.023,5.9,0.06,0.148,0.108,17.6,0.1,0.158,0.134,106.13,0.027,2.0,1.1547005383792515,0.5,0.816496580927726,1.7320508075688772,0.125,0.0,7.416198487095663,4
1642443,Jahmir Young,1610612748,MIA,25.0,2,2,0,1.0,4.8,0.5,1.5,0.333,0.0,0.5,0.0,0.0,0.0,0.0,0.0,0.5,0.5,1.0,0.5,0.0,0.0,0.5,1.0,0.0,1.0,-4.5,96.2,136.0,-39.8,0.222,33.3,0.0,0.1,0.042,16.7,0.333,0.333,0.143,127.5,0.0,1.4142135623730951,0.7071067811865476,0.0,0.0,0.0,0.23546655813512035,0.0,2.8284271247461903,2
1629618,Jalen Pickett,1610612743,DEN,26.0,2,2,0,1.0,2.2,0.5,0.5,1.0,0.0,0.0,0.0,0.0,0.0,0.0,0.0,0.0,0.0,0.0,0.0,0.0,0.0,0.0,0.0,0.0,1.0,-1.0,90.9,120.0,-29.1,0.0,0.0,0.0,0.0,0.0,0.0,1.0,1.0,0.091,114.55,0.129,1.4142135623730951,0.0,0.0,0.0,0.0,0.7071067811865476,0.0,1.4142135623730951,2
1631248,Baylor Scheierman,1610612738,BOS,25.0,3,1,2,0.333,7.8,0.3,1.0,0.333,0.3,1.0,0.333,0.0,0.0,0.0,0.3,2.7,3.0,0.0,0.0,0.3,0.0,0.0,0.3,0.0,1.0,1.3,102.1,91.8,10.2,0.0,0.0,0.037,0.258,0.155,0.0,0.5,0.5,0.053,99.32,0.119,1.7320508075688772,2.6457513110645907,0.0,0.5773502691896258,0.0,0.19225763964014542,0.19225763964014542,5.507570547286102,3
1642403,Isaac Jones,1610612758,SAC,25.0,2,1,1,0.5,7.6,0.5,1.0,0.5,0.0,0.5,0.0,0.0,0.0,0.0,1.0,0.0,1.0,0.5,0.0,0.0,0.0,0.0,2.0,0.0,1.0,-6.0,80.6,123.3,-42.7,0.1,33.3,0.125,0.0,0.067,0.0,0.5,0.5,0.057,95.9,-0.022,1.4142135623730951,1.4142135623730951,0.7071067811865476,0.0,0.0,0.3535533905932738,0.0,9.192388155425117,2
1642920,Kobe Sanders,1610612746,LAC,23.0,2,1,1,0.5,4.3,0.5,2.0,0.25,0.0,0.5,0.0,0.0,0.0,0.0,0.0,0.5,0.5,0.5,0.5,1.0,0.0,0.0,0.0,0.0,1.0,3.5,123.5,82.4,41.2,0.167,16.7,0.0,0.1,0.059,16.7,0.25,0.25,0.238,94.7,0.069,1.4142135623730951,0.7071067811865476,0.7071067811865476,0.0,0.0,0.23546655813512035,0.0,0.7071067811865476,2
1631159,Leonard Miller,1610612750,MIN,21.0,2,0,2,0.0,3.4,0.5,0.5,1.0,0.0,0.0,0.0,0.0,0.0,0.0,0.0,0.5,0.5,0.0,0.5,0.0,0.0,0.0,0.5,0.0,1.0,2.5,92.3,53.8,38.5,0.0,0.0,0.0,0.167,0.067,50.0,1.0,1.0,0.125,92.44,0.167,1.4142135623730951,0.7071067811865476,0.0,0.0,0.0,0.7071067811865476,0.0,0.7071067811865476,2
203486,Mason Plumlee,1610612766,CHA,35.0,2,1,1,0.5,3.9,0.5,0.5,1.0,0.0,0.0,0.0,0.0,0.0,0.0,0.0,1.0,1.0,0.5,0.0,0.0,0.0,0.0,0.0,0.5,1.0,2.0,133.3,111.1,22.2,0.125,50.0,0.0,0.286,0.143,0.0,1.0,1.0,0.053,109.6,0.11,1.4142135623730951,1.4142135623730951,0.7071067811865476,0.0,0.0,0.7071067811865476,0.0,1.4142135623730951,2
203992,Bogdan Bogdanović,1610612746,LAC,33.0,2,1,1,0.5,16.5,0.5,4.5,0.111,0.0,2.5,0.0,0.0,0.0,0.0,1.0,2.0,3.0,0.5,2.5,0.0,0.0,0.0,1.5,0.5,1.0,1.0,104.5,98.6,5.9,0.04,6.7,0.067,0.089,0.08,33.3,0.111,0.111,0.182,98.86,-0.072,1.4142135623730951,2.8284271247461903,0.7071067811865476,0.0,0.0,0.14142135623730953,0.0,10.606601717798213,2
203939,Dwight Powell,1610612742,DAL,34.0,3,1,2,0.333,3.4,0.0,0.0,0.0,0.0,0.0,0.0,0.7,0.7,1.0,0.3,0.3,0.7,1.0,0.7,0.3,0.0,0.0,0.7,0.7,0.7,-3.7,89.3,128.6,-39.3,0.375,50.0,0.111,0.077,0.091,33.3,0.0,1.136,0.094,130.11,0.067,1.1547005383792517,1.1547005383792517,1.0,0.5773502691896258,0.0,0.0,0.0,4.163331998932265,3
1630574,Ariel Hukporti,1610612752,NYK,23.0,3,1,2,0.333,13.4,0.3,1.3,0.25,0.0,0.0,0.0,0.0,0.0,0.0,1.3,2.0,3.3,1.3,0.7,0.3,0.3,0.3,2.0,0.0,0.7,-3.7,102.3,114.9,-12.6,0.138,40.0,0.082,0.167,0.118,20.0,0.25,0.25,0.061,104.01,0.027,1.1547005383792517,1.5275252316519465,0.5773502691896257,0.5773502691896258,0.5773502691896258,0.2886751345948129,0.0,4.163331998932265,3
1642382,Branden Carlson,1610612760,OKC,26.0,3,3,0,1.0,2.2,0.3,0.3,1.0,0.0,0.0,0.0,0.0,0.0,0.0,0.0,0.3,0.3,0.0,0.0,0.0,0.0,0.0,0.7,0.0,0.7,1.7,100.0,61.1,38.9,0.0,0.0,0.0,0.1,0.063,0.0,1.0,1.0,0.063,122.4,0.074,1.1547005383792517,0.5773502691896258,0.0,0.0,0.0,0.5773502691896258,0.0,1.5275252316519465,3
202687,Bismack Biyombo,1610612759,SAS,33.0,3,3,0,1.0,10.3,0.3,0.3,1.0,0.0,0.0,0.0,0.0,0.0,0.0,0.3,0.7,1.0,0.3,0.7,1.0,0.0,0.0,2.3,0.3,0.7,-4.3,123.3,145.0,-21.7,0.04,25.0,0.045,0.074,0.061,50.0,1.0,1.0,0.045,93.25,-0.004,1.1547005383792517,0.0,0.5773502691896258,1.0,0.0,0.5773502691896258,0.0,4.725815626252608,3
1628371,Jonathan Isaac,1610612753,ORL,28.0,3,1,2,0.333,4.3,0.3,1.0,0.333,0.0,0.7,0.0,0.0,0.0,0.0,0.3,0.3,0.7,0.0,0.0,0.7,0.0,0.0,0.0,0.0,0.7,-4.0,58.6,96.7,-38.0,0.0,0.0,0.059,0.067,0.063,0.0,0.333,0.333,0.091,110.74,0.089,1.1547005383792517,0.5773502691896258,0.0,0.5773502691896258,0.0,0.2886751345948129,0.0,3.7859388972001824,3
1630548,Johnny Juzang,1610612750,MIN,24.0,2,0,2,0.0,3.0,0.0,1.5,0.0,0.0,1.0,0.0,0.5,1.0,0.5,0.5,0.0,0.5,0.0,0.0,0.0,0.0,0.0,0.5,0.5,0.5,2.5,109.1,58.3,50.8,0.0,0.0,0.125,0.0,0.083,0.0,0.0,0.129,0.286,92.0,-0.412,0.7071067811865476,0.7071067811865476,0.0,0.0,0.0,0.0,0.0,0.0,2
1642368,N'Faly Dante,1610612737,ATL,24.0,2,1,1,0.5,6.2,0.0,1.5,0.0,0.0,0.0,0.0,0.5,0.5,1.0,1.5,2.0,3.5,0.0,0.5,0.5,0.0,0.0,0.0,1.0,0.5,4.0,108.0,79.2,28.8,0.0,0.0,0.188,0.308,0.241,25.0,0.0,0.145,0.118,95.09,0.106,0.7071067811865476,0.7071067811865476,0.0,0.7071067811865476,0.0,0.0,0.0,3.5355339059327378,2
1641775,Jordan Walsh,1610612738,BOS,21.0,2,1,1,0.5,1.9,0.0,0.0,0.0,0.0,0.0,0.0,0.0,0.0,0.0,0.0,0.0,0.0,0.0,0.0,0.0,0.0,0.0,0.0,0.0,0.0,-2.0,57.1,100.0,-42.9,0.0,0.0,0.0,0.0,0.0,0.0,0.0,0.0,0.0,93.79,0.0,0.0,0.0,0.0,0.0,0.0,0.0,0.0,0.7071067811865476,2
1642461,Spencer Jones,1610612743,DEN,24.0,3,2,1,0.667,3.1,0.0,0.0,0.0,0.0,0.0,0.0,0.0,0.0,0.0,0.0,0.0,0.0,0.0,0.7,0.7,0.0,0.0,0.3,0.0,0.0,0.3,145.5,129.2,16.3,0.0,0.0,0.0,0.0,0.0,100.0,0.0,0.0,0.083,118.33,-0.017,0.0,0.0,0.0,0.5773502691896258,0.0,0.0,0.0,3.0,3
1630623,Tyson Etienne,1610612751,BKN,26.0,1,0,1,0.0,5.4,0.0,1.0,0.0,0.0,1.0,0.0,0.0,0.0,0.0,0.0,0.0,0.0,0.0,0.0,0.0,0.0,0.0,0.0,0.0,0.0,2.0,140.0,109.1,30.9,0.0,0.0,0.0,0.0,0.0,0.0,0.0,0.0,0.067,93.05,-0.048,,,,,,,,,1
1642885,Mohamed Diawara,1610612752,NYK,20.0,1,0,1,0.0,0.6,0.0,0.0,0.0,0.0,0.0,0.0,0.0,0.0,0.0,0.0,0.0,0.0,0.0,0.0,0.0,0.0,0.0,0.0,0.0,0.0,-2.0,0.0,100.0,-100.0,0.0,0.0,0.0,0.0,0.0,0.0,0.0,0.0,0.0,126.32,0.0,,,,,,,,,1
1631121,Bryce McGowens,1610612740,NOP,22.0,1,0,1,0.0,3.3,0.0,2.0,0.0,0.0,1.0,0.0,0.0,0.0,0.0,0.0,0.0,0.0,0.0,0.0,0.0,0.0,0.0,0.0,0.0,0.0,-9.0,33.3,183.3,-150.0,0.0,0.0,0.0,0.0,0.0,0.0,0.0,0.0,0.222,88.16,-0.16,,,,,,,,,1
1630314,Brandon Williams,1610612742,DAL,25.0,2,0,2,0.0,9.2,0.0,1.5,0.0,0.0,0.0,0.0,0.0,1.0,0.0,0.0,0.0,0.0,1.5,0.5,1.0,0.0,0.5,0.5,2.0,0.0,-3.5,105.1,123.1,-17.9,0.188,37.5,0.0,0.0,0.0,12.5,0.0,0.0,0.119,101.21,-0.025,0.0,0.0,0.7071067811865476,0.0,0.0,0.0,0.0,3.5355339059327378,2
1631172,Ousmane Dieng,1610612760,OKC,22.0,2,2,0,1.0,10.0,0.0,2.0,0.0,0.0,1.5,0.0,0.0,0.0,0.0,0.0,1.5,1.5,0.0,0.5,0.0,0.0,0.0,1.5,0.0,0.0,-3.5,88.1,100.0,-11.9,0.0,0.0,0.0,0.125,0.07,20.0,0.0,0.0,0.116,102.84,-0.073,0.0,0.7071067811865476,0.0,0.0,0.0,0.0,0.0,7.0710678118654755,2
1630619,Moussa Cisse,1610612742,DAL,23.0,2,0,2,0.0,2.2,0.0,0.0,0.0,0.0,0.0,0.0,0.0,0.0,0.0,0.0,0.0,0.0,0.0,0.0,0.0,0.0,0.0,0.0,0.0,0.0,-2.0,77.8,110.0,-32.2,0.0,0.0,0.0,0.0,0.0,0.0,0.0,0.0,0.0,104.99,0.0,0.0,0.0,0.0,0.0,0.0,0.0,0.0,2.8284271247461903,2
204060,Joe Ingles,1610612750,MIN,38.0,2,1,1,0.5,2.0,0.0,0.5,0.0,0.0,0.5,0.0,0.0,0.0,0.0,0.0,0.0,0.0,0.5,0.0,0.0,0.0,0.0,0.0,0.0,0.0,3.5,100.0,28.6,71.4,0.333,50.0,0.0,0.0,0.0,0.0,0.0,0.0,0.091,96.08,0.0,0.0,0.0,0.7071067811865476,0.0,0.0,0.0,0.0,2.8284271247461903,2
1643141,Jahmyl Telfort,1610612746,LAC,24.0,1,0,1,0.0,2.9,0.0,0.0,0.0,0.0,0.0,0.0,0.0,0.0,0.0,0.0,0.0,0.0,0.0,0.0,0.0,0.0,0.0,0.0,0.0,0.0,3.0,120.0,50.0,70.0,0.0,0.0,0.0,0.0,0.0,0.0,0.0,0.0,0.0,91.56,0.0,,,,,,,,,1
1642358,AJ Johnson,1610612764,WAS,20.0,2,0,2,0.0,2.9,0.0,0.5,0.0,0.0,0.0,0.0,0.0,0.0,0.0,0.0,0.5,0.5,0.5,0.0,0.0,0.0,0.0,0.5,0.0,0.0,-1.0,109.1,127.3,-18.2,0.25,50.0,0.0,0.2,0.111,0.0,0.0,0.0,0.083,90.0,0.0,0.0,0.7071067811865476,0.7071067811865476,0.0,0.0,0.0,0.0,1.4142135623730951,2
1642355,Bronny James,1610612747,LAL,21.0,2,1,1,0.5,11.5,0.0,1.5,0.0,0.0,0.0,0.0,0.0,0.0,0.0,0.5,1.0,1.5,1.5,1.5,0.5,0.5,0.5,2.0,0.0,0.0,-3.5,94.4,111.5,-17.1,0.188,33.3,0.045,0.08,0.064,33.3,0.0,0.0,0.1,111.01,-0.035,0.0,2.1213203435596424,2.1213203435596424,0.7071067811865476,0.7071067811865476,0.0,0.0,12.020815280171307,2
1642277,Johnny Furphy,1610612754,IND,20.0,1,0,1,0.0,1.0,0.0,0.0,0.0,0.0,0.0,0.0,0.0,0.0,0.0,0.0,0.0,0.0,0.0,0.0,0.0,0.0,0.0,0.0,0.0,0.0,-2.0,133.3,150.0,-16.7,0.0,0.0,0.0,0.0,0.0,0.0,0.0,0.0,0.0,168.56,0.0,,,,,,,,,1
1642939,Miles Kelly,1610612742,DAL,22.0,1,1,0,1.0,2.2,0.0,0.0,0.0,0.0,0.0,0.0,0.0,0.0,0.0,0.0,0.0,0.0,0.0,1.0,0.0,0.0,0.0,1.0,0.0,0.0,-6.0,88.9,155.6,-66.7,0.0,0.0,0.0,0.0,0.0,100.0,0.0,0.0,0.1,197.86,-0.129,,,,,,,,,1
1642873,Amari Williams,1610612738,BOS,23.0,1,0,1,0.0,0.7,0.0,0.0,0.0,0.0,0.0,0.0,0.0,0.0,0.0,1.0,0.0,1.0,0.0,0.0,0.0,0.0,0.0,0.0,0.0,0.0,0.0,0.0,0.0,0.0,0.0,0.0,0.5,0.0,0.333,0.0,0.0,0.0,0.0,107.2,1.0,,,,,,,,,1
1631216,Caleb Houstan,1610612737,ATL,22.0,1,0,1,0.0,2.1,0.0,0.0,0.0,0.0,0.0,0.0,0.0,0.0,0.0,0.0,0.0,0.0,0.0,0.0,0.0,0.0,0.0,0.0,0.0,0.0,1.0,100.0,80.0,20.0,0.0,0.0,0.0,0.0,0.0,0.0,0.0,0.0,0.0,116.13,0.0,,,,,,,,,1
1631247,Luke Travers,1610612739,CLE,24.0,1,1,0,1.0,6.8,0.0,3.0,0.0,0.0,1.0,0.0,0.0,0.0,0.0,0.0,0.0,0.0,0.0,0.0,0.0,0.0,0.0,0.0,0.0,0.0,-12.0,53.3,133.3,-80.0,0.0,0.0,0.0,0.0,0.0,0.0,0.0,0.0,0.176,105.62,-0.154,,,,,,,,,1
1643024,Chris Mañon,1610612747,LAL,23.0,2,1,1,0.5,3.5,0.0,0.5,0.0,0.0,0.5,0.0,0.0,0.0,0.0,0.0,1.0,1.0,0.0,0.0,0.0,0.5,0.0,1.0,0.0,0.0,1.0,120.0,114.3,5.7,0.0,0.0,0.0,0.222,0.111,0.0,0.0,0.0,0.045,99.9,-0.023,0.0,0.0,0.0,0.0,0.7071067811865476,0.0,0.0,0.7071067811865476,2
1630536,Sharife Cooper,1610612764,WAS,24.0,2,0,2,0.0,2.0,0.0,0.0,0.0,0.0,0.0,0.0,0.0,0.0,0.0,0.0,0.0,0.0,0.0,0.5,0.0,0.0,0.0,0.0,0.0,0.0,-2.5,85.7,137.5,-51.8,0.0,0.0,0.0,0.0,0.0,100.0,0.0,0.0,0.143,88.89,-0.067,0.0,0.0,0.0,0.0,0.0,0.0,0.0,0.0,2
1641816,Hunter Tyson,1610612743,DEN,25.0,1,1,0,1.0,1.4,0.0,0.0,0.0,0.0,0.0,0.0,0.0,0.0,0.0,0.0,1.0,1.0,0.0,0.0,0.0,0.0,0.0,0.0,0.0,0.0,-2.0,0.0,100.0,-100.0,0.0,0.0,0.0,1.0,0.5,0.0,0.0,0.0,0.0,84.71,0.0,,,,,,,,,1
203648,Thanasis Antetokounmpo,1610612749,MIL,33.0,1,1,0,1.0,1.7,0.0,1.0,0.0,0.0,0.0,0.0,0.0,0.0,0.0,0.0,0.0,0.0,0.0,0.0,0.0,0.0,0.0,0.0,0.0,0.0,-2.0,66.7,133.3,-66.7,0.0,0.0,0.0,0.0,0.0,0.0,0.0,0.0,0.2,84.71,-0.25,,,,,,,,,1
1631255,Karlo Matković,1610612740,NOP,24.0,1,0,1,0.0,3.3,0.0,1.0,0.0,0.0,1.0,0.0,0.0,0.0,0.0,0.0,0.0,0.0,0.0,0.0,0.0,0.0,0.0,0.0,0.0,0.0,-9.0,33.3,183.3,-150.0,0.0,0.0,0.0,0.0,0.0,0.0,0.0,0.0,0.111,88.16,-0.08,,,,,,,,,1
1631132,Christian Koloko,1610612747,LAL,25.0,2,1,1,0.5,3.2,0.0,0.0,0.0,0.0,0.0,0.0,0.0,0.0,0.0,0.0,0.5,0.5,0.0,0.0,0.0,0.0,0.0,0.5,0.0,0.0,-6.0,38.5,121.4,-83.0,0.0,0.0,0.0,0.125,0.067,0.0,0.0,0.0,0.0,102.05,0.0,0.0,0.7071067811865476,0.0,0.0,0.0,0.0,0.0,0.0,2
1631207,Dalen Terry,1610612741,CHI,23.0,2,2,0,1.0,4.1,0.0,1.0,0.0,0.0,0.5,0.0,0.0,0.0,0.0,0.0,0.0,0.0,0.0,0.0,0.0,0.0,0.5,0.0,0.0,0.0,-4.0,50.0,94.7,-44.7,0.0,0.0,0.0,0.0,0.0,0.0,0.0,0.0,0.091,114.15,-0.111,0.0,0.0,0.0,0.0,0.0,0.0,0.0,2.8284271247461903,2
203914,Gary Harris,1610612749,MIL,31.0,1,1,0,1.0,1.7,0.0,0.0,0.0,0.0,0.0,0.0,0.0,0.0,0.0,0.0,0.0,0.0,0.0,0.0,0.0,0.0,0.0,0.0,0.0,0.0,-2.0,66.7,133.3,-66.7,0.0,0.0,0.0,0.0,0.0,0.0,0.0,0.0,0.0,84.71,0.0,,,,,,,,,1
1642262,Cody Williams,1610612762,UTA,20.0,1,1,0,1.0,2.4,0.0,0.0,0.0,0.0,0.0,0.0,0.0,0.0,0.0,0.0,0.0,0.0,0.0,0.0,0.0,0.0,0.0,0.0,0.0,0.0,-1.0,140.0,160.0,-20.0,0.0,0.0,0.0,0.0,0.0,0.0,0.0,0.0,0.0,100.0,0.0,,,,,,,,,1
1642875,Maxime Raynaud,1610612758,SAC,22.0,1,0,1,0.0,11.5,0.0,1.0,0.0,0.0,0.0,0.0,0.0,0.0,0.0,0.0,4.0,4.0,2.0,1.0,0.0,0.0,0.0,1.0,0.0,0.0,-3.0,95.8,104.0,-8.2,0.182,50.0,0.0,0.308,0.16,25.0,0.0,0.0,0.074,102.41,0.067,,,,,,,,,1
1641748,Andre Jackson Jr.,1610612749,MIL,23.0,2,1,1,0.5,3.4,0.0,0.0,0.0,0.0,0.0,0.0,0.0,0.0,0.0,0.0,0.0,0.0,0.0,0.0,0.5,0.0,0.0,0.0,0.0,0.0,0.0,120.0,120.0,0.0,0.0,0.0,0.0,0.0,0.0,0.0,0.0,0.0,0.0,105.24,0.034,0.0,0.0,0.0,0.7071067811865476,0.0,0.0,0.0,2.1213203435596424,2
1631199,Ron Harper Jr.,1610612738,BOS,25.0,1,1,0,1.0,1.4,0.0,0.0,0.0,0.0,0.0,0.0,0.0,0.0,0.0,0.0,0.0,0.0,0.0,0.0,0.0,0.0,0.0,0.0,0.0,0.0,4.0,133.3,0.0,133.3,0.0,0.0,0.0,0.0,0.0,0.0,0.0,0.0,0.0,102.86,0.0,,,,,,,,,1
1642434,Riley Minix,1610612759,SAS,25.0,2,2,0,1.0,1.9,0.0,0.0,0.0,0.0,0.0,0.0,0.0,0.0,0.0,0.0,0.5,0.5,0.5,0.0,0.0,0.0,0.0,0.0,0.0,0.0,2.0,111.1,66.7,44.4,0.25,100.0,0.0,0.333,0.2,0.0,0.0,0.0,0.0,115.71,0.154,0.0,0.7071067811865476,0.7071067811865476,0.0,0.0,0.0,0.0,0.0,2
1641712,Rayan Rupert,1610612757,POR,21.0,2,2,0,1.0,2.5,0.0,0.0,0.0,0.0,0.0,0.0,0.0,0.0,0.0,0.5,0.5,1.0,0.5,0.5,0.0,0.0,0.0,0.0,0.0,0.0,-1.5,90.0,120.0,-30.0,0.25,50.0,0.5,0.333,0.4,50.0,0.0,0.0,0.091,96.97,0.068,0.0,0.0,0.7071067811865476,0.0,0.0,0.0,0.0,2.1213203435596424,2
1641813,Mark Sears,1610612749,MIL,23.0,1,0,1,0.0,7.4,0.0,1.0,0.0,0.0,0.0,0.0,0.0,0.0,0.0,0.0,0.0,0.0,0.0,1.0,0.0,0.0,0.0,1.0,0.0,0.0,-5.0,112.5,153.3,-40.8,0.0,0.0,0.0,0.0,0.0,50.0,0.0,0.0,0.118,100.77,-0.071,,,,,,,,,1
1642364,Jamir Watkins,1610612764,WAS,24.0,1,0,1,0.0,0.2,0.0,0.0,0.0,0.0,0.0,0.0,0.0,0.0,0.0,0.0,0.0,0.0,0.0,0.0,0.0,0.0,0.0,0.0,0.0,0.0,-4.0,0.0,400.0,-400.0,0.0,0.0,0.0,0.0,0.0,0.0,0.0,0.0,0.0,103.6,0.0,,,,,,,,,1
1641998,Trey Jemison III,1610612752,NYK,25.0,1,1,0,1.0,7.7,0.0,0.0,0.0,0.0,0.0,0.0,0.0,0.0,0.0,1.0,1.0,2.0,0.0,0.0,0.0,0.0,0.0,0.0,0.0,0.0,3.0,129.4,118.8,10.7,0.0,0.0,0.143,0.167,0.154,0.0,0.0,0.0,0.0,103.08,0.042,,,,,,,,,1
1642282,Hunter Sallis,1610612755,PHI,22.0,1,1,0,1.0,1.4,0.0,0.0,0.0,0.0,0.0,0.0,0.0,0.0,0.0,0.0,0.0,0.0,0.0,0.0,0.0,0.0,0.0,1.0,0.0,0.0,-2.0,150.0,166.7,-16.7,0.0,0.0,0.0,0.0,0.0,0.0,0.0,0.0,0.0,85.71,-0.125,,,,,,,,,1
1631321,Sidy Cissoko,1610612757,POR,21.0,1,1,0,1.0,1.2,0.0,0.0,0.0,0.0,0.0,0.0,0.0,0.0,0.0,0.0,0.0,0.0,0.0,0.0,0.0,0.0,0.0,0.0,0.0,0.0,0.0,150.0,150.0,0.0,0.0,0.0,0.0,0.0,0.0,0.0,0.0,0.0,0.0,77.84,0.0,,,,,,,,,1
