PLAYER_ID,PLAYER_NAME,TEAM_ID,TEAM_ABBREVIATION,AGE,GP,W,L,W_PCT,MIN,FGM,FGA,FG_PCT,FG3M,FG3A,FG3_PCT,FTM,FTA,FT_PCT,OREB,DREB,REB,AST,TOV,STL,BLK,BLKA,PF,PFD,PTS,PLUS_MINUS,OFF_RATING,DEF_RATING,NET_RATING,AST_PCT,AST_RATIO,OREB_PCT,DREB_PCT,REB_PCT,TM_TOV_PCT,EFG_PCT,TS_PCT,USG_PCT,PACE,PIE
1629029,Luka Dončić,1610612747,LAL,27.0,64,43,21,0.672,35.8,10.8,22.8,0.476,4.0,10.8,0.366,7.9,10.1,0.78,0.6,7.1,7.7,8.3,4.0,1.6,0.5,0.4,2.4,7.3,33.5,2.9,119.4,115.6,3.8,0.387,21.1,0.019,0.194,0.11,10.1,0.563,0.616,0.368,100.73,0.188
1628983,Shai Gilgeous-Alexander,1610612760,OKC,27.0,68,56,12,0.824,33.2,10.8,19.4,0.553,1.7,4.4,0.386,7.9,9.0,0.879,0.6,3.7,4.3,6.6,2.2,1.4,0.8,0.8,2.0,6.1,31.1,11.6,121.5,105.2,16.3,0.332,20.6,0.017,0.1,0.062,6.9,0.597,0.665,0.323,101.84,0.207
1630162,Anthony Edwards,1610612750,MIN,24.0,61,37,24,0.607,35.0,9.9,20.2,0.489,3.4,8.4,0.399,5.7,7.2,0.796,0.6,4.4,5.0,3.7,2.9,1.4,0.8,0.5,1.9,4.5,28.8,2.7,117.8,114.3,3.5,0.174,12.4,0.017,0.12,0.069,9.6,0.572,0.617,0.309,101.5,0.145
1627759,Jaylen Brown,1610612738,BOS,29.0,71,47,24,0.662,34.4,10.4,21.7,0.477,2.0,5.7,0.347,6.0,7.5,0.795,1.1,5.8,6.9,5.1,3.6,1.0,0.4,1.3,2.7,6.3,28.7,4.5,119.5,113.0,6.5,0.251,15.2,0.032,0.155,0.095,10.8,0.522,0.573,0.351,97.73,0.152
1630178,Tyrese Maxey,1610612755,PHI,25.0,70,38,32,0.543,38.0,9.9,21.4,0.462,3.1,8.6,0.367,5.3,6.0,0.892,0.3,3.8,4.1,6.6,2.4,1.9,0.8,1.0,2.2,4.1,28.3,1.6,115.0,113.4,1.5,0.288,20.0,0.008,0.096,0.052,7.4,0.536,0.588,0.286,100.25,0.15
202695,Kawhi Leonard,1610612746,LAC,35.0,65,37,28,0.569,32.1,9.8,19.4,0.505,2.6,6.8,0.387,5.7,6.4,0.892,1.1,5.3,6.4,3.6,2.0,1.9,0.4,0.5,1.2,5.1,27.9,5.2,120.3,112.8,7.5,0.193,13.1,0.036,0.162,0.102,7.4,0.573,0.629,0.326,97.53,0.185
1628378,Donovan Mitchell,1610612739,CLE,29.0,70,45,25,0.643,33.5,9.7,20.0,0.483,3.2,8.8,0.364,5.3,6.1,0.865,0.7,3.8,4.5,5.7,2.8,1.5,0.3,0.7,2.3,4.6,27.9,5.3,119.3,112.1,7.2,0.266,18.3,0.021,0.108,0.065,9.1,0.563,0.613,0.311,103.13,0.152
203999,Nikola Jokić,1610612743,DEN,31.0,65,43,22,0.662,34.8,9.9,17.4,0.569,1.7,4.5,0.38,6.1,7.4,0.831,3.0,9.9,12.9,10.7,3.7,1.4,0.8,0.8,2.7,6.7,27.7,8.5,126.1,115.3,10.8,0.458,30.6,0.089,0.27,0.185,10.7,0.618,0.67,0.289,102.59,0.213
203507,Giannis Antetokounmpo,1610612749,MIL,31.0,36,17,19,0.472,28.9,10.4,16.6,0.624,0.4,1.3,0.333,6.4,9.9,0.65,2.7,7.1,9.8,5.4,3.2,0.9,0.7,1.0,2.4,8.1,27.6,2.7,119.4,114.9,4.4,0.344,18.4,0.098,0.233,0.168,10.8,0.636,0.658,0.358,99.9,0.213
203954,Joel Embiid,1610612755,PHI,32.0,38,24,14,0.632,31.6,9.0,18.3,0.489,1.4,4.2,0.333,7.5,8.8,0.854,2.0,5.7,7.7,3.9,2.9,0.6,1.2,1.0,2.2,6.1,26.9,4.1,119.1,113.2,5.8,0.209,13.6,0.063,0.169,0.118,9.9,0.527,0.605,0.336,100.69,0.163
1628374,Lauri Markkanen,1610612762,UTA,29.0,42,17,25,0.405,34.3,9.1,19.2,0.477,2.7,7.7,0.355,5.7,6.4,0.896,2.0,4.9,6.9,2.1,1.5,1.0,0.5,1.1,1.8,5.5,26.7,-1.3,113.6,115.2,-1.5,0.101,8.4,0.054,0.134,0.094,5.9,0.548,0.608,0.269,104.48,0.139
201939,Stephen Curry,1610612744,GSW,38.0,43,24,19,0.558,30.9,8.7,18.6,0.468,4.4,11.3,0.393,4.7,5.1,0.923,0.4,3.2,3.6,4.7,2.8,1.1,0.4,0.6,1.7,4.6,26.6,2.1,117.6,114.8,2.8,0.245,16.8,0.013,0.1,0.057,10.0,0.587,0.637,0.308,103.66,0.146
1626164,Devin Booker,1610612756,PHX,29.0,64,37,27,0.578,33.5,8.5,18.7,0.456,1.9,5.8,0.33,7.1,8.1,0.873,0.8,3.1,3.9,6.0,3.1,0.8,0.3,1.0,2.6,6.7,26.1,3.1,115.9,112.0,3.9,0.293,19.3,0.021,0.091,0.055,10.1,0.507,0.585,0.307,100.72,0.142
1628973,Jalen Brunson,1610612752,NYK,29.0,74,50,24,0.676,35.0,9.3,19.9,0.467,2.6,7.1,0.369,4.8,5.7,0.841,0.4,2.9,3.3,6.8,2.4,0.8,0.1,0.7,2.3,5.1,26.0,4.8,120.2,114.1,6.1,0.307,21.7,0.012,0.083,0.047,7.5,0.533,0.58,0.296,98.25,0.135
201142,Kevin Durant,1610612745,HOU,37.0,78,48,30,0.615,36.4,9.2,17.6,0.52,2.4,5.8,0.413,5.2,6.0,0.874,0.5,4.9,5.5,4.8,3.2,0.8,0.9,0.5,1.8,4.8,26.0,4.4,117.9,112.4,5.5,0.203,17.0,0.014,0.131,0.073,11.3,0.588,0.641,0.263,98.14,0.15
1627750,Jamal Murray,1610612743,DEN,29.0,75,48,27,0.64,35.4,8.8,18.1,0.483,3.3,7.5,0.435,4.6,5.2,0.887,0.4,4.0,4.4,7.1,2.3,0.9,0.4,0.8,1.7,4.0,25.4,5.8,124.4,117.7,6.8,0.298,24.2,0.013,0.109,0.063,7.7,0.573,0.622,0.269,99.84,0.142
1641705,Victor Wembanyama,1610612759,SAS,22.0,64,50,14,0.781,29.2,8.6,16.9,0.512,1.9,5.5,0.349,5.8,7.0,0.827,2.0,9.5,11.5,3.1,2.4,1.0,3.1,0.5,2.4,6.3,25.0,10.7,120.5,103.6,17.0,0.17,12.2,0.071,0.285,0.186,9.5,0.569,0.626,0.316,102.23,0.209
1629008,Michael Porter Jr.,1610612751,BKN,28.0,52,14,38,0.269,32.5,8.5,18.4,0.463,3.4,9.3,0.363,3.8,4.4,0.859,1.3,5.7,7.1,3.0,2.3,1.1,0.3,0.7,2.2,3.5,24.2,-3.9,113.0,119.6,-6.6,0.165,12.0,0.04,0.188,0.11,9.3,0.555,0.595,0.292,97.97,0.141
1630166,Deni Avdija,1610612757,POR,25.0,66,35,31,0.53,33.3,7.5,16.1,0.462,1.9,6.0,0.318,7.4,9.2,0.802,1.1,5.8,6.9,6.7,3.8,0.8,0.6,1.2,2.5,6.6,24.2,0.2,115.7,115.4,0.3,0.316,21.9,0.031,0.167,0.098,12.5,0.521,0.6,0.285,102.78,0.149
1627783,Pascal Siakam,1610612754,IND,32.0,62,17,45,0.274,33.2,9.0,18.6,0.484,1.7,4.7,0.358,4.2,6.1,0.693,1.4,5.2,6.6,3.8,2.2,1.1,0.4,0.8,2.4,5.1,24.0,-3.7,111.5,117.2,-5.6,0.19,13.9,0.041,0.151,0.095,8.2,0.529,0.562,0.292,102.95,0.13
1630595,Cade Cunningham,1610612765,DET,24.0,64,47,17,0.734,33.9,8.6,18.6,0.461,2.0,5.7,0.342,4.8,6.0,0.812,0.9,4.7,5.5,9.9,3.7,1.4,0.8,1.1,3.1,4.6,23.9,8.1,120.4,109.0,11.4,0.43,28.6,0.025,0.132,0.079,10.7,0.513,0.564,0.296,100.94,0.159
201935,James Harden,1610612739,CLE,36.0,70,40,30,0.571,34.8,7.0,16.0,0.434,3.1,8.2,0.375,6.6,7.5,0.884,0.6,4.2,4.8,8.0,3.5,1.1,0.4,1.1,2.0,4.6,23.6,1.4,118.8,117.0,1.8,0.347,26.1,0.017,0.119,0.07,11.5,0.529,0.61,0.279,98.24,0.143
1641718,Keyonte George,1610612762,UTA,22.0,54,16,38,0.296,33.1,7.4,16.3,0.456,2.5,6.7,0.371,6.2,7.0,0.892,0.4,3.3,3.7,6.1,3.1,1.1,0.3,1.1,2.2,4.7,23.6,-6.2,115.1,123.6,-8.6,0.286,21.6,0.012,0.096,0.054,10.8,0.532,0.609,0.275,103.25,0.122
1630559,Austin Reaves,1610612747,LAL,28.0,51,36,15,0.706,34.5,7.3,14.9,0.49,2.3,6.4,0.36,6.3,7.3,0.871,0.6,4.1,4.7,5.5,3.0,1.1,0.4,0.7,2.2,5.4,23.3,3.6,117.3,112.3,5.0,0.237,20.9,0.02,0.117,0.071,11.3,0.567,0.641,0.258,100.41,0.137
1630552,Jalen Johnson,1610612737,ATL,24.0,72,42,30,0.583,35.2,8.3,17.1,0.489,1.7,4.7,0.352,4.2,5.3,0.788,1.4,8.9,10.3,7.9,3.4,1.2,0.4,1.2,2.1,3.7,22.5,2.6,115.5,112.3,3.2,0.325,25.7,0.038,0.241,0.14,11.1,0.537,0.581,0.264,103.58,0.161
1631094,Paolo Banchero,1610612753,ORL,23.0,72,38,34,0.528,34.7,7.3,16.0,0.459,1.2,3.8,0.305,6.3,8.2,0.775,1.2,7.2,8.4,5.2,3.1,0.7,0.6,1.2,2.0,5.5,22.2,0.0,114.0,114.1,-0.2,0.235,18.6,0.034,0.204,0.119,11.0,0.496,0.566,0.274,100.96,0.138
1628369,Jayson Tatum,1610612738,BOS,28.0,16,13,3,0.813,32.6,7.4,17.9,0.411,2.9,8.9,0.329,4.1,4.9,0.823,0.5,9.5,10.0,5.3,2.4,1.4,0.2,0.5,1.6,3.4,21.8,7.4,120.7,110.2,10.5,0.246,19.2,0.015,0.274,0.148,8.8,0.493,0.541,0.29,98.1,0.159
1626181,Norman Powell,1610612748,MIA,33.0,58,29,29,0.5,29.6,7.3,15.4,0.47,2.7,7.1,0.38,4.5,5.5,0.827,0.4,3.1,3.5,2.5,1.9,1.1,0.2,0.9,2.2,3.9,21.7,0.7,114.7,114.1,0.6,0.123,11.3,0.012,0.097,0.054,8.7,0.558,0.609,0.262,105.69,0.113
1627742,Brandon Ingram,1610612761,TOR,28.0,77,43,34,0.558,33.8,8.0,16.7,0.477,1.8,4.6,0.382,3.8,4.6,0.82,0.8,4.8,5.6,3.7,2.4,0.8,0.7,0.9,1.9,3.6,21.5,0.6,114.6,113.7,1.0,0.169,14.9,0.024,0.144,0.083,9.8,0.529,0.573,0.264,98.87,0.121
1630530,Trey Murphy III,1610612740,NOP,26.0,66,21,45,0.318,35.5,7.5,15.9,0.47,3.2,8.6,0.379,3.3,3.7,0.886,1.0,4.8,5.7,3.8,1.8,1.5,0.4,0.4,2.1,2.9,21.5,-2.6,113.6,117.2,-3.6,0.16,16.5,0.026,0.131,0.078,7.9,0.572,0.613,0.223,101.71,0.122
203944,Julius Randle,1610612750,MIN,31.0,79,47,32,0.595,33.0,7.3,15.3,0.481,1.4,4.4,0.315,5.0,6.3,0.802,1.7,5.1,6.7,5.0,2.7,1.1,0.2,0.8,2.8,4.4,21.1,2.9,117.0,113.1,4.0,0.227,19.6,0.05,0.146,0.099,10.7,0.526,0.585,0.258,102.3,0.128
1642843,Cooper Flagg,1610612742,DAL,19.0,70,22,48,0.314,33.5,8.0,17.1,0.468,1.0,3.5,0.295,4.0,4.9,0.827,1.2,5.4,6.7,4.5,2.3,1.2,0.9,1.1,2.0,4.1,21.0,-3.8,109.5,114.7,-5.2,0.212,17.4,0.035,0.151,0.093,8.9,0.498,0.548,0.264,102.96,0.128
1629627,Zion Williamson,1610612740,NOP,25.0,62,22,40,0.355,29.7,7.8,13.0,0.6,0.0,0.1,0.25,5.4,7.5,0.716,2.0,3.7,5.7,3.2,2.0,1.0,0.5,1.3,2.3,5.2,21.0,-1.3,113.0,114.9,-1.9,0.174,14.9,0.064,0.116,0.09,9.4,0.6,0.644,0.25,103.58,0.141
2544,LeBron James,1610612747,LAL,41.0,60,39,21,0.65,33.2,7.9,15.3,0.515,1.3,4.1,0.317,3.9,5.3,0.737,0.7,5.4,6.1,7.2,3.0,1.2,0.6,0.8,1.4,3.7,20.9,2.0,115.0,112.4,2.6,0.338,26.0,0.023,0.16,0.093,10.8,0.557,0.594,0.262,100.29,0.154
1629638,Nickeil Alexander-Walker,1610612737,ATL,27.0,78,43,35,0.551,33.4,7.0,15.3,0.459,3.2,8.1,0.399,3.6,3.9,0.902,0.7,2.8,3.4,3.7,2.1,1.3,0.5,0.8,2.2,3.7,20.8,3.1,116.1,112.0,4.0,0.155,16.2,0.019,0.079,0.049,9.2,0.564,0.61,0.23,104.38,0.105
1631101,Shaedon Sharpe,1610612757,POR,23.0,50,24,26,0.48,29.4,7.8,17.4,0.452,2.1,6.1,0.337,3.1,3.9,0.787,1.0,3.3,4.3,2.6,2.9,1.4,0.1,1.1,2.0,3.3,20.8,-1.0,112.4,113.7,-1.3,0.151,10.7,0.032,0.104,0.068,12.0,0.511,0.546,0.293,103.89,0.108
1630532,Franz Wagner,1610612753,ORL,24.0,34,20,14,0.588,30.0,7.2,14.9,0.481,1.4,4.1,0.345,4.8,5.8,0.823,1.3,3.9,5.2,3.3,1.7,0.9,0.3,1.0,2.1,4.5,20.6,2.4,114.2,110.6,3.6,0.175,14.7,0.041,0.128,0.084,7.6,0.529,0.588,0.256,104.86,0.134
1629639,Tyler Herro,1610612748,MIA,26.0,33,14,19,0.424,31.3,7.5,15.6,0.48,2.5,6.7,0.378,3.0,3.3,0.917,0.4,4.4,4.8,4.1,1.9,0.7,0.4,0.6,1.9,2.6,20.5,-1.2,114.4,116.4,-2.0,0.199,17.9,0.013,0.129,0.071,8.4,0.561,0.602,0.248,103.33,0.122
1630578,Alperen Sengun,1610612745,HOU,23.0,72,46,26,0.639,33.3,8.1,15.6,0.519,0.6,1.8,0.305,3.6,5.2,0.691,3.0,5.9,8.9,6.2,3.2,1.2,1.1,0.9,3.3,5.1,20.4,2.8,117.1,113.7,3.4,0.282,22.8,0.089,0.177,0.133,11.6,0.537,0.569,0.259,98.02,0.142
203076,Anthony Davis,1610612764,WAS,33.0,20,10,10,0.5,31.3,8.5,16.7,0.506,0.5,1.9,0.27,3.0,4.1,0.728,3.1,8.0,11.1,2.8,2.1,1.1,1.7,0.7,2.1,4.4,20.4,-2.5,110.0,114.6,-4.6,0.14,12.1,0.099,0.24,0.172,8.9,0.521,0.551,0.272,101.27,0.151
1628415,Dillon Brooks,1610612756,PHX,30.0,56,32,24,0.571,30.4,7.4,17.1,0.435,2.3,6.6,0.344,3.0,3.6,0.842,0.8,2.9,3.6,1.8,1.8,1.0,0.2,0.5,3.3,3.3,20.2,-0.9,113.7,114.8,-1.1,0.095,8.0,0.024,0.094,0.058,7.9,0.501,0.54,0.279,100.54,0.088
1641706,Brandon Miller,1610612766,CHA,23.0,65,41,24,0.631,30.3,7.0,16.1,0.435,3.1,8.2,0.383,3.1,3.4,0.892,1.1,3.8,4.9,3.3,2.5,1.0,0.7,0.5,2.8,2.7,20.2,5.7,119.8,111.3,8.5,0.173,14.3,0.034,0.122,0.078,10.8,0.533,0.574,0.272,98.44,0.113
1628389,Bam Adebayo,1610612748,MIA,28.0,73,37,36,0.507,32.4,6.9,15.7,0.442,1.7,5.5,0.318,4.5,5.8,0.778,2.0,8.0,10.0,3.2,1.6,1.2,0.7,0.5,1.7,4.6,20.1,4.5,117.1,111.0,6.1,0.142,13.8,0.059,0.236,0.146,7.1,0.497,0.551,0.248,103.89,0.138
1630163,LaMelo Ball,1610612766,CHA,24.0,72,41,31,0.569,28.0,7.0,17.3,0.407,3.8,10.3,0.368,2.2,2.5,0.899,0.9,3.9,4.8,7.1,2.8,1.2,0.3,0.7,2.7,3.0,20.1,5.8,123.2,114.1,9.1,0.384,25.3,0.03,0.14,0.084,9.9,0.516,0.546,0.306,99.43,0.134
1630217,Desmond Bane,1610612753,ORL,28.0,82,45,37,0.549,33.6,7.1,14.7,0.484,2.0,5.2,0.391,3.8,4.2,0.908,1.2,2.9,4.1,4.1,2.0,1.0,0.5,1.0,3.1,2.8,20.1,1.6,113.6,111.5,2.2,0.19,18.4,0.034,0.084,0.059,8.9,0.553,0.607,0.224,102.2,0.111
1626157,Karl-Anthony Towns,1610612752,NYK,30.0,75,49,26,0.653,31.0,6.9,13.8,0.501,1.5,4.1,0.368,4.8,5.5,0.858,3.1,8.7,11.9,3.0,2.5,0.9,0.5,1.0,3.4,4.9,20.1,5.0,118.8,111.8,7.0,0.142,14.0,0.101,0.283,0.192,11.6,0.556,0.619,0.251,99.48,0.154
202710,Jimmy Butler III,1610612744,GSW,36.0,38,23,15,0.605,31.1,6.3,12.2,0.519,0.8,2.2,0.376,6.5,7.6,0.864,2.3,3.2,5.6,4.9,1.6,1.4,0.2,0.8,1.2,5.5,20.0,4.9,116.6,109.2,7.3,0.24,22.3,0.073,0.101,0.087,7.2,0.554,0.646,0.226,101.73,0.155
1629660,Ty Jerome,1610612763,MEM,28.0,15,3,12,0.2,22.6,6.8,14.3,0.474,2.8,6.7,0.42,3.3,3.7,0.875,0.7,2.1,2.8,5.7,1.8,1.1,0.3,0.5,2.1,2.7,19.7,-3.0,122.2,127.2,-5.0,0.409,24.6,0.035,0.093,0.065,7.8,0.572,0.616,0.332,99.63,0.162
1629630,Ja Morant,1610612763,MEM,26.0,20,7,13,0.35,28.4,6.6,16.1,0.41,1.0,4.3,0.235,5.3,5.9,0.897,0.4,2.9,3.3,8.1,3.6,1.0,0.3,0.9,2.0,4.2,19.5,-2.5,109.5,113.9,-4.4,0.447,26.6,0.013,0.096,0.053,11.7,0.441,0.521,0.305,106.6,0.128
1631105,Jalen Duren,1610612765,DET,22.0,70,50,20,0.714,28.2,7.5,11.5,0.65,0.0,0.0,0.0,4.6,6.1,0.747,3.8,6.7,10.5,2.0,1.9,0.8,0.8,1.2,2.8,4.3,19.5,6.9,120.0,108.2,11.8,0.104,11.0,0.132,0.23,0.182,10.3,0.65,0.688,0.231,100.81,0.177
1628991,Jaren Jackson Jr.,1610612762,UTA,26.0,48,19,29,0.396,30.3,7.1,15.0,0.476,1.8,4.9,0.357,3.4,4.2,0.803,0.9,4.8,5.7,2.0,2.2,1.1,1.4,1.1,3.7,4.0,19.4,-1.3,108.7,110.8,-2.0,0.105,9.4,0.027,0.14,0.085,10.6,0.534,0.576,0.253,103.6,0.107
1629628,RJ Barrett,1610612761,TOR,26.0,57,34,23,0.596,30.3,7.0,14.3,0.491,1.7,5.0,0.339,3.5,4.9,0.717,1.0,4.3,5.3,3.3,1.7,0.7,0.3,1.2,2.6,3.5,19.3,2.9,118.4,113.5,4.9,0.157,15.4,0.033,0.141,0.088,8.1,0.55,0.585,0.254,100.88,0.112
203897,Zach LaVine,1610612758,SAC,31.0,39,9,30,0.231,31.4,6.7,14.0,0.479,2.5,6.5,0.39,3.2,3.6,0.88,0.2,2.6,2.8,2.3,1.9,0.7,0.3,0.6,2.1,2.5,19.2,-7.9,109.3,121.9,-12.6,0.111,11.5,0.006,0.083,0.044,9.6,0.569,0.614,0.234,100.47,0.096
1629636,Darius Garland,1610612746,LAC,26.0,45,26,19,0.578,29.9,6.9,14.9,0.46,2.7,6.8,0.396,2.3,2.7,0.861,0.4,2.0,2.4,6.7,2.9,1.0,0.2,0.6,1.9,2.6,18.8,1.9,117.9,115.2,2.6,0.322,26.0,0.013,0.063,0.039,11.2,0.551,0.582,0.266,101.84,0.112
203468,CJ McCollum,1610612737,ATL,34.0,76,37,39,0.487,29.8,6.9,15.2,0.455,2.5,6.7,0.375,2.4,3.1,0.772,0.8,2.5,3.3,3.9,1.8,0.8,0.5,0.6,1.9,2.2,18.7,1.2,113.6,112.0,1.5,0.194,17.5,0.025,0.077,0.051,8.1,0.538,0.566,0.247,103.12,0.105
1628368,De'Aaron Fox,1610612759,SAS,28.0,72,55,17,0.764,31.0,7.1,14.5,0.486,1.8,5.5,0.332,2.6,3.4,0.76,0.6,3.2,3.8,6.2,2.3,1.2,0.3,0.8,2.3,2.6,18.6,6.3,118.8,108.9,9.9,0.286,25.2,0.018,0.092,0.056,9.3,0.549,0.578,0.242,103.67,0.117
203924,Jerami Grant,1610612757,POR,32.0,57,27,30,0.474,29.7,5.8,12.8,0.453,2.4,6.1,0.389,4.6,5.6,0.814,1.0,2.5,3.5,2.1,2.1,0.7,0.6,1.0,2.5,3.9,18.6,-0.1,114.9,115.2,-0.3,0.107,11.0,0.03,0.082,0.055,10.8,0.547,0.608,0.228,104.02,0.094
1642851,Kon Knueppel,1610612766,CHA,20.0,81,44,37,0.543,31.5,6.4,13.4,0.475,3.4,7.9,0.425,2.4,2.8,0.863,1.2,4.1,5.3,3.4,2.0,0.7,0.2,0.6,2.1,2.3,18.5,4.0,119.2,113.0,6.2,0.158,17.0,0.036,0.128,0.082,10.0,0.601,0.633,0.216,99.73,0.115
201942,DeMar DeRozan,1610612758,SAC,36.0,77,20,57,0.26,31.2,6.5,13.1,0.497,0.6,1.9,0.32,4.9,5.6,0.868,0.5,2.5,2.9,4.1,1.2,1.0,0.3,0.5,1.9,4.0,18.4,-7.6,110.6,122.3,-11.7,0.196,19.8,0.015,0.081,0.047,6.0,0.52,0.594,0.222,101.26,0.111
1641708,Amen Thompson,1610612745,HOU,23.0,79,49,30,0.62,37.4,7.1,13.2,0.534,0.3,1.5,0.216,3.8,4.9,0.779,3.0,4.8,7.8,5.3,2.4,1.5,0.6,0.9,2.2,3.7,18.3,4.7,117.0,110.4,6.6,0.202,23.1,0.078,0.123,0.101,10.4,0.545,0.594,0.195,98.4,0.128
1630596,Evan Mobley,1610612739,CLE,25.0,65,40,25,0.615,31.9,7.2,13.2,0.546,1.0,3.2,0.297,2.8,4.6,0.606,2.4,6.6,9.0,3.6,1.9,0.7,1.7,0.7,2.4,3.5,18.2,3.4,117.0,111.3,5.7,0.168,17.4,0.073,0.196,0.135,9.1,0.582,0.596,0.221,101.89,0.135
1630567,Scottie Barnes,1610612761,TOR,24.0,80,45,35,0.563,33.5,7.1,14.0,0.507,0.9,2.8,0.304,3.0,3.7,0.815,1.9,5.6,7.5,5.9,2.6,1.4,1.5,0.6,2.6,3.3,18.1,3.3,114.6,110.0,4.6,0.255,24.5,0.055,0.166,0.11,10.9,0.537,0.577,0.226,101.0,0.139
1629027,Trae Young,1610612764,WAS,27.0,15,2,13,0.133,25.6,5.4,11.8,0.458,1.8,5.3,0.338,5.3,6.5,0.825,0.3,1.7,2.0,8.0,2.6,0.9,0.1,0.1,2.2,5.5,17.9,-4.4,116.1,124.1,-8.1,0.44,32.0,0.009,0.067,0.037,10.4,0.534,0.612,0.262,108.13,0.128
1630224,Jalen Green,1610612756,PHX,24.0,32,17,15,0.531,25.9,6.8,16.0,0.422,2.2,7.1,0.313,2.0,2.7,0.747,0.5,3.1,3.6,2.8,2.3,1.1,0.3,1.1,1.3,2.6,17.8,1.0,114.2,113.5,0.7,0.181,12.7,0.017,0.122,0.067,10.1,0.491,0.516,0.309,99.56,0.106
1630180,Saddiq Bey,1610612740,NOP,27.0,72,24,48,0.333,31.2,6.1,13.4,0.451,2.1,5.7,0.367,3.4,4.1,0.841,1.7,3.9,5.6,2.5,0.9,0.9,0.1,0.7,1.3,2.5,17.7,-2.6,113.3,116.8,-3.6,0.12,13.5,0.051,0.12,0.085,5.1,0.529,0.579,0.213,102.05,0.112
1631097,Bennedict Mathurin,1610612746,LAC,24.0,54,22,32,0.407,30.0,5.4,12.5,0.43,1.4,4.4,0.315,5.4,6.2,0.869,1.0,4.4,5.4,2.4,2.2,0.8,0.2,0.6,2.5,4.4,17.6,-2.7,111.4,115.3,-3.9,0.123,12.1,0.034,0.142,0.088,11.0,0.485,0.575,0.246,101.15,0.105
1629632,Coby White,1610612766,CHA,26.0,50,29,21,0.58,25.0,5.6,12.5,0.446,2.3,6.4,0.362,3.9,4.8,0.817,0.3,3.1,3.4,4.0,2.6,0.5,0.1,0.7,2.2,3.7,17.4,1.9,117.2,114.0,3.2,0.242,19.0,0.013,0.113,0.064,12.1,0.539,0.595,0.283,101.68,0.112
1629645,Kevin Porter Jr.,1610612749,MIL,26.0,38,18,20,0.474,33.2,6.3,13.5,0.465,1.2,3.8,0.322,3.6,4.1,0.878,0.9,4.3,5.2,7.4,2.9,2.2,0.5,0.8,2.3,3.6,17.4,-2.8,111.4,116.1,-4.7,0.336,28.8,0.027,0.123,0.077,11.3,0.51,0.567,0.236,99.18,0.132
1631157,Ryan Rollins,1610612749,MIL,23.0,74,29,45,0.392,32.1,6.6,13.9,0.472,2.5,6.1,0.406,1.7,2.1,0.796,0.7,3.8,4.6,5.6,2.7,1.5,0.4,1.0,2.6,2.1,17.3,-2.4,113.3,116.5,-3.2,0.264,24.2,0.023,0.115,0.07,11.7,0.561,0.583,0.236,99.55,0.111
202331,Paul George,1610612755,PHI,36.0,37,22,15,0.595,30.7,6.1,13.9,0.439,2.7,6.9,0.392,2.5,3.0,0.82,0.5,4.8,5.3,3.6,1.7,1.7,0.4,0.5,2.3,2.6,17.3,2.4,115.0,111.4,3.6,0.175,17.6,0.017,0.147,0.081,8.5,0.536,0.57,0.229,100.33,0.117
1631114,Jalen Williams,1610612760,OKC,25.0,33,25,8,0.758,28.4,6.5,13.5,0.484,0.7,2.3,0.299,3.3,3.9,0.837,0.8,3.8,4.6,5.5,1.9,1.2,0.3,0.7,2.0,3.1,17.1,6.9,118.1,106.4,11.7,0.274,24.3,0.029,0.124,0.079,8.5,0.51,0.56,0.252,102.62,0.135
1628970,Miles Bridges,1610612766,CHA,28.0,77,42,35,0.545,31.0,6.2,13.5,0.46,1.9,5.8,0.333,2.7,3.3,0.822,1.0,4.9,5.8,3.2,1.4,0.6,0.4,0.5,1.7,2.3,17.1,1.9,118.3,114.8,3.5,0.154,16.3,0.03,0.155,0.092,7.1,0.531,0.57,0.221,98.66,0.114
1631096,Chet Holmgren,1610612760,OKC,24.0,69,56,13,0.812,28.9,6.3,11.3,0.557,1.3,3.5,0.362,3.3,4.1,0.792,1.9,7.0,8.9,1.7,1.6,0.6,1.9,0.8,2.3,3.8,17.1,9.8,118.4,102.3,16.1,0.082,10.2,0.067,0.221,0.149,9.5,0.614,0.653,0.214,101.09,0.154
1630581,Josh Giddey,1610612741,CHI,23.0,54,21,33,0.389,32.1,5.9,13.3,0.448,1.9,5.2,0.364,3.2,4.2,0.763,1.2,7.1,8.3,9.1,3.6,1.0,0.5,0.8,1.7,2.9,17.0,-3.5,112.1,117.1,-5.0,0.41,32.8,0.037,0.201,0.121,13.0,0.52,0.562,0.238,104.46,0.142
1630202,Payton Pritchard,1610612738,BOS,28.0,79,54,25,0.684,32.3,6.4,13.8,0.464,2.7,7.1,0.377,1.5,1.7,0.89,0.9,3.1,3.9,5.2,1.4,0.7,0.1,0.5,1.5,1.6,17.0,5.4,120.1,112.1,8.0,0.234,24.5,0.026,0.09,0.059,6.5,0.561,0.584,0.21,95.81,0.12
1629614,Andrew Nembhard,1610612754,IND,26.0,57,13,44,0.228,31.3,5.8,13.2,0.442,1.9,5.2,0.361,3.4,4.1,0.825,0.4,2.4,2.8,7.7,2.4,0.9,0.1,0.7,2.2,3.3,16.9,-6.9,109.3,119.3,-10.0,0.37,30.6,0.013,0.075,0.044,9.6,0.513,0.564,0.233,102.27,0.111
1642264,Stephon Castle,1610612759,SAS,21.0,68,51,17,0.75,30.0,5.7,12.0,0.471,1.2,3.6,0.332,4.1,5.6,0.734,1.4,3.9,5.3,7.4,3.2,1.1,0.3,1.0,3.3,4.4,16.7,6.0,118.2,108.4,9.8,0.344,29.4,0.047,0.119,0.084,12.7,0.521,0.575,0.243,102.28,0.117
1628384,OG Anunoby,1610612752,NYK,28.0,67,45,22,0.672,33.2,5.8,12.0,0.484,2.3,6.1,0.386,2.7,3.3,0.828,1.3,4.0,5.2,2.2,1.8,1.6,0.7,0.8,2.4,2.3,16.7,6.1,119.4,110.2,9.2,0.09,12.4,0.039,0.116,0.078,10.5,0.581,0.62,0.194,99.84,0.099
1627749,Dejounte Murray,1610612740,NOP,29.0,14,5,9,0.357,27.8,6.3,13.0,0.484,1.4,4.4,0.306,2.8,3.2,0.867,0.3,5.1,5.4,6.4,3.4,1.6,0.2,0.4,2.4,2.2,16.7,1.4,116.2,114.9,1.3,0.336,26.6,0.011,0.188,0.101,14.1,0.536,0.58,0.267,100.83,0.138
204001,Kristaps Porziņģis,1610612744,GSW,30.0,32,13,19,0.406,24.0,5.4,12.1,0.446,1.7,5.0,0.338,4.2,4.9,0.842,1.3,4.0,5.2,2.5,1.3,0.6,1.2,0.4,2.9,4.3,16.7,1.4,113.8,110.8,3.0,0.162,13.9,0.05,0.158,0.104,7.0,0.515,0.582,0.265,103.63,0.124
1628401,Derrick White,1610612738,BOS,31.0,77,52,25,0.675,34.1,5.7,14.4,0.394,2.7,8.3,0.327,2.4,2.6,0.902,1.1,3.3,4.4,5.4,1.7,1.1,1.3,0.4,1.5,2.8,16.5,7.8,119.3,108.0,11.3,0.221,23.8,0.032,0.09,0.061,7.7,0.489,0.529,0.216,96.35,0.109
1628960,Grayson Allen,1610612756,PHX,30.0,51,26,25,0.51,28.8,5.3,13.1,0.403,3.1,8.9,0.349,2.8,3.3,0.857,0.7,2.3,3.0,3.8,1.6,1.4,0.3,0.6,2.3,3.0,16.5,0.4,113.9,113.8,0.1,0.206,19.2,0.023,0.081,0.051,8.2,0.522,0.568,0.231,99.12,0.105
1630193,Immanuel Quickley,1610612761,TOR,27.0,70,41,29,0.586,31.9,5.7,12.9,0.443,2.5,6.8,0.374,2.4,3.0,0.821,0.5,3.5,4.0,5.9,1.5,1.3,0.1,0.6,2.0,2.7,16.4,1.7,115.0,112.1,2.9,0.261,27.5,0.017,0.108,0.062,6.8,0.541,0.577,0.206,100.06,0.118
1641824,Matas Buzelis,1610612741,CHI,21.0,77,28,49,0.364,29.2,5.8,12.5,0.463,2.2,6.4,0.349,2.4,3.1,0.786,1.0,4.8,5.8,2.1,2.1,0.7,1.5,0.7,2.3,2.6,16.3,-4.0,110.6,116.9,-6.3,0.103,11.4,0.033,0.152,0.094,11.5,0.553,0.586,0.223,104.25,0.097
1642259,Alex Sarr,1610612764,WAS,21.0,48,11,37,0.229,27.2,6.6,13.7,0.482,1.0,3.1,0.333,2.1,3.0,0.692,2.2,5.2,7.4,2.7,1.7,0.8,2.0,1.3,2.2,2.6,16.3,-7.3,108.0,120.4,-12.4,0.161,14.0,0.073,0.179,0.126,8.8,0.52,0.544,0.252,103.35,0.121
1641727,Dariq Whitehead,1610612763,MEM,21.0,6,0,6,0.0,30.5,6.2,15.5,0.398,3.2,10.0,0.317,0.8,1.2,0.714,0.3,3.7,4.0,1.5,1.7,0.7,0.0,0.7,2.2,0.8,16.3,-16.5,102.5,126.5,-24.1,0.078,7.8,0.009,0.12,0.059,8.7,0.5,0.51,0.231,106.73,0.062
201950,Jrue Holiday,1610612757,POR,36.0,53,28,25,0.528,29.4,6.0,13.4,0.451,2.6,6.8,0.378,1.7,2.0,0.838,1.3,3.3,4.6,6.1,2.8,1.0,0.1,0.7,1.5,1.7,16.3,3.7,114.6,108.6,6.1,0.302,26.4,0.042,0.108,0.074,12.0,0.548,0.573,0.227,103.5,0.124
203932,Aaron Gordon,1610612743,DEN,30.0,36,27,9,0.75,27.9,5.5,11.1,0.497,1.7,4.4,0.389,3.5,4.5,0.767,1.4,4.4,5.8,2.7,1.1,0.6,0.3,0.4,1.7,3.4,16.2,7.6,124.7,112.0,12.7,0.13,15.9,0.052,0.148,0.102,6.3,0.574,0.62,0.213,99.99,0.117
1642845,VJ Edgecombe,1610612755,PHI,20.0,75,43,32,0.573,35.0,6.0,13.7,0.438,2.0,5.6,0.354,2.0,2.4,0.818,1.6,4.0,5.6,4.2,1.8,1.4,0.5,0.7,2.9,1.9,16.0,0.8,114.8,113.9,0.9,0.172,20.2,0.044,0.111,0.077,8.8,0.51,0.54,0.196,100.44,0.092
1631095,Jabari Smith Jr.,1610612745,HOU,23.0,77,48,29,0.623,35.1,5.7,12.7,0.449,2.3,6.3,0.363,2.1,2.7,0.775,1.4,5.5,6.9,1.9,1.4,0.7,0.9,0.7,2.5,2.1,15.8,3.4,117.0,112.0,5.0,0.073,10.9,0.039,0.152,0.096,8.0,0.54,0.569,0.179,97.66,0.093
1627734,Domantas Sabonis,1610612758,SAC,30.0,19,3,16,0.158,29.7,6.3,11.6,0.543,0.3,1.4,0.185,2.9,4.1,0.727,3.4,8.0,11.4,4.1,2.7,0.9,0.2,0.9,3.5,3.6,15.8,-9.3,110.0,123.9,-13.9,0.209,20.4,0.108,0.283,0.191,13.3,0.554,0.59,0.223,102.46,0.131
1631170,Jaime Jaquez Jr.,1610612748,MIA,25.0,75,41,34,0.547,28.3,6.2,12.2,0.507,0.8,2.4,0.317,2.2,2.9,0.769,1.3,3.7,5.0,4.7,2.0,0.7,0.3,1.0,1.8,2.2,15.4,1.9,114.7,111.9,2.9,0.24,23.3,0.042,0.117,0.08,10.1,0.539,0.57,0.216,105.49,0.113
1629012,Collin Sexton,1610612741,CHI,27.0,68,25,43,0.368,23.7,5.3,10.9,0.485,1.6,4.1,0.401,3.2,3.8,0.855,0.6,1.7,2.3,3.3,2.1,1.1,0.1,0.9,2.1,3.4,15.4,-1.7,110.5,113.6,-3.0,0.217,18.4,0.024,0.065,0.045,11.6,0.561,0.615,0.248,103.17,0.113
1628386,Jarrett Allen,1610612739,CLE,28.0,56,37,19,0.661,27.1,6.0,9.4,0.638,0.0,0.2,0.1,3.3,4.7,0.709,2.6,5.9,8.5,1.8,1.3,1.0,0.8,0.6,1.7,4.0,15.4,3.8,119.3,112.9,6.4,0.092,12.1,0.097,0.202,0.152,9.1,0.639,0.669,0.196,102.56,0.143
203952,Andrew Wiggins,1610612748,MIA,31.0,68,35,33,0.515,30.3,5.7,12.1,0.475,2.0,4.9,0.414,1.9,2.4,0.784,1.7,3.1,4.8,2.7,1.5,1.1,1.0,0.6,2.3,1.9,15.4,0.1,113.7,113.9,-0.1,0.123,15.5,0.051,0.098,0.074,8.8,0.559,0.586,0.194,104.97,0.092
1630168,Onyeka Okongwu,1610612737,ATL,25.0,74,41,33,0.554,31.0,5.6,11.6,0.48,1.9,5.2,0.376,2.1,2.7,0.757,1.9,5.7,7.6,3.1,1.7,1.1,1.1,0.7,3.3,2.3,15.2,1.5,113.4,111.3,2.1,0.14,17.7,0.058,0.178,0.117,9.7,0.564,0.592,0.189,104.39,0.104
201566,Russell Westbrook,1610612758,SAC,37.0,64,16,48,0.25,28.9,5.6,13.1,0.427,2.0,5.9,0.338,2.0,2.9,0.694,1.3,4.2,5.4,6.7,3.3,1.3,0.2,0.7,2.3,2.2,15.2,-7.1,110.0,122.1,-12.1,0.33,27.4,0.042,0.147,0.093,13.4,0.503,0.528,0.252,102.15,0.105
1630230,Naji Marshall,1610612742,DAL,28.0,74,25,49,0.338,29.5,5.7,11.1,0.51,0.8,2.9,0.291,3.1,4.1,0.76,0.9,3.8,4.7,3.3,1.6,1.1,0.1,0.6,1.9,2.6,15.2,-2.9,109.7,114.3,-4.6,0.162,18.4,0.028,0.12,0.075,9.1,0.548,0.592,0.2,104.35,0.106
202696,Nikola Vučević,1610612738,BOS,35.0,64,35,29,0.547,28.4,6.2,12.5,0.493,1.6,4.2,0.369,1.2,1.5,0.828,2.0,6.4,8.4,3.3,1.3,0.6,0.6,0.5,2.0,1.8,15.1,-0.7,113.1,114.8,-1.7,0.175,18.7,0.067,0.211,0.141,7.4,0.556,0.574,0.213,101.99,0.127
1631113,Kennedy Chandler,1610612762,UTA,23.0,11,1,10,0.091,32.3,5.5,12.5,0.445,1.4,3.5,0.395,2.5,3.9,0.651,0.5,2.8,3.4,6.7,2.1,1.0,0.2,1.3,2.1,3.4,15.0,-6.3,113.3,122.6,-9.3,0.261,29.2,0.015,0.085,0.049,9.1,0.5,0.529,0.195,109.25,0.081
1641710,Anthony Black,1610612753,ORL,22.0,64,36,28,0.563,29.8,5.4,12.1,0.447,1.6,4.7,0.333,2.6,3.6,0.732,0.7,3.1,3.8,3.7,2.1,1.4,0.7,0.8,2.7,2.9,15.0,-0.2,113.3,113.1,0.2,0.185,19.1,0.024,0.101,0.062,10.7,0.512,0.549,0.219,101.05,0.09
1641729,Brice Sensabaugh,1610612762,UTA,22.0,75,18,57,0.24,23.5,5.3,11.4,0.46,2.2,5.9,0.367,2.2,2.7,0.826,0.7,2.3,3.1,1.9,1.7,0.7,0.2,0.7,1.9,2.0,14.9,-5.1,111.4,120.8,-9.4,0.124,11.9,0.03,0.097,0.063,10.3,0.554,0.59,0.244,105.02,0.09
1642273,Kyshawn George,1610612764,WAS,22.0,48,10,38,0.208,29.0,5.3,12.0,0.438,2.1,5.4,0.381,2.2,2.7,0.802,0.9,4.2,5.1,4.5,2.6,1.0,0.9,0.8,3.5,2.6,14.8,-7.4,108.3,119.7,-11.5,0.226,22.0,0.028,0.135,0.081,12.9,0.524,0.559,0.222,103.49,0.09
1630245,Ayo Dosunmu,1610612750,MIN,26.0,69,36,33,0.522,27.3,5.6,10.8,0.517,1.8,4.1,0.439,1.8,2.1,0.876,0.7,2.8,3.4,3.6,1.4,0.8,0.3,0.8,1.9,1.5,14.8,-1.0,111.7,113.2,-1.5,0.202,21.7,0.024,0.093,0.059,8.4,0.599,0.63,0.197,103.16,0.114
1630183,Jaden McDaniels,1610612750,MIN,25.0,73,44,29,0.603,31.7,5.7,11.1,0.515,1.4,3.4,0.412,2.0,2.4,0.835,1.0,3.2,4.2,2.7,1.8,1.1,1.0,0.6,3.3,2.1,14.8,1.6,115.5,112.4,3.1,0.121,16.4,0.033,0.094,0.065,10.8,0.579,0.611,0.182,102.0,0.088
1631212,Peyton Watson,1610612743,DEN,23.0,54,36,18,0.667,29.6,5.3,10.8,0.491,1.5,3.6,0.411,2.6,3.5,0.73,0.9,4.0,4.9,2.1,1.7,0.9,1.1,0.6,2.5,2.6,14.6,3.6,123.7,117.6,6.2,0.096,12.8,0.033,0.127,0.083,10.7,0.56,0.594,0.204,99.45,0.087
1631117,Walker Kessler,1610612762,UTA,24.0,5,2,3,0.4,30.8,5.2,7.4,0.703,1.2,1.6,0.75,2.8,4.0,0.7,4.6,6.2,10.8,3.0,3.2,1.4,1.8,1.0,4.4,2.4,14.4,2.8,118.8,114.0,4.8,0.155,19.5,0.149,0.183,0.167,20.8,0.784,0.786,0.167,98.04,0.138
1628969,Mikal Bridges,1610612752,NYK,29.0,82,53,29,0.646,32.8,5.8,11.7,0.49,1.9,5.1,0.371,1.0,1.2,0.827,1.0,2.8,3.8,3.7,1.0,1.3,0.8,0.2,2.0,1.5,14.4,3.6,118.0,112.0,6.0,0.158,21.9,0.029,0.085,0.057,6.0,0.571,0.587,0.17,98.88,0.099
1629014,Anfernee Simons,1610612741,CHI,27.0,55,31,24,0.564,24.9,5.2,11.8,0.44,2.7,6.9,0.385,1.3,1.4,0.896,0.6,1.9,2.5,2.4,1.2,0.5,0.1,0.5,1.7,1.1,14.3,1.8,116.9,114.0,3.0,0.151,15.3,0.021,0.075,0.047,7.7,0.552,0.576,0.227,97.42,0.096
1642504,Cormac Ryan,1610612749,MIL,27.0,11,2,9,0.182,24.6,4.8,9.3,0.52,2.5,5.4,0.458,2.2,2.4,0.923,0.7,1.8,2.5,1.7,1.5,1.0,0.3,0.4,2.5,1.9,14.3,-1.6,116.0,119.0,-3.1,0.11,12.8,0.032,0.078,0.055,11.5,0.652,0.692,0.206,96.73,0.104
1642847,Jeremiah Fears,1610612740,NOP,19.0,82,26,56,0.317,25.8,5.3,12.3,0.434,1.2,3.7,0.33,2.4,3.0,0.789,0.7,2.9,3.7,3.4,2.2,1.2,0.4,1.1,1.8,2.5,14.3,-3.5,111.8,118.2,-6.4,0.195,17.8,0.026,0.109,0.067,11.3,0.485,0.525,0.245,102.98,0.093
1629023,P.J. Washington,1610612742,DAL,27.0,56,16,40,0.286,31.0,5.3,11.8,0.45,1.4,4.2,0.325,2.2,3.3,0.687,1.5,5.5,7.0,1.8,1.7,1.0,1.1,0.8,2.1,2.4,14.2,-4.9,107.0,114.4,-7.3,0.082,10.6,0.045,0.162,0.105,10.1,0.508,0.537,0.194,103.86,0.093
1630703,Scoot Henderson,1610612757,POR,22.0,30,18,12,0.6,24.9,4.8,11.4,0.418,1.9,5.4,0.352,2.8,3.3,0.84,0.6,2.1,2.7,3.7,2.4,0.9,0.3,0.6,2.8,3.0,14.2,1.8,112.2,109.0,3.2,0.231,19.5,0.022,0.078,0.05,12.7,0.501,0.553,0.246,103.34,0.086
1626162,Kelly Oubre Jr.,1610612755,PHI,30.0,50,27,23,0.54,31.5,5.1,10.9,0.467,1.7,4.8,0.36,2.2,2.9,0.766,1.0,4.0,5.0,1.6,1.4,1.4,0.5,0.7,2.5,2.5,14.1,-1.3,115.3,117.2,-1.9,0.073,10.6,0.031,0.121,0.077,9.2,0.546,0.58,0.179,100.39,0.083
1630200,Tre Jones,1610612741,CHI,26.0,65,27,38,0.415,27.0,5.2,9.5,0.553,0.6,2.0,0.315,2.9,3.5,0.841,0.6,2.6,3.1,5.4,1.4,1.2,0.2,0.8,1.4,2.9,14.1,-2.1,111.0,114.8,-3.8,0.284,30.1,0.02,0.088,0.054,7.9,0.586,0.637,0.186,106.25,0.126
1627826,Ivica Zubac,1610612754,IND,29.0,48,17,31,0.354,30.1,6.0,10.0,0.598,0.0,0.0,0.0,2.1,3.0,0.711,3.4,7.2,10.6,2.2,1.8,0.4,0.8,0.7,2.3,3.1,14.1,-1.0,115.6,117.9,-2.4,0.11,14.3,0.117,0.234,0.178,11.7,0.598,0.622,0.186,97.51,0.13
1631099,Keegan Murray,1610612758,SAC,25.0,23,5,18,0.217,34.5,5.5,13.0,0.42,1.3,4.9,0.277,1.7,2.1,0.776,1.4,4.3,5.7,1.7,1.2,1.0,1.6,0.7,1.8,1.7,14.0,-7.1,107.6,118.4,-10.7,0.07,9.8,0.039,0.122,0.079,7.0,0.472,0.499,0.182,100.29,0.078
1630583,Santi Aldama,1610612763,MEM,25.0,43,19,24,0.442,27.9,5.3,11.1,0.479,1.6,4.7,0.35,1.8,2.7,0.667,1.6,5.1,6.7,2.9,1.3,0.9,0.7,0.3,1.6,2.2,14.0,-1.1,113.6,116.0,-2.4,0.153,18.1,0.052,0.171,0.112,7.9,0.553,0.572,0.191,103.47,0.115
1630170,Devin Vassell,1610612759,SAS,25.0,67,52,15,0.776,30.5,4.9,11.3,0.437,2.5,6.4,0.384,1.6,1.9,0.815,0.6,3.4,4.0,2.5,0.9,0.9,0.4,0.3,1.6,1.4,13.9,7.3,121.3,109.9,11.4,0.107,16.2,0.019,0.102,0.063,5.8,0.547,0.574,0.176,101.48,0.087
1630591,Jalen Suggs,1610612753,ORL,25.0,57,34,23,0.596,27.6,4.9,11.4,0.435,2.1,6.3,0.339,1.8,2.1,0.855,0.6,3.2,3.9,5.5,2.7,1.8,0.7,0.4,2.5,2.3,13.8,3.2,113.6,108.4,5.2,0.284,26.8,0.022,0.112,0.068,13.1,0.529,0.561,0.22,104.54,0.11
1642846,Ace Bailey,1610612762,UTA,19.0,72,19,53,0.264,27.6,5.5,12.4,0.443,1.9,5.5,0.344,0.9,1.2,0.75,1.4,2.8,4.2,1.8,1.5,0.8,0.7,0.4,2.7,1.2,13.8,-6.2,109.8,120.4,-10.7,0.098,11.2,0.048,0.097,0.072,9.2,0.52,0.533,0.21,104.58,0.069
1630174,Aaron Nesmith,1610612754,IND,26.0,45,10,35,0.222,29.7,4.7,11.4,0.414,2.3,6.2,0.379,2.0,2.5,0.829,1.1,3.1,4.2,1.9,1.4,0.6,0.5,0.8,2.8,2.6,13.8,-4.5,111.1,118.4,-7.3,0.091,12.2,0.034,0.102,0.067,9.0,0.517,0.554,0.19,103.09,0.067
1641764,Brandin Podziemski,1610612744,GSW,23.0,82,37,45,0.451,28.4,4.8,10.6,0.455,1.9,5.0,0.371,2.3,2.9,0.797,0.9,4.2,5.1,3.7,1.6,1.1,0.2,0.4,1.7,2.8,13.8,0.2,110.3,110.4,-0.1,0.198,21.6,0.029,0.147,0.087,9.3,0.543,0.583,0.196,101.31,0.114
1629631,De'Andre Hunter,1610612758,SAC,28.0,45,24,21,0.533,26.1,4.6,11.1,0.415,1.7,5.5,0.305,2.8,3.2,0.867,0.7,3.4,4.1,2.0,1.7,0.7,0.1,0.4,2.5,3.1,13.7,-0.5,114.1,115.0,-0.9,0.11,12.4,0.023,0.127,0.074,10.3,0.49,0.545,0.218,103.39,0.077
1626171,Bobby Portis Jr.,1610612749,MIL,31.0,67,26,41,0.388,24.2,5.5,11.2,0.488,2.0,4.4,0.456,0.7,1.0,0.706,1.3,5.1,6.4,1.6,1.0,0.6,0.2,0.3,1.6,1.0,13.7,-4.0,110.2,118.4,-8.2,0.103,11.1,0.055,0.198,0.129,6.9,0.578,0.587,0.225,98.78,0.122
1642907,Cedric Coward,1610612763,MEM,22.0,62,20,42,0.323,25.8,4.9,10.5,0.471,1.5,4.4,0.338,2.3,2.7,0.843,1.3,4.5,5.9,2.8,1.7,0.6,0.4,0.7,2.0,2.1,13.6,0.4,113.8,113.5,0.3,0.154,17.2,0.05,0.16,0.106,10.6,0.542,0.585,0.207,104.31,0.11
1642349,Ajay Mitchell,1610612760,OKC,24.0,57,50,7,0.877,25.8,5.0,10.4,0.485,1.1,3.1,0.347,2.5,2.8,0.87,0.7,2.6,3.3,3.6,1.4,1.2,0.3,0.5,2.1,2.6,13.6,8.8,118.2,102.5,15.6,0.194,21.8,0.027,0.093,0.062,8.6,0.536,0.585,0.21,102.48,0.116
1628381,John Collins,1610612746,LAC,28.0,69,32,37,0.464,27.1,5.3,9.6,0.552,1.3,3.2,0.406,1.7,2.2,0.766,1.6,3.7,5.3,1.0,1.4,0.9,0.7,0.6,2.7,2.2,13.6,-0.6,113.9,115.1,-1.2,0.058,7.9,0.061,0.135,0.099,10.7,0.62,0.643,0.188,97.98,0.098
1641744,Zach Edey,1610612763,MEM,24.0,11,7,4,0.636,25.8,5.6,8.9,0.633,0.1,0.5,0.2,2.3,2.9,0.781,3.9,7.2,11.1,1.1,2.4,0.6,1.9,0.5,3.4,3.4,13.6,10.3,112.8,94.5,18.3,0.061,7.9,0.148,0.243,0.198,17.2,0.638,0.669,0.2,101.72,0.157
1629675,Naz Reid,1610612750,MIN,26.0,77,46,31,0.597,26.1,5.2,11.3,0.456,2.1,5.8,0.362,1.2,1.6,0.732,1.2,5.0,6.2,2.2,1.6,1.0,1.0,0.5,2.5,1.5,13.6,2.2,113.0,109.9,3.2,0.124,13.9,0.042,0.187,0.113,10.3,0.549,0.565,0.212,102.77,0.112
203501,Tim Hardaway Jr.,1610612743,DEN,34.0,80,52,28,0.65,26.6,4.4,9.7,0.447,2.8,6.9,0.407,2.0,2.5,0.811,0.2,2.4,2.6,1.4,0.5,0.5,0.1,0.2,1.3,1.9,13.5,2.5,119.4,114.9,4.5,0.07,10.7,0.008,0.082,0.047,4.3,0.591,0.624,0.177,101.24,0.085
1630560,Cam Thomas,1610612749,MIL,24.0,42,12,30,0.286,21.0,4.5,11.0,0.41,1.2,4.0,0.31,3.3,4.0,0.811,0.3,1.4,1.7,2.6,1.8,0.2,0.1,0.7,1.0,3.5,13.5,-5.1,111.7,123.8,-12.1,0.208,15.1,0.012,0.071,0.041,10.4,0.466,0.53,0.295,96.65,0.089
1642263,Reed Sheppard,1610612745,HOU,22.0,82,52,30,0.634,26.2,5.0,11.5,0.43,2.8,7.0,0.394,0.8,1.0,0.802,0.3,2.6,2.9,3.4,1.5,1.5,0.7,0.4,2.0,0.8,13.5,3.4,115.9,111.6,4.3,0.183,20.1,0.012,0.092,0.053,8.9,0.55,0.564,0.21,98.73,0.102
1641739,Toumani Camara,1610612757,POR,26.0,82,42,40,0.512,33.3,4.8,10.9,0.44,2.7,7.2,0.37,1.2,1.7,0.708,1.6,3.6,5.1,2.5,1.8,1.1,0.4,0.5,2.9,2.7,13.4,0.4,114.3,113.0,1.3,0.103,15.5,0.043,0.103,0.072,11.1,0.563,0.578,0.16,102.27,0.073
1629673,Jordan Poole,1610612740,NOP,27.0,39,16,23,0.41,23.9,4.2,11.4,0.372,2.5,7.4,0.333,2.5,2.9,0.86,0.2,1.7,2.0,3.1,1.8,0.6,0.4,0.7,2.3,2.9,13.4,-3.7,109.4,117.3,-7.9,0.185,17.6,0.009,0.067,0.037,10.2,0.48,0.53,0.235,104.18,0.073
1629656,Quentin Grimes,1610612755,PHI,26.0,75,42,33,0.56,29.4,4.5,10.1,0.45,1.7,5.1,0.334,2.7,3.2,0.84,0.6,3.0,3.6,3.3,1.8,0.9,0.4,0.4,2.1,2.6,13.4,0.1,112.4,112.4,-0.1,0.159,19.8,0.02,0.096,0.058,10.8,0.534,0.585,0.183,101.43,0.092
202699,Tobias Harris,1610612765,DET,33.0,63,46,17,0.73,27.7,4.9,10.5,0.469,1.3,3.5,0.368,2.2,2.5,0.866,0.9,4.3,5.1,2.5,1.0,0.9,0.4,0.6,1.7,1.7,13.3,5.8,118.6,108.6,10.0,0.12,16.7,0.03,0.145,0.088,6.7,0.531,0.574,0.181,100.9,0.112
1629640,Keldon Johnson,1610612759,SAS,26.0,82,62,20,0.756,23.3,5.0,9.7,0.519,1.2,3.3,0.363,1.9,2.4,0.794,1.7,3.7,5.4,1.4,0.9,0.6,0.1,0.7,2.0,1.8,13.2,3.9,116.0,108.2,7.8,0.085,10.4,0.067,0.143,0.106,6.6,0.582,0.613,0.201,102.22,0.118
1642281,Jaylon Tyson,1610612739,CLE,23.0,66,41,25,0.621,26.9,5.0,10.2,0.493,2.0,4.5,0.446,1.2,1.6,0.738,1.8,3.3,5.1,2.2,1.5,0.8,0.4,0.6,2.5,1.5,13.2,1.7,117.0,113.4,3.6,0.115,15.3,0.064,0.118,0.091,10.3,0.592,0.608,0.189,101.39,0.092
1630314,Brandon Williams,1610612742,DAL,26.0,66,23,43,0.348,22.2,4.4,9.3,0.472,0.5,2.3,0.232,3.7,4.6,0.793,0.5,2.4,2.9,3.9,1.9,0.9,0.3,0.8,1.6,3.6,13.0,-2.2,111.2,115.6,-4.4,0.256,22.5,0.019,0.105,0.062,11.0,0.501,0.572,0.242,105.52,0.115
1628398,Kyle Kuzma,1610612749,MIL,30.0,69,31,38,0.449,26.2,4.9,10.0,0.492,1.2,3.5,0.347,2.0,2.7,0.726,0.8,3.7,4.5,2.7,1.7,0.7,0.4,0.5,1.9,2.3,13.0,-4.1,110.2,116.8,-6.6,0.153,17.2,0.032,0.134,0.084,11.1,0.552,0.581,0.212,100.59,0.096
1630241,Sam Merrill,1610612739,CLE,30.0,52,37,15,0.712,26.5,4.3,9.3,0.461,3.0,7.2,0.421,1.1,1.3,0.855,0.5,2.0,2.6,2.4,0.8,0.6,0.1,0.2,2.4,1.8,12.8,4.7,120.3,112.6,7.7,0.119,18.4,0.02,0.072,0.047,6.2,0.624,0.644,0.167,101.54,0.081
1631221,Collin Gillespie,1610612756,PHX,27.0,80,43,37,0.538,28.5,4.4,10.5,0.418,2.9,7.2,0.401,1.0,1.1,0.874,1.1,3.0,4.1,4.6,1.6,1.2,0.2,0.4,1.6,1.7,12.7,2.5,113.7,110.0,3.7,0.228,27.1,0.036,0.107,0.07,9.1,0.556,0.575,0.181,99.53,0.108
1629028,Deandre Ayton,1610612747,LAL,27.0,72,46,26,0.639,27.2,5.6,8.3,0.671,0.0,0.0,0.0,1.3,2.0,0.645,2.6,5.4,8.0,0.8,1.2,0.6,1.0,0.4,2.2,1.6,12.5,-0.1,115.6,115.5,0.1,0.044,7.3,0.103,0.2,0.154,10.3,0.671,0.676,0.164,99.65,0.117
1642875,Maxime Raynaud,1610612758,SAC,23.0,74,21,53,0.284,26.5,5.2,9.1,0.571,0.3,1.0,0.324,1.8,2.3,0.786,1.9,5.6,7.5,1.4,1.3,0.5,0.5,0.5,2.3,1.9,12.5,-6.2,110.4,121.3,-10.9,0.074,10.6,0.07,0.211,0.14,10.0,0.589,0.619,0.178,101.41,0.109
1642377,Jaylen Wells,1610612763,MEM,22.0,69,24,45,0.348,26.4,4.4,10.1,0.431,1.9,5.3,0.353,1.9,2.5,0.784,0.9,2.3,3.2,1.6,1.1,0.9,0.1,0.5,2.1,2.6,12.5,-2.6,113.4,117.8,-4.4,0.085,11.6,0.031,0.086,0.058,7.8,0.524,0.559,0.189,102.14,0.069
1641713,GG Jackson,1610612763,MEM,21.0,55,16,39,0.291,21.4,4.6,9.3,0.496,1.2,3.5,0.332,2.0,2.7,0.742,0.9,3.4,4.3,1.5,1.5,0.6,0.8,0.6,1.4,1.9,12.5,-1.5,114.0,117.5,-3.5,0.103,10.9,0.04,0.154,0.097,11.4,0.558,0.591,0.23,102.85,0.108
1628370,Malik Monk,1610612758,SAC,28.0,62,18,44,0.29,22.0,4.5,10.2,0.438,2.0,5.1,0.395,1.5,1.7,0.879,0.2,1.6,1.9,3.0,1.5,0.6,0.4,0.5,1.6,1.5,12.5,-4.1,110.0,118.3,-8.3,0.208,19.4,0.01,0.071,0.041,9.5,0.536,0.568,0.234,102.11,0.094
1629001,De'Anthony Melton,1610612744,GSW,28.0,49,22,27,0.449,23.0,4.4,10.8,0.407,1.5,5.0,0.294,2.0,2.5,0.826,0.8,2.4,3.2,2.6,1.9,1.6,0.4,0.6,1.9,1.9,12.3,1.9,114.3,110.4,3.9,0.164,15.7,0.033,0.108,0.07,11.4,0.475,0.518,0.244,101.48,0.09
1641730,Noah Clowney,1610612751,BKN,21.0,66,17,49,0.258,27.0,3.8,9.6,0.396,2.0,5.9,0.329,2.7,3.4,0.804,0.8,3.3,4.1,1.6,1.5,0.8,0.7,0.6,2.5,2.8,12.3,-5.0,109.7,118.3,-8.7,0.095,11.5,0.029,0.128,0.077,10.8,0.498,0.554,0.202,98.49,0.072
1631108,Max Christie,1610612742,DAL,23.0,77,24,53,0.312,29.1,4.2,9.4,0.441,2.3,5.8,0.404,1.6,1.8,0.899,0.2,3.0,3.2,2.0,1.2,0.6,0.4,0.5,1.3,1.5,12.3,-4.4,108.3,115.2,-6.9,0.095,14.6,0.006,0.097,0.052,9.3,0.566,0.601,0.162,103.23,0.079
1630228,Jonathan Kuminga,1610612737,ATL,23.0,36,22,14,0.611,23.1,4.4,9.4,0.463,1.0,2.9,0.333,2.5,3.4,0.724,1.4,4.3,5.6,2.3,1.9,0.6,0.3,0.7,1.5,2.6,12.2,2.0,112.0,108.0,4.1,0.148,15.3,0.056,0.182,0.118,12.3,0.515,0.557,0.226,102.73,0.111
1629661,Cameron Johnson,1610612743,DEN,30.0,54,37,17,0.685,30.5,4.2,8.8,0.48,2.0,4.7,0.43,1.7,2.1,0.839,0.8,3.0,3.8,2.4,0.9,0.7,0.4,0.5,2.3,1.6,12.2,6.4,124.2,114.7,9.5,0.098,18.8,0.027,0.095,0.063,6.7,0.596,0.629,0.144,101.38,0.075
1642848,Tre Johnson,1610612764,WAS,20.0,60,12,48,0.2,24.0,4.5,10.8,0.419,1.9,5.4,0.358,1.3,1.5,0.874,0.5,2.4,2.8,2.0,1.6,0.6,0.3,0.2,2.0,1.2,12.2,-5.6,108.7,119.9,-11.2,0.122,13.6,0.018,0.093,0.055,10.3,0.508,0.535,0.22,104.38,0.068
1629130,Duncan Robinson,1610612765,DET,32.0,77,58,19,0.753,27.4,4.1,9.1,0.456,2.9,7.0,0.41,1.1,1.4,0.755,0.4,2.3,2.7,2.1,0.7,0.6,0.3,0.2,2.2,1.5,12.2,7.0,120.8,109.5,11.3,0.094,16.7,0.014,0.08,0.047,5.7,0.613,0.629,0.152,101.22,0.078
1628978,Donte DiVincenzo,1610612750,MIN,29.0,82,49,33,0.598,30.4,4.1,10.2,0.406,3.0,7.9,0.379,1.0,1.3,0.743,0.8,3.3,4.1,3.8,1.4,1.3,0.4,0.2,2.4,1.5,12.2,4.1,116.3,110.0,6.2,0.164,23.9,0.026,0.1,0.064,9.0,0.552,0.567,0.164,102.07,0.084
1630541,Moses Moody,1610612744,GSW,24.0,60,30,30,0.5,25.7,4.1,9.3,0.44,2.5,6.3,0.401,1.5,1.9,0.77,0.9,2.5,3.3,1.6,1.0,1.0,0.6,0.4,2.0,1.4,12.1,1.3,111.1,108.9,2.2,0.093,13.0,0.031,0.092,0.061,7.5,0.575,0.6,0.174,102.6,0.083
1642270,Donovan Clingan,1610612757,POR,22.0,77,41,36,0.532,27.2,4.6,8.9,0.52,1.1,3.2,0.341,1.8,2.6,0.68,4.5,7.1,11.6,2.1,1.2,0.6,1.7,0.5,2.4,2.3,12.1,0.2,113.9,113.8,0.1,0.112,15.7,0.149,0.254,0.199,9.2,0.582,0.604,0.163,101.86,0.139
1628404,Josh Hart,1610612752,NYK,31.0,66,44,22,0.667,30.2,4.6,9.0,0.508,1.5,3.7,0.413,1.4,1.9,0.72,1.4,6.0,7.4,4.8,1.9,1.1,0.3,0.6,2.5,2.1,12.0,3.2,118.0,112.5,5.5,0.212,29.2,0.047,0.2,0.123,11.8,0.593,0.612,0.163,98.97,0.118
1641803,Tristen Newton,1610612745,HOU,25.0,1,1,0,1.0,12.0,4.0,9.0,0.444,2.0,5.0,0.4,2.0,3.0,0.667,2.0,1.0,3.0,0.0,0.0,1.0,0.0,1.0,0.0,3.0,12.0,2.0,128.0,120.0,8.0,0.0,0.0,0.143,0.077,0.111,0.0,0.556,0.581,0.345,100.0,0.149
1630540,Miles McBride,1610612752,NYK,25.0,41,25,16,0.61,26.3,4.2,9.9,0.423,2.7,6.6,0.413,0.9,1.1,0.787,0.6,1.9,2.4,2.6,0.8,0.9,0.2,0.3,1.7,1.0,12.0,5.5,119.9,110.4,9.5,0.136,18.8,0.02,0.068,0.044,5.9,0.562,0.578,0.174,98.57,0.085
1631128,Christian Braun,1610612743,DEN,25.0,44,29,15,0.659,31.8,4.6,8.8,0.519,1.0,3.3,0.301,1.8,2.3,0.782,1.4,3.4,4.8,2.7,1.0,0.7,0.3,0.7,2.3,1.7,12.0,6.6,124.2,114.1,10.1,0.108,20.1,0.046,0.101,0.075,7.2,0.575,0.607,0.142,101.38,0.076
1626167,Myles Turner,1610612749,MIL,30.0,71,30,41,0.423,26.9,4.0,9.1,0.44,2.1,5.4,0.383,1.8,2.5,0.74,1.1,4.3,5.3,1.5,1.2,0.7,1.6,0.5,2.6,2.2,11.9,-3.2,109.6,115.8,-6.2,0.079,11.3,0.039,0.152,0.096,9.1,0.553,0.584,0.181,100.47,0.086
1630700,Dyson Daniels,1610612737,ATL,23.0,76,44,32,0.579,33.2,5.3,10.2,0.517,0.3,1.5,0.188,1.0,1.6,0.615,2.4,4.4,6.8,5.9,1.8,2.0,0.4,0.6,2.2,1.7,11.9,4.0,116.8,110.6,6.2,0.23,31.8,0.071,0.129,0.1,9.6,0.532,0.542,0.157,103.18,0.106
1642396,Blake Hinson,1610612762,UTA,26.0,14,4,10,0.286,20.4,4.2,8.2,0.513,2.6,5.6,0.468,0.9,1.1,0.75,0.8,1.6,2.4,1.1,0.4,0.4,0.1,0.3,1.7,1.0,11.9,3.2,114.5,107.8,6.7,0.077,11.3,0.035,0.071,0.053,3.5,0.674,0.684,0.175,104.01,0.101
1642882,Julian Reese,1610612764,WAS,23.0,13,1,12,0.077,30.9,4.8,9.2,0.529,0.0,0.0,0.0,2.2,3.4,0.636,4.2,6.3,10.5,1.8,2.5,1.4,0.6,1.8,3.2,3.5,11.8,-8.6,110.8,122.6,-11.8,0.084,12.3,0.133,0.219,0.174,16.4,0.529,0.557,0.173,102.52,0.092
1628976,Wendell Carter Jr.,1610612753,ORL,27.0,78,43,35,0.551,29.3,4.2,8.2,0.512,0.9,2.9,0.319,2.5,3.2,0.792,2.1,5.3,7.4,2.0,1.3,0.8,0.6,0.6,3.4,2.9,11.8,1.2,113.5,111.3,2.2,0.095,15.3,0.07,0.177,0.124,10.0,0.568,0.617,0.156,101.62,0.096
1642844,Dylan Harper,1610612759,SAS,20.0,69,53,16,0.768,22.6,4.8,9.5,0.505,0.9,2.6,0.343,1.3,1.7,0.756,0.8,2.6,3.4,3.9,1.4,0.8,0.3,0.8,2.0,1.4,11.8,4.4,116.9,107.4,9.5,0.246,24.9,0.033,0.106,0.07,9.3,0.551,0.574,0.211,101.49,0.113
1642852,Derik Queen,1610612740,NOP,21.0,81,26,55,0.321,25.0,4.4,9.2,0.473,0.3,1.1,0.261,2.7,3.4,0.795,1.7,5.4,7.1,3.7,2.3,1.0,0.9,0.8,2.7,2.7,11.7,-3.8,112.7,119.4,-6.7,0.208,21.9,0.065,0.207,0.136,14.0,0.489,0.546,0.214,103.32,0.109
1629651,Nic Claxton,1610612751,BKN,27.0,69,17,52,0.246,27.8,4.8,8.4,0.571,0.0,0.3,0.158,2.0,3.3,0.616,2.4,4.5,6.9,3.7,1.4,0.7,1.1,0.7,2.3,3.5,11.7,-7.5,107.4,120.3,-12.9,0.216,24.6,0.084,0.167,0.124,9.3,0.574,0.592,0.175,98.37,0.117
1641731,Bilal Coulibaly,1610612764,WAS,21.0,56,14,42,0.25,26.2,4.1,9.7,0.425,1.2,3.6,0.319,2.4,3.2,0.746,0.9,3.5,4.3,2.6,1.4,1.3,1.0,0.6,2.3,2.4,11.7,-7.4,108.5,121.2,-12.8,0.137,17.1,0.03,0.128,0.077,9.6,0.485,0.531,0.193,104.43,0.082
1631109,Mark Williams,1610612756,PHX,24.0,60,34,26,0.567,23.6,4.7,7.3,0.644,0.0,0.0,1.0,2.3,2.9,0.771,3.1,4.9,8.0,1.0,1.1,0.9,0.9,0.4,2.2,2.4,11.7,-0.7,111.3,113.3,-2.0,0.064,9.2,0.124,0.201,0.162,10.3,0.645,0.68,0.167,101.01,0.141
202691,Klay Thompson,1610612742,DAL,36.0,69,21,48,0.304,21.7,4.1,10.6,0.393,2.9,7.6,0.383,0.5,0.7,0.766,0.3,1.8,2.1,1.4,0.9,0.5,0.3,0.1,1.0,0.4,11.7,-1.9,106.3,111.0,-4.7,0.096,10.7,0.011,0.074,0.043,7.0,0.532,0.541,0.214,106.06,0.077
1642268,Isaiah Collier,1610612762,UTA,21.0,59,16,43,0.271,25.7,4.3,8.7,0.495,0.5,1.7,0.27,2.6,3.5,0.722,0.4,2.2,2.5,7.2,2.5,1.1,0.3,0.9,2.3,2.6,11.7,-7.5,109.4,122.6,-13.2,0.404,35.8,0.013,0.085,0.048,12.5,0.521,0.567,0.204,104.25,0.102
1630167,Obi Toppin,1610612754,IND,28.0,24,4,20,0.167,17.7,4.2,8.3,0.503,1.5,4.4,0.352,1.8,1.9,0.913,0.5,3.9,4.4,2.3,1.2,0.5,0.0,0.3,1.2,1.7,11.6,-1.4,113.9,117.5,-3.6,0.193,18.3,0.03,0.206,0.12,9.3,0.595,0.636,0.241,104.11,0.143
1641716,Jarace Walker,1610612754,IND,22.0,76,16,60,0.211,25.7,4.0,9.6,0.419,1.8,4.7,0.374,1.8,2.4,0.749,0.6,4.5,5.1,2.5,1.8,0.8,0.3,0.4,1.6,1.7,11.6,-6.0,106.5,117.6,-11.1,0.143,16.8,0.023,0.17,0.095,12.1,0.51,0.543,0.2,104.46,0.09
1629060,Rui Hachimura,1610612747,LAL,28.0,68,47,21,0.691,28.3,4.5,8.8,0.514,1.7,3.9,0.443,0.7,1.1,0.694,0.6,2.7,3.3,0.8,0.6,0.6,0.3,0.3,1.6,0.7,11.5,1.2,116.4,114.4,2.0,0.041,7.8,0.023,0.094,0.06,5.8,0.611,0.62,0.149,100.83,0.073
1630590,Scotty Pippen Jr.,1610612763,MEM,25.0,10,2,8,0.2,21.2,4.3,9.6,0.448,1.0,3.2,0.313,1.8,2.3,0.783,0.8,1.4,2.2,4.7,2.7,1.9,0.4,0.6,3.1,2.9,11.4,-5.0,107.1,118.7,-11.5,0.324,26.3,0.035,0.065,0.05,15.1,0.5,0.537,0.255,104.78,0.086
1642271,Kyle Filipowski,1610612762,UTA,22.0,77,21,56,0.273,23.4,4.2,8.5,0.492,1.0,3.0,0.325,2.1,2.8,0.75,1.9,5.3,7.2,2.6,1.6,0.9,0.5,0.7,3.0,1.9,11.4,-3.3,113.7,120.4,-6.6,0.156,18.4,0.076,0.225,0.149,11.6,0.548,0.586,0.197,104.07,0.106
1641796,Pelle Larsson,1610612748,MIA,25.0,70,38,32,0.543,26.4,4.0,8.0,0.496,0.9,2.7,0.323,2.6,3.3,0.797,1.0,2.5,3.5,3.4,1.4,0.7,0.2,0.5,2.1,3.2,11.4,1.1,115.7,113.3,2.4,0.163,23.7,0.035,0.088,0.062,10.2,0.551,0.605,0.165,105.49,0.084
1630572,Sandro Mamukelashvili,1610612761,TOR,27.0,80,44,36,0.55,21.9,4.1,7.9,0.523,1.4,3.7,0.389,1.5,2.0,0.747,1.4,3.6,4.9,1.9,0.8,0.8,0.5,0.4,1.8,1.4,11.2,2.3,114.9,109.7,5.3,0.123,16.5,0.06,0.163,0.111,7.3,0.614,0.637,0.181,101.19,0.123
1629622,Max Strus,1610612739,CLE,30.0,12,9,3,0.75,24.0,3.9,8.8,0.443,2.8,6.8,0.402,0.6,0.8,0.778,0.8,4.7,5.4,2.0,0.8,0.3,0.0,0.3,2.8,1.2,11.2,-0.3,117.6,117.3,0.3,0.113,16.8,0.031,0.18,0.108,6.3,0.599,0.609,0.17,103.56,0.088
1630198,Isaiah Joe,1610612760,OKC,26.0,71,56,15,0.789,21.2,3.5,7.6,0.455,2.5,6.0,0.423,1.5,1.7,0.894,0.5,2.1,2.5,1.3,0.6,0.7,0.2,0.2,1.7,1.9,11.1,5.0,116.9,105.2,11.7,0.089,12.9,0.022,0.09,0.057,6.2,0.622,0.657,0.178,101.43,0.099
1642285,Cam Spencer,1610612763,MEM,26.0,72,23,49,0.319,23.8,3.7,7.7,0.473,2.0,4.5,0.449,1.8,1.9,0.94,0.6,2.0,2.5,5.6,1.3,0.7,0.2,0.2,1.4,1.3,11.1,-1.2,112.4,116.0,-3.6,0.332,36.6,0.022,0.082,0.051,8.5,0.604,0.649,0.166,101.59,0.12
1642276,Kel'el Ware,1610612748,MIA,22.0,77,39,38,0.506,22.1,4.5,8.4,0.53,1.2,3.0,0.395,0.9,1.2,0.74,2.8,6.2,9.0,0.7,0.8,0.8,1.1,0.3,1.5,1.1,11.1,-0.9,113.1,114.1,-1.0,0.046,6.9,0.113,0.247,0.18,7.7,0.601,0.616,0.174,105.48,0.137
1630577,Julian Champagnie,1610612759,SAS,25.0,82,62,20,0.756,27.6,3.7,8.4,0.437,2.4,6.2,0.381,1.4,1.6,0.844,0.9,4.9,5.8,1.5,0.8,0.8,0.5,0.1,1.6,1.0,11.1,7.2,120.4,108.0,12.4,0.071,13.7,0.032,0.161,0.099,7.4,0.578,0.609,0.146,102.55,0.091
1631214,Alondes Williams,1610612764,WAS,27.0,4,2,2,0.5,25.2,4.0,6.5,0.615,1.3,3.5,0.357,1.8,2.0,0.875,1.3,5.0,6.3,3.0,1.3,0.8,0.8,0.0,1.0,1.5,11.0,8.8,122.5,106.9,15.6,0.14,26.1,0.054,0.192,0.128,10.9,0.712,0.745,0.141,103.59,0.133
203497,Rudy Gobert,1610612750,MIN,34.0,76,46,30,0.605,31.3,4.4,6.5,0.682,0.0,0.1,0.0,2.1,4.0,0.526,3.9,7.5,11.5,1.7,1.4,0.8,1.6,0.5,2.6,4.0,10.9,3.1,113.0,108.0,5.0,0.074,14.9,0.121,0.222,0.173,12.3,0.682,0.664,0.127,101.49,0.121
203994,Jusuf Nurkić,1610612762,UTA,31.0,41,14,27,0.341,26.4,4.4,8.7,0.503,0.6,1.7,0.352,1.5,2.8,0.549,2.6,7.8,10.4,4.8,2.5,1.3,0.5,0.7,3.3,2.8,10.9,-4.6,109.5,117.4,-7.9,0.261,27.8,0.089,0.279,0.182,14.3,0.538,0.548,0.186,105.32,0.121
1631342,Daeqwon Plowden,1610612758,SAC,27.0,32,9,23,0.281,26.4,3.8,8.7,0.43,1.9,5.8,0.333,1.3,1.5,0.857,1.0,2.0,3.0,1.3,0.8,0.7,0.2,0.4,2.4,1.3,10.8,-6.4,111.2,122.1,-10.9,0.065,11.3,0.037,0.08,0.057,7.2,0.541,0.572,0.157,100.96,0.057
203471,Dennis Schröder,1610612739,CLE,32.0,70,29,41,0.414,24.2,3.6,9.0,0.405,1.1,3.3,0.329,2.4,2.9,0.834,0.5,2.2,2.7,4.9,1.8,0.8,0.2,0.6,1.6,2.4,10.8,-3.4,110.8,117.0,-6.2,0.294,28.8,0.019,0.089,0.054,10.5,0.465,0.526,0.21,100.28,0.094
1631174,Tyler Burton,1610612763,MEM,26.0,12,2,10,0.167,25.6,3.5,9.3,0.375,1.8,5.5,0.333,1.9,2.3,0.852,0.7,3.5,4.2,1.0,0.9,0.9,0.3,0.6,2.6,1.8,10.8,-12.1,102.0,124.3,-22.3,0.062,8.2,0.023,0.137,0.076,7.5,0.473,0.521,0.18,103.12,0.061
1627751,Jakob Poeltl,1610612761,TOR,30.0,46,26,20,0.565,25.0,4.7,6.7,0.7,0.0,0.0,0.0,1.3,2.1,0.602,2.5,4.5,7.0,2.0,1.2,0.9,0.7,0.3,3.2,2.0,10.7,1.0,114.7,112.6,2.0,0.111,18.5,0.102,0.188,0.145,11.3,0.7,0.698,0.15,100.36,0.115
1642267,Bub Carrington,1610612764,WAS,20.0,82,17,65,0.207,27.7,3.8,9.0,0.424,2.1,5.0,0.408,1.0,1.4,0.73,0.4,3.0,3.4,4.6,2.3,0.6,0.2,0.2,2.2,1.4,10.7,-9.1,107.3,122.6,-15.3,0.231,28.2,0.013,0.104,0.058,14.1,0.538,0.556,0.174,103.8,0.072
1629111,Jock Landale,1610612737,ATL,30.0,68,36,32,0.529,22.1,4.1,8.1,0.515,1.1,2.8,0.383,1.2,1.9,0.635,2.7,3.0,5.7,1.7,0.9,0.5,0.5,0.5,2.2,2.0,10.6,-0.8,114.6,116.8,-2.2,0.11,14.7,0.111,0.136,0.123,7.7,0.582,0.595,0.177,101.83,0.098
1631106,Tari Eason,1610612745,HOU,25.0,60,38,22,0.633,25.8,4.0,9.7,0.416,1.6,4.3,0.358,0.9,1.1,0.776,2.1,4.2,6.3,1.5,1.4,1.2,0.5,0.7,2.3,1.1,10.5,2.8,116.1,109.6,6.5,0.078,11.6,0.077,0.156,0.116,10.4,0.496,0.514,0.181,99.06,0.083
1628963,Marvin Bagley III,1610612742,DAL,27.0,60,16,44,0.267,20.0,4.2,6.9,0.618,0.4,0.9,0.462,1.6,2.4,0.66,2.5,3.6,6.1,1.4,1.0,0.5,0.7,0.5,2.1,2.0,10.5,-3.7,109.9,119.0,-9.1,0.107,13.7,0.116,0.171,0.143,9.8,0.647,0.661,0.18,103.2,0.123
1631260,AJ Green,1610612749,MIL,26.0,78,31,47,0.397,29.1,3.4,7.9,0.424,3.0,7.1,0.419,0.7,0.8,0.855,0.4,2.4,2.7,1.9,1.0,0.5,0.1,0.2,2.3,1.0,10.4,-1.9,113.1,116.7,-3.6,0.09,17.6,0.013,0.08,0.046,8.7,0.612,0.627,0.135,99.28,0.058
1631126,Caleb Love,1610612757,POR,24.0,49,24,25,0.49,20.7,3.9,10.0,0.388,1.9,6.0,0.318,0.7,1.0,0.735,0.5,1.8,2.3,2.5,1.3,0.6,0.1,0.7,1.0,0.7,10.4,-2.6,108.2,114.5,-6.3,0.187,17.6,0.023,0.083,0.053,8.9,0.483,0.497,0.228,102.91,0.079
1642380,Adama Bal,1610612763,MEM,22.0,8,1,7,0.125,30.2,3.5,8.5,0.412,2.3,5.5,0.409,1.1,1.3,0.9,0.8,2.4,3.1,2.4,0.8,1.1,0.1,0.5,3.4,1.4,10.4,-20.8,99.6,130.0,-30.3,0.119,19.6,0.022,0.08,0.049,6.2,0.544,0.573,0.134,105.82,0.052
1631351,Lucas Williamson,1610612763,MEM,27.0,7,0,7,0.0,32.0,3.6,10.7,0.333,2.1,7.6,0.283,1.1,1.1,1.0,1.6,3.9,5.4,2.6,1.4,1.6,0.1,1.0,3.7,1.1,10.4,-17.9,105.2,129.7,-24.5,0.108,17.0,0.042,0.127,0.08,9.4,0.433,0.465,0.159,107.27,0.044
1642860,Will Riley,1610612764,WAS,20.0,74,16,58,0.216,22.1,3.7,8.4,0.439,1.1,3.3,0.316,1.9,2.4,0.8,0.8,2.1,2.9,2.0,1.3,0.7,0.1,0.4,1.2,1.8,10.3,-6.5,107.3,121.4,-14.1,0.131,15.7,0.033,0.097,0.064,10.1,0.502,0.548,0.196,103.18,0.08
1642856,Egor Dëmin,1610612751,BKN,20.0,52,14,38,0.269,25.2,3.4,8.6,0.399,2.4,6.2,0.385,1.0,1.3,0.831,0.4,2.8,3.2,3.3,1.7,0.8,0.3,0.3,1.8,1.2,10.3,-3.1,109.5,115.4,-5.9,0.199,23.5,0.015,0.116,0.063,11.7,0.537,0.561,0.182,99.16,0.081
1629610,DaQuan Jeffries,1610612758,SAC,28.0,3,0,3,0.0,20.0,3.7,6.3,0.579,1.3,3.0,0.444,1.7,1.7,1.0,1.0,0.7,1.7,0.3,0.0,0.7,0.0,0.3,3.0,1.7,10.3,0.3,121.5,120.7,0.8,0.025,4.5,0.042,0.038,0.041,0.0,0.684,0.731,0.141,96.96,0.078
1630533,Ziaire Williams,1610612751,BKN,24.0,56,13,43,0.232,22.9,3.3,7.7,0.425,1.5,4.5,0.343,2.1,2.5,0.85,0.5,1.9,2.4,1.1,1.1,1.4,0.4,0.4,2.1,2.1,10.2,-5.0,103.1,113.2,-10.1,0.076,9.9,0.022,0.084,0.052,9.7,0.524,0.579,0.179,100.4,0.079
1630188,Jalen Smith,1610612741,CHI,26.0,53,26,27,0.491,20.7,3.7,7.6,0.483,1.5,4.2,0.373,1.3,1.8,0.742,1.8,4.8,6.7,1.2,1.0,0.5,0.8,0.4,2.1,1.8,10.2,1.6,116.4,113.0,3.4,0.081,11.6,0.085,0.218,0.152,9.4,0.584,0.608,0.183,103.79,0.109
1629674,Neemias Queta,1610612738,BOS,26.0,76,52,24,0.684,25.3,4.3,6.6,0.653,0.0,0.1,0.125,1.6,2.3,0.703,3.0,5.3,8.4,1.7,1.0,0.8,1.3,0.5,2.8,2.5,10.2,6.3,118.8,105.6,13.2,0.091,16.2,0.118,0.194,0.157,9.6,0.654,0.674,0.145,96.15,0.13
203114,Khris Middleton,1610612742,DAL,34.0,63,18,45,0.286,22.8,3.6,8.6,0.42,1.1,3.0,0.36,1.9,2.2,0.875,0.8,2.9,3.7,2.8,1.7,0.7,0.1,0.4,2.3,1.8,10.2,-5.3,110.0,121.1,-11.1,0.171,20.0,0.033,0.118,0.075,12.3,0.482,0.533,0.198,103.88,0.073
1626156,D'Angelo Russell,1610612764,WAS,30.0,26,9,17,0.346,19.0,3.6,8.9,0.405,1.3,4.3,0.295,1.7,2.3,0.717,0.3,2.0,2.3,4.0,1.9,0.5,0.1,0.2,1.2,2.0,10.2,-1.6,107.9,111.3,-3.4,0.328,25.2,0.016,0.092,0.057,11.9,0.476,0.511,0.261,104.0,0.098
1630173,Precious Achiuwa,1610612758,SAC,26.0,73,20,53,0.274,23.9,4.3,8.2,0.528,0.4,1.3,0.278,1.1,1.9,0.554,2.4,4.3,6.7,1.4,0.9,0.9,0.7,0.6,1.7,1.5,10.1,-3.7,110.9,118.1,-7.2,0.082,12.2,0.098,0.18,0.139,7.9,0.551,0.558,0.172,100.39,0.102
1627884,Derrick Jones Jr.,1610612746,LAC,29.0,50,26,24,0.52,27.0,3.8,7.6,0.499,1.1,3.1,0.359,1.4,1.9,0.763,1.2,2.2,3.5,1.4,0.8,0.9,1.0,0.4,2.1,1.8,10.1,2.6,117.9,113.8,4.0,0.068,13.2,0.047,0.082,0.065,7.7,0.571,0.6,0.144,99.15,0.072
1628989,Kevin Huerter,1610612765,DET,27.0,69,40,29,0.58,22.5,3.9,8.6,0.451,1.4,4.7,0.308,0.8,1.0,0.775,0.5,3.0,3.5,2.6,1.0,0.9,0.5,0.4,1.7,1.0,10.0,1.2,113.1,110.8,2.3,0.161,20.3,0.021,0.125,0.074,8.2,0.535,0.552,0.184,102.94,0.093
1643253,Toby Okani,1610612763,MEM,24.0,6,0,6,0.0,36.2,4.2,11.7,0.357,1.5,5.2,0.29,0.2,1.3,0.125,1.5,2.0,3.5,1.0,0.5,0.7,0.5,1.0,3.3,1.3,10.0,-22.8,100.0,128.1,-28.1,0.039,7.2,0.034,0.053,0.043,3.6,0.421,0.408,0.142,106.9,0.013
1641757,Jordan Miller,1610612746,LAC,26.0,60,36,24,0.6,22.1,3.5,6.7,0.531,0.6,1.8,0.345,2.3,2.9,0.777,0.8,2.2,3.0,2.3,1.1,0.8,0.2,0.8,1.0,2.0,10.0,-0.2,114.3,114.7,-0.4,0.157,20.0,0.041,0.097,0.071,9.3,0.579,0.628,0.177,98.57,0.106
1641765,Olivier-Maxence Prosper,1610612763,MEM,23.0,53,16,37,0.302,18.6,3.6,6.6,0.549,1.1,2.8,0.405,1.6,2.2,0.754,1.1,2.4,3.5,1.0,0.9,0.8,0.2,0.3,1.6,1.6,10.0,-3.9,110.7,120.4,-9.7,0.077,10.3,0.057,0.127,0.091,9.5,0.634,0.662,0.183,104.7,0.103
1630191,Isaiah Stewart,1610612765,DET,25.0,58,42,16,0.724,22.7,3.8,6.9,0.55,0.7,2.1,0.333,1.7,2.3,0.756,1.7,3.3,5.0,1.1,1.2,0.3,1.6,0.4,2.9,2.1,10.0,0.7,112.8,111.0,1.8,0.073,11.2,0.07,0.135,0.103,11.3,0.6,0.632,0.164,101.0,0.095
1641709,Ausar Thompson,1610612765,DET,23.0,73,53,20,0.726,26.0,4.2,7.9,0.525,0.1,0.3,0.25,1.5,2.6,0.571,2.1,3.7,5.7,3.1,1.5,2.0,0.9,0.6,2.7,2.1,9.9,5.4,118.8,107.2,11.6,0.155,22.8,0.08,0.135,0.108,11.0,0.53,0.545,0.168,100.86,0.101
1641783,Tristan da Silva,1610612753,ORL,25.0,77,43,34,0.558,24.7,3.6,8.1,0.45,1.6,4.2,0.374,1.1,1.2,0.884,0.8,2.9,3.7,1.6,0.9,0.9,0.3,0.3,1.5,1.0,9.9,1.3,113.2,111.6,1.6,0.092,14.5,0.03,0.115,0.073,8.1,0.547,0.576,0.16,100.96,0.085
203084,Harrison Barnes,1610612759,SAS,34.0,77,57,20,0.74,25.8,3.4,7.5,0.456,1.8,4.6,0.388,1.3,1.6,0.829,0.8,2.0,2.8,1.9,0.8,0.6,0.2,0.3,1.1,1.3,9.9,4.3,118.4,110.6,7.8,0.097,17.6,0.03,0.071,0.051,7.3,0.577,0.608,0.144,101.69,0.075
1626220,Royce O'Neale,1610612756,PHX,33.0,78,43,35,0.551,28.4,3.4,8.0,0.421,2.7,6.7,0.408,0.3,0.5,0.711,0.8,4.0,4.8,2.7,1.3,1.1,0.4,0.1,2.3,0.7,9.8,-1.4,111.4,115.1,-3.6,0.129,21.8,0.025,0.139,0.081,10.8,0.59,0.596,0.139,100.64,0.082
1642914,Javon Small,1610612763,MEM,23.0,41,13,28,0.317,20.2,3.3,7.0,0.465,1.5,3.5,0.423,1.7,2.0,0.829,0.9,2.2,3.1,3.7,1.4,0.8,0.2,0.7,1.6,1.4,9.7,-2.6,111.7,117.4,-5.7,0.257,28.5,0.04,0.109,0.074,10.6,0.569,0.611,0.183,104.37,0.109
1630695,Micah Potter,1610612754,IND,28.0,47,11,36,0.234,19.3,3.2,6.2,0.515,1.5,3.6,0.423,1.8,2.1,0.842,1.2,3.7,5.0,1.5,1.0,0.5,0.3,0.2,1.7,1.8,9.7,-2.6,108.4,114.8,-6.4,0.111,15.1,0.061,0.193,0.125,10.3,0.637,0.679,0.174,105.56,0.114
1628380,Zach Collins,1610612741,CHI,28.0,10,6,4,0.6,18.4,3.7,6.4,0.578,0.9,2.1,0.429,1.4,2.0,0.7,1.6,4.0,5.6,1.5,1.0,0.2,0.4,0.2,1.8,1.9,9.7,1.8,115.0,111.6,3.4,0.114,15.5,0.081,0.205,0.143,10.3,0.648,0.666,0.177,104.24,0.123
1642258,Zaccharie Risacher,1610612737,ATL,21.0,67,39,28,0.582,22.4,3.6,8.0,0.455,1.4,3.9,0.368,0.9,1.3,0.644,1.1,2.8,3.8,1.1,0.9,0.9,0.5,0.4,2.2,1.1,9.6,-0.2,112.8,112.6,0.2,0.068,10.7,0.044,0.121,0.081,8.2,0.544,0.557,0.168,105.34,0.07
1629655,Daniel Gafford,1610612742,DAL,27.0,55,12,43,0.218,21.7,3.8,5.7,0.655,0.0,0.0,0.0,2.0,2.9,0.683,2.5,4.4,6.9,1.1,1.1,0.8,1.3,0.7,2.6,2.7,9.5,-3.4,105.9,113.0,-7.1,0.071,11.5,0.108,0.181,0.145,12.5,0.655,0.677,0.151,104.6,0.114
1630643,Jay Huff,1610612754,IND,28.0,82,19,63,0.232,21.0,3.5,7.5,0.476,1.5,4.5,0.319,1.0,1.2,0.828,0.9,3.1,4.0,1.5,0.9,0.5,1.9,0.2,2.4,1.3,9.5,-3.1,107.4,113.7,-6.3,0.105,14.3,0.041,0.135,0.089,9.0,0.574,0.598,0.178,102.99,0.092
204456,T.J. McConnell,1610612754,IND,34.0,56,15,41,0.268,17.2,4.3,8.0,0.538,0.3,0.9,0.32,0.4,0.5,0.862,0.4,1.8,2.2,5.1,1.1,1.0,0.2,0.4,1.1,1.1,9.4,-2.4,109.1,116.7,-7.6,0.469,35.3,0.022,0.104,0.063,7.9,0.556,0.567,0.227,103.65,0.15
1629004,Svi Mykhailiuk,1610612762,UTA,29.0,50,14,36,0.28,23.1,3.5,7.2,0.478,2.0,4.8,0.408,0.5,0.6,0.893,0.7,1.8,2.5,1.9,0.8,0.5,0.1,0.3,1.3,0.6,9.4,-1.5,114.9,117.9,-3.0,0.107,18.3,0.029,0.074,0.051,8.3,0.613,0.626,0.143,103.74,0.074
1630598,Aaron Wiggins,1610612760,OKC,27.0,65,50,15,0.769,21.8,3.6,8.2,0.431,1.5,4.2,0.356,0.8,1.1,0.736,0.6,2.4,3.1,1.7,1.2,0.9,0.4,0.4,1.3,0.9,9.4,2.7,112.8,106.7,6.2,0.11,14.3,0.028,0.101,0.066,10.7,0.521,0.538,0.194,101.47,0.082
1629013,Landry Shamet,1610612752,NYK,29.0,51,35,16,0.686,23.0,3.1,7.1,0.437,2.0,5.2,0.392,1.1,1.5,0.711,0.5,1.4,1.8,1.4,0.6,0.6,0.2,0.4,1.5,1.6,9.3,3.7,115.2,107.0,8.1,0.084,14.5,0.019,0.058,0.038,6.0,0.578,0.598,0.151,99.44,0.07
203935,Marcus Smart,1610612747,LAL,32.0,62,41,21,0.661,28.5,3.0,7.7,0.395,1.6,4.7,0.331,1.7,2.1,0.822,0.6,2.2,2.8,3.0,1.5,1.4,0.4,0.2,2.6,2.3,9.3,4.1,117.3,110.6,6.8,0.133,22.9,0.022,0.077,0.05,11.4,0.497,0.543,0.151,100.07,0.059
1630171,Isaac Okoro,1610612741,CHI,25.0,63,26,37,0.413,26.9,3.3,7.3,0.46,1.2,3.5,0.33,1.4,1.8,0.795,1.1,1.7,2.7,1.6,0.7,0.7,0.5,0.4,2.6,1.7,9.3,-5.3,112.1,120.6,-8.5,0.079,15.3,0.04,0.058,0.049,7.0,0.539,0.574,0.137,103.21,0.05
1630558,Davion Mitchell,1610612748,MIA,27.0,70,37,33,0.529,28.6,3.7,7.6,0.49,1.3,3.3,0.395,0.6,0.9,0.646,0.5,2.2,2.7,6.5,1.5,1.0,0.2,0.3,2.6,1.2,9.3,2.9,117.2,113.0,4.2,0.285,40.3,0.015,0.072,0.044,9.6,0.574,0.582,0.137,103.88,0.083
1642450,Daniss Jenkins,1610612765,DET,24.0,72,54,18,0.75,20.2,3.2,7.9,0.408,1.0,2.7,0.374,1.9,2.2,0.832,0.7,1.6,2.3,3.9,1.6,0.9,0.2,0.7,1.5,2.0,9.3,2.9,113.2,106.6,6.6,0.27,26.9,0.034,0.077,0.055,11.1,0.473,0.525,0.209,101.34,0.1
1630573,Sam Hauser,1610612738,BOS,28.0,78,54,24,0.692,24.8,3.2,7.7,0.419,2.5,6.5,0.393,0.2,0.3,0.85,0.7,3.1,3.8,1.5,0.4,0.5,0.3,0.1,1.4,0.4,9.2,4.7,119.8,111.0,8.8,0.077,15.0,0.028,0.118,0.073,4.6,0.584,0.59,0.141,97.23,0.08
1627752,Taurean Prince,1610612749,MIL,32.0,26,10,16,0.385,23.5,3.3,7.3,0.45,2.3,5.4,0.436,0.2,0.2,1.0,0.2,3.0,3.1,1.8,1.2,0.6,0.2,0.2,1.8,0.5,9.2,-2.0,113.7,117.5,-3.8,0.102,17.0,0.007,0.125,0.067,11.5,0.61,0.617,0.157,99.88,0.073
1630611,Gui Santos,1610612744,GSW,24.0,68,29,39,0.426,20.5,3.4,6.8,0.5,1.1,3.3,0.351,1.3,1.8,0.725,1.1,2.8,3.9,2.3,1.5,0.9,0.3,0.5,2.1,1.8,9.2,0.5,111.7,110.7,1.0,0.168,20.6,0.052,0.138,0.094,13.2,0.585,0.609,0.181,100.89,0.097
1630557,Corey Kispert,1610612737,ATL,27.0,58,27,31,0.466,18.6,3.2,6.8,0.467,1.5,4.1,0.367,1.3,1.7,0.794,0.5,1.8,2.3,1.6,0.8,0.3,0.2,0.4,1.0,1.2,9.2,-2.6,108.9,115.9,-7.0,0.121,16.1,0.022,0.091,0.056,7.9,0.577,0.609,0.179,104.15,0.088
1630702,Jaden Hardy,1610612764,WAS,23.0,57,13,44,0.228,15.8,3.2,7.5,0.424,1.8,4.6,0.397,1.0,1.3,0.733,0.3,1.2,1.5,1.0,1.1,0.3,0.1,0.3,1.6,1.0,9.2,-1.5,112.0,116.4,-4.4,0.095,9.9,0.017,0.078,0.047,10.6,0.545,0.566,0.239,103.45,0.066
1628392,Isaiah Hartenstein,1610612760,OKC,28.0,47,39,8,0.83,24.2,3.9,6.3,0.622,0.0,0.1,0.0,1.4,2.2,0.61,3.2,6.3,9.4,3.5,1.7,1.0,0.8,0.4,2.5,2.1,9.2,7.8,118.8,103.2,15.6,0.189,28.2,0.13,0.243,0.188,13.9,0.622,0.631,0.153,100.69,0.143
1641715,Cam Whitmore,1610612764,WAS,21.0,21,3,18,0.143,16.9,3.7,8.0,0.456,0.8,2.7,0.286,1.1,1.5,0.742,0.9,1.9,2.8,0.7,0.9,0.7,0.4,1.0,1.2,1.0,9.2,-7.2,104.4,124.0,-19.6,0.067,7.0,0.049,0.102,0.075,8.4,0.503,0.528,0.225,105.84,0.082
1631245,Quenton Jackson,1610612754,IND,27.0,49,10,39,0.204,18.3,3.1,6.7,0.47,0.9,2.4,0.356,2.0,2.4,0.824,0.6,1.8,2.3,2.9,1.3,0.6,0.1,0.5,1.7,2.6,9.1,-1.3,109.1,112.9,-3.8,0.227,24.1,0.03,0.092,0.061,10.7,0.534,0.589,0.2,105.34,0.096
1641774,Tristan Vukcevic,1610612764,WAS,23.0,49,8,41,0.163,13.7,3.1,6.5,0.479,1.0,2.9,0.347,1.8,2.3,0.784,0.7,2.3,3.0,1.1,1.3,0.5,0.7,0.3,1.7,1.7,9.0,-4.6,103.5,118.5,-15.1,0.133,11.4,0.046,0.162,0.104,12.9,0.558,0.603,0.259,105.7,0.11
1642269,Devin Carter,1610612758,SAC,24.0,38,8,30,0.211,18.4,3.2,7.7,0.414,0.8,3.0,0.263,1.8,2.5,0.713,0.9,2.3,3.3,2.7,1.4,0.9,0.2,0.3,1.3,2.4,8.9,-3.0,111.0,118.3,-7.3,0.209,20.7,0.048,0.13,0.088,11.1,0.466,0.508,0.226,100.78,0.094
1642874,Danny Wolf,1610612751,BKN,22.0,57,14,43,0.246,20.8,3.1,7.7,0.405,1.2,3.7,0.322,1.5,1.9,0.771,1.0,3.9,4.9,2.2,1.3,0.5,0.6,0.6,2.2,1.3,8.9,-4.1,102.9,111.9,-9.0,0.178,18.4,0.046,0.195,0.117,10.6,0.482,0.521,0.201,98.09,0.096
1630529,Herbert Jones,1610612740,NOP,27.0,56,22,34,0.393,28.4,3.3,8.5,0.383,1.4,4.6,0.309,0.9,1.1,0.806,0.8,2.6,3.4,2.8,1.3,1.6,0.5,0.5,3.2,1.2,8.9,-0.9,113.5,114.4,-0.9,0.13,21.1,0.029,0.09,0.059,9.9,0.467,0.491,0.153,101.08,0.053
1642849,Nolan Traore,1610612751,BKN,20.0,56,14,42,0.25,22.2,3.3,8.6,0.38,1.1,3.4,0.318,1.3,1.7,0.787,0.3,1.5,1.8,3.8,2.3,0.8,0.4,0.6,2.1,1.3,8.9,-5.0,108.2,118.8,-10.5,0.265,24.7,0.011,0.073,0.04,14.9,0.444,0.479,0.224,98.4,0.056
1642262,Cody Williams,1610612762,UTA,21.0,67,16,51,0.239,24.3,3.6,7.6,0.468,0.4,2.0,0.214,1.3,1.8,0.706,0.9,2.0,3.0,2.0,1.1,0.8,0.4,0.7,1.8,1.3,8.8,-5.9,110.9,121.4,-10.6,0.111,17.7,0.036,0.084,0.059,9.4,0.495,0.524,0.159,105.04,0.057
1642967,John Poulakidas,1610612742,DAL,23.0,13,3,10,0.231,19.5,3.0,7.0,0.429,2.4,5.9,0.403,0.5,0.5,0.857,0.3,2.0,2.3,0.8,0.3,0.5,0.3,0.0,2.2,0.4,8.8,-1.2,110.5,112.8,-2.3,0.061,10.1,0.014,0.096,0.053,3.7,0.599,0.611,0.153,106.25,0.069
1642362,Payton Sandfort,1610612760,OKC,23.0,4,2,2,0.5,15.8,3.3,6.5,0.5,1.8,4.3,0.412,0.5,1.0,0.5,0.3,2.3,2.5,0.0,0.3,0.3,0.0,0.0,2.0,0.5,8.8,-4.8,111.8,125.7,-14.0,0.0,0.0,0.014,0.145,0.075,3.4,0.635,0.63,0.186,103.07,0.066
202685,Jonas Valanciunas,1610612743,DEN,34.0,65,42,23,0.646,13.4,3.5,6.0,0.582,0.1,0.4,0.308,1.6,2.1,0.772,1.6,3.4,5.1,1.2,1.1,0.2,0.6,0.4,2.0,2.2,8.7,-0.7,114.6,116.6,-2.0,0.15,12.9,0.124,0.246,0.187,12.1,0.592,0.63,0.26,97.23,0.15
1630692,Jordan Goodwin,1610612756,PHX,27.0,70,39,31,0.557,22.5,3.3,7.9,0.413,1.6,4.3,0.371,0.6,0.8,0.696,2.0,2.9,4.9,2.2,1.0,1.5,0.2,0.4,1.9,1.0,8.7,1.3,113.4,110.1,3.3,0.136,18.9,0.08,0.134,0.105,8.5,0.514,0.525,0.167,99.3,0.098
1630551,Justin Champagnie,1610612764,WAS,25.0,69,13,56,0.188,20.0,3.4,6.7,0.502,0.8,2.4,0.319,1.2,1.5,0.784,2.1,3.5,5.6,1.2,0.7,0.9,0.6,0.7,1.7,1.2,8.7,-4.3,110.0,119.4,-9.4,0.087,13.2,0.098,0.171,0.133,7.1,0.56,0.589,0.161,103.51,0.106
1630549,Day'Ron Sharpe,1610612751,BKN,24.0,62,17,45,0.274,18.7,3.5,5.7,0.601,0.1,0.6,0.231,1.7,2.5,0.678,2.8,3.9,6.7,2.3,1.7,1.1,0.4,0.5,2.4,2.0,8.7,-1.8,107.3,111.7,-4.3,0.207,21.4,0.143,0.222,0.18,15.7,0.614,0.638,0.19,98.86,0.141
203903,Jordan Clarkson,1610612752,NYK,34.0,72,45,27,0.625,17.8,3.3,7.3,0.451,1.0,3.0,0.327,1.1,1.3,0.83,0.9,0.9,1.8,1.3,0.9,0.4,0.1,0.4,1.7,1.1,8.6,1.5,115.4,111.7,3.7,0.11,13.3,0.047,0.049,0.048,8.7,0.517,0.548,0.203,98.78,0.068
1642363,Nique Clifford,1610612758,SAC,24.0,75,21,54,0.28,25.1,3.3,7.9,0.418,1.0,3.1,0.333,0.9,1.3,0.722,0.9,2.9,3.8,2.4,1.5,0.9,0.3,0.5,2.1,1.0,8.6,-2.9,111.3,115.8,-4.5,0.13,19.1,0.034,0.115,0.074,12.4,0.482,0.505,0.167,100.77,0.062
1641717,Cason Wallace,1610612760,OKC,22.0,77,61,16,0.792,26.6,3.3,7.6,0.432,1.3,3.7,0.351,0.7,0.9,0.809,0.8,2.3,3.1,2.6,0.9,1.9,0.4,0.5,2.0,0.8,8.6,6.9,116.2,103.8,12.4,0.127,22.5,0.031,0.079,0.056,8.2,0.518,0.538,0.141,101.76,0.076
1630249,Vít Krejčí,1610612757,POR,26.0,65,32,33,0.492,21.4,3.0,6.6,0.448,2.0,5.0,0.39,0.6,0.8,0.745,0.5,1.8,2.3,1.5,0.6,0.7,0.3,0.2,2.1,0.8,8.5,-0.6,110.0,111.1,-1.1,0.099,17.0,0.02,0.081,0.05,7.0,0.597,0.609,0.142,103.2,0.068
1631093,Jaden Ivey,1610612741,CHI,24.0,37,23,14,0.622,18.1,3.1,6.9,0.445,1.4,3.6,0.373,1.0,1.3,0.809,0.6,1.8,2.5,1.8,1.1,0.6,0.4,0.5,1.4,1.1,8.5,0.7,110.3,108.2,2.1,0.145,17.6,0.034,0.096,0.065,10.6,0.543,0.571,0.192,101.98,0.091
201572,Brook Lopez,1610612746,LAC,38.0,75,41,34,0.547,21.8,3.1,7.2,0.428,1.5,4.2,0.36,0.7,1.0,0.757,0.6,3.0,3.6,1.3,0.8,0.6,1.2,0.3,2.1,1.3,8.5,0.6,113.9,112.7,1.2,0.087,13.3,0.03,0.135,0.085,8.4,0.533,0.552,0.171,97.8,0.076
1631323,Simone Fontecchio,1610612748,MIA,30.0,70,36,34,0.514,16.7,2.8,6.7,0.412,1.8,4.7,0.375,1.2,1.5,0.843,0.8,2.2,3.0,1.4,0.7,0.5,0.1,0.3,1.5,0.8,8.5,1.3,113.8,110.5,3.3,0.121,15.4,0.042,0.118,0.08,7.5,0.542,0.579,0.184,105.28,0.09
1642867,Collin Murray-Boyles,1610612761,TOR,21.0,57,31,26,0.544,21.9,3.5,6.0,0.579,0.3,0.9,0.34,1.2,1.9,0.657,2.3,2.7,5.0,1.9,1.0,0.9,0.9,0.5,2.6,1.5,8.5,0.8,111.7,109.1,2.6,0.122,19.1,0.102,0.121,0.112,10.6,0.604,0.621,0.15,99.54,0.098
1630538,Bones Hyland,1610612750,MIN,25.0,71,42,29,0.592,16.6,3.0,6.6,0.453,1.6,4.2,0.388,0.9,1.2,0.78,0.3,1.5,1.8,2.6,1.0,0.6,0.2,0.4,1.7,1.1,8.5,1.7,113.8,108.6,5.2,0.222,24.8,0.018,0.085,0.051,9.2,0.577,0.599,0.197,102.82,0.101
1628379,Luke Kennard,1610612747,LAL,30.0,78,45,33,0.577,21.5,3.0,5.7,0.533,1.5,3.1,0.478,0.8,0.9,0.913,0.4,1.9,2.3,2.2,0.8,0.7,0.1,0.2,1.3,0.7,8.4,0.5,114.2,113.7,0.5,0.139,24.9,0.019,0.086,0.053,8.6,0.665,0.689,0.131,101.7,0.089
203484,Kentavious Caldwell-Pope,1610612763,MEM,33.0,51,20,31,0.392,21.3,2.9,7.2,0.41,1.1,3.4,0.316,1.4,1.6,0.913,0.4,2.1,2.5,2.7,1.2,0.8,0.2,0.2,1.1,1.3,8.4,-2.2,110.8,115.3,-4.5,0.181,23.1,0.017,0.094,0.054,10.1,0.485,0.533,0.173,102.31,0.083
203110,Draymond Green,1610612744,GSW,36.0,68,31,37,0.456,27.5,3.0,7.2,0.418,1.5,4.6,0.326,0.9,1.2,0.702,0.8,4.7,5.5,5.5,2.7,0.9,0.6,0.2,2.9,1.6,8.4,-2.0,109.4,113.6,-4.3,0.278,34.7,0.029,0.168,0.098,16.7,0.52,0.54,0.158,101.72,0.084
1642490,Josh Oduro,1610612740,NOP,25.0,3,1,2,0.333,27.3,3.7,5.7,0.647,0.0,0.7,0.0,1.0,2.0,0.5,3.7,4.0,7.7,1.3,0.7,0.0,0.0,0.0,4.7,2.3,8.3,0.3,127.8,124.6,3.2,0.05,16.7,0.117,0.136,0.126,8.3,0.647,0.636,0.09,110.95,0.05
1642272,Jared McCain,1610612760,OKC,22.0,67,46,21,0.687,17.3,3.0,7.2,0.425,1.5,3.8,0.385,0.8,0.9,0.864,0.3,1.7,2.0,1.3,0.8,0.5,0.1,0.4,1.2,0.8,8.3,1.9,113.5,108.9,4.6,0.111,13.8,0.019,0.092,0.056,8.6,0.528,0.551,0.198,102.61,0.079
1629652,Luguentz Dort,1610612760,OKC,27.0,69,53,16,0.768,26.8,2.9,7.6,0.385,1.9,5.4,0.344,0.6,0.8,0.759,0.8,2.7,3.6,1.2,0.8,0.9,0.4,0.2,2.6,1.5,8.3,4.3,116.2,108.2,8.0,0.059,12.4,0.03,0.094,0.063,7.8,0.508,0.524,0.139,100.54,0.049
201143,Al Horford,1610612744,GSW,40.0,45,22,23,0.489,21.5,3.1,7.2,0.426,1.6,4.6,0.361,0.5,0.6,0.846,1.0,3.9,4.9,2.6,0.9,0.7,1.1,0.2,1.1,0.5,8.3,-0.2,112.7,113.5,-0.9,0.171,23.5,0.043,0.184,0.111,8.5,0.54,0.554,0.163,101.08,0.104
1642955,Kadary Richmond,1610612764,WAS,24.0,3,2,1,0.667,22.3,3.3,5.3,0.625,0.7,1.3,0.5,1.0,1.0,1.0,0.3,3.0,3.3,2.7,0.7,2.7,0.3,0.0,0.7,1.0,8.3,1.7,110.6,106.6,4.0,0.138,29.6,0.016,0.136,0.077,7.4,0.688,0.722,0.114,108.86,0.129
1641869,Malachi Smith,1610612751,BKN,26.0,15,3,12,0.2,23.9,3.2,6.6,0.485,1.3,3.1,0.435,0.5,0.5,1.0,0.8,2.6,3.4,3.3,0.9,0.8,0.3,0.3,0.9,1.3,8.3,-6.0,104.9,118.0,-13.2,0.204,29.9,0.032,0.123,0.073,8.5,0.586,0.605,0.136,100.6,0.102
203078,Bradley Beal,1610612746,LAC,33.0,6,2,4,0.333,20.2,3.0,8.0,0.375,1.2,3.2,0.368,1.0,1.3,0.75,0.3,0.5,0.8,1.7,1.5,0.5,0.0,0.2,2.3,1.8,8.2,-3.8,119.1,128.5,-9.3,0.106,14.1,0.019,0.025,0.022,12.7,0.448,0.476,0.224,97.65,0.018
1643018,LJ Cryer,1610612744,GSW,24.0,18,6,12,0.333,16.2,2.6,6.5,0.402,2.1,5.2,0.394,0.9,1.1,0.895,0.2,1.3,1.6,1.0,0.8,0.2,0.0,0.1,1.6,0.7,8.2,0.9,109.2,109.6,-0.4,0.092,11.6,0.014,0.084,0.049,9.0,0.56,0.59,0.196,99.16,0.07
1643052,Chaney Johnson,1610612751,BKN,24.0,17,4,13,0.235,20.4,3.0,5.5,0.543,0.5,1.8,0.3,1.6,2.1,0.8,1.9,2.7,4.6,2.1,1.2,0.9,0.5,0.4,3.0,1.4,8.2,-4.6,107.0,116.0,-9.0,0.165,21.6,0.096,0.146,0.12,12.0,0.59,0.635,0.16,101.29,0.099
1631222,Jake LaRavia,1610612747,LAL,24.0,82,53,29,0.646,25.1,2.9,6.4,0.459,1.0,3.0,0.321,1.4,1.9,0.763,1.4,2.6,4.0,1.8,1.1,1.3,0.5,0.3,2.4,1.5,8.2,-0.1,116.1,116.1,0.0,0.093,17.6,0.059,0.103,0.081,10.6,0.533,0.571,0.138,100.51,0.067
1641842,Ronald Holland II,1610612765,DET,20.0,78,56,22,0.718,19.9,3.0,7.0,0.432,0.6,2.5,0.253,1.5,1.9,0.805,1.1,3.0,4.0,1.2,1.2,1.2,0.3,0.6,2.3,1.9,8.2,1.7,110.2,104.5,5.7,0.088,12.0,0.052,0.141,0.097,12.1,0.478,0.525,0.184,101.85,0.085
1631121,Bryce McGowens,1610612740,NOP,23.0,42,14,28,0.333,21.0,2.7,5.6,0.481,0.9,2.2,0.409,1.8,2.3,0.779,0.3,1.8,2.1,1.5,0.4,0.6,0.2,0.5,2.1,2.0,8.1,-1.7,115.3,118.9,-3.6,0.091,17.3,0.013,0.082,0.047,4.7,0.561,0.61,0.136,103.45,0.067
1630568,Luka Garza,1610612738,BOS,27.0,69,47,22,0.681,16.2,3.0,5.2,0.577,0.8,1.8,0.433,1.3,1.7,0.769,2.3,1.8,4.1,1.0,0.7,0.4,0.4,0.4,2.3,1.7,8.1,1.8,119.4,113.6,5.8,0.085,12.7,0.129,0.11,0.12,8.9,0.654,0.682,0.168,97.4,0.103
1630536,Sharife Cooper,1610612764,WAS,25.0,41,6,35,0.146,17.1,3.1,6.0,0.514,0.7,1.9,0.382,1.2,1.5,0.833,0.4,1.7,2.1,3.0,1.5,0.4,0.1,0.6,1.5,1.6,8.1,-4.5,108.4,120.1,-11.7,0.256,27.1,0.025,0.098,0.061,13.3,0.573,0.609,0.197,103.68,0.094
1629018,Gary Trent Jr.,1610612749,MIL,27.0,65,24,41,0.369,21.2,2.8,7.3,0.387,1.9,5.3,0.36,0.6,0.8,0.769,0.1,0.9,1.0,1.2,0.6,0.5,0.0,0.2,1.3,0.7,8.1,-5.4,107.9,120.4,-12.4,0.082,12.9,0.006,0.044,0.024,6.7,0.517,0.533,0.167,99.53,0.047
1643016,Bez Mbeng,1610612762,UTA,23.0,15,2,13,0.133,32.8,3.3,6.7,0.5,0.4,2.1,0.194,1.1,1.7,0.64,1.2,2.6,3.8,4.1,1.5,2.3,0.3,0.3,3.1,1.9,8.1,-9.9,107.2,120.4,-13.2,0.158,31.8,0.032,0.078,0.054,11.3,0.53,0.55,0.106,107.42,0.06
1631338,Mouhamadou Gueye,1610612741,CHI,27.0,2,0,2,0.0,22.7,3.0,5.5,0.545,0.5,2.5,0.2,1.5,2.0,0.75,1.0,2.0,3.0,3.0,1.5,1.0,0.5,0.0,2.0,1.0,8.0,-8.0,112.0,129.3,-17.3,0.162,27.3,0.039,0.078,0.059,13.6,0.591,0.627,0.138,105.1,0.073
1630286,Trevon Scott,1610612751,BKN,29.0,6,2,4,0.333,30.4,3.2,8.3,0.38,1.0,3.2,0.316,0.7,1.0,0.667,1.7,3.5,5.2,1.7,0.7,1.3,0.8,0.5,2.0,1.0,8.0,-10.8,105.8,122.8,-16.9,0.078,15.2,0.053,0.133,0.089,6.1,0.44,0.456,0.136,99.43,0.053
1631466,Nate Williams,1610612744,GSW,27.0,14,2,12,0.143,17.1,3.1,6.3,0.489,0.9,2.1,0.433,0.9,1.1,0.867,1.4,0.7,2.1,1.0,1.1,0.4,0.0,0.6,1.9,1.2,8.0,-5.6,112.2,127.3,-15.1,0.083,11.3,0.079,0.046,0.064,12.1,0.563,0.592,0.192,98.94,0.056
1630610,DeJon Jarreau,1610612763,MEM,28.0,11,2,9,0.182,21.0,3.0,7.5,0.398,0.4,2.7,0.133,1.6,2.1,0.783,1.1,3.5,4.6,3.3,2.4,0.9,0.7,0.5,2.5,1.7,8.0,-10.2,99.2,122.2,-23.0,0.265,23.2,0.046,0.174,0.105,16.8,0.422,0.473,0.211,103.18,0.073
1631223,David Roddy,1610612743,DEN,25.0,5,4,1,0.8,14.6,3.0,6.0,0.5,0.6,2.2,0.273,1.4,1.4,1.0,1.6,2.4,4.0,0.8,0.4,0.8,0.2,0.4,1.4,1.2,8.0,1.0,113.8,110.7,3.1,0.078,10.3,0.105,0.126,0.117,5.1,0.55,0.605,0.191,104.52,0.128
1628971,Bruce Brown,1610612743,DEN,29.0,82,54,28,0.659,24.4,3.0,6.4,0.475,0.7,1.8,0.385,1.2,1.5,0.762,1.0,2.8,3.9,2.1,1.1,1.0,0.2,0.5,2.4,1.2,7.9,-0.9,114.2,115.2,-1.0,0.121,20.6,0.043,0.109,0.077,10.8,0.53,0.562,0.142,100.24,0.069
1630623,Tyson Etienne,1610612751,BKN,26.0,24,5,19,0.208,15.8,2.4,6.0,0.4,1.8,4.5,0.398,1.3,1.5,0.833,0.2,0.9,1.1,1.7,0.7,0.5,0.0,0.2,2.0,1.1,7.9,-4.3,105.6,117.8,-12.2,0.17,18.5,0.013,0.06,0.036,7.4,0.548,0.588,0.198,102.0,0.071
1631217,Moussa Diabaté,1610612766,CHA,24.0,73,40,33,0.548,26.0,3.1,5.0,0.631,0.0,0.0,0.5,1.6,2.4,0.659,3.7,5.0,8.7,1.9,1.0,0.8,1.0,0.5,2.4,2.7,7.9,4.7,122.0,111.5,10.5,0.099,21.6,0.139,0.191,0.164,11.2,0.632,0.653,0.112,97.8,0.108
1642383,Walter Clayton Jr.,1610612763,MEM,23.0,69,17,52,0.246,20.4,2.6,6.7,0.384,1.1,3.5,0.307,1.6,1.8,0.901,0.4,1.7,2.0,4.0,1.7,0.6,0.3,0.6,1.7,1.6,7.8,-4.1,111.7,121.2,-9.6,0.274,30.7,0.017,0.081,0.048,12.8,0.465,0.523,0.181,103.23,0.073
1631159,Leonard Miller,1610612741,CHI,22.0,46,18,28,0.391,15.6,3.2,5.7,0.553,0.7,2.2,0.323,0.8,1.2,0.736,1.2,2.8,3.9,0.9,0.8,0.4,0.3,0.3,1.4,0.9,7.8,-0.6,111.7,114.1,-2.5,0.077,11.1,0.073,0.158,0.118,10.0,0.615,0.633,0.176,106.87,0.104
1630194,Paul Reed,1610612765,DET,27.0,65,47,18,0.723,13.9,3.2,5.2,0.617,0.2,0.6,0.325,1.1,1.7,0.664,2.0,2.5,4.5,1.2,0.9,0.9,0.9,0.4,1.8,1.2,7.8,2.1,112.5,104.4,8.1,0.134,15.2,0.142,0.176,0.159,11.0,0.636,0.65,0.2,101.72,0.153
1631131,Oscar Tshiebwe,1610612762,UTA,26.0,27,3,24,0.111,16.6,3.4,5.4,0.634,0.0,0.0,0.0,1.0,1.8,0.551,2.9,3.8,6.6,1.2,0.8,0.6,0.2,0.6,1.4,1.3,7.8,-2.9,110.9,118.9,-8.0,0.101,14.7,0.151,0.224,0.185,9.6,0.634,0.633,0.162,104.74,0.125
1631230,Dominick Barlow,1610612755,PHI,23.0,71,40,31,0.563,23.8,3.0,5.6,0.539,0.3,1.2,0.256,1.3,1.8,0.718,1.9,2.9,4.8,1.2,0.8,0.9,0.7,0.4,2.1,1.5,7.7,0.4,112.7,111.9,0.8,0.069,14.6,0.075,0.118,0.096,9.4,0.565,0.597,0.125,101.23,0.078
1642366,Quinten Post,1610612744,GSW,26.0,67,32,35,0.478,17.3,2.9,6.6,0.44,1.4,4.1,0.336,0.5,0.6,0.791,1.0,3.0,4.0,1.4,0.8,0.4,0.5,0.3,1.9,0.7,7.7,0.9,112.4,110.2,2.3,0.116,15.4,0.057,0.165,0.111,9.2,0.546,0.56,0.183,101.7,0.089
1641750,Ryan Kalkbrenner,1610612766,CHA,24.0,69,39,30,0.565,21.4,3.2,4.2,0.753,0.0,0.1,0.0,1.2,1.7,0.716,2.4,3.0,5.5,0.8,0.9,0.5,1.5,0.4,1.6,1.4,7.6,0.7,112.3,111.2,1.1,0.053,11.8,0.109,0.133,0.121,13.5,0.753,0.762,0.113,100.4,0.108
1627741,Buddy Hield,1610612737,ATL,33.0,51,25,26,0.49,16.1,2.8,6.4,0.437,1.5,4.2,0.349,0.6,0.7,0.811,0.5,1.7,2.3,1.4,0.9,0.8,0.2,0.2,1.1,0.3,7.6,-1.7,110.2,115.0,-4.9,0.129,15.4,0.032,0.106,0.069,10.4,0.55,0.568,0.192,103.88,0.085
1631172,Ousmane Dieng,1610612749,MIL,23.0,57,33,24,0.579,19.3,2.9,7.0,0.422,1.1,3.2,0.341,0.6,0.8,0.711,0.5,2.6,3.2,2.4,1.3,0.4,0.3,0.3,1.4,0.8,7.6,-3.7,108.7,117.3,-8.6,0.185,21.6,0.026,0.136,0.081,11.9,0.501,0.516,0.192,99.84,0.075
1627780,Gary Payton II,1610612744,GSW,33.0,73,33,40,0.452,15.6,3.3,5.7,0.583,0.5,1.7,0.291,0.4,0.5,0.65,1.4,2.2,3.6,1.7,0.8,0.9,0.3,0.2,1.8,0.5,7.5,-1.5,111.2,113.5,-2.3,0.164,19.9,0.084,0.143,0.113,10.0,0.628,0.632,0.177,102.7,0.114
1642879,Ben Saraf,1610612751,BKN,20.0,44,10,34,0.227,20.8,2.7,6.9,0.396,0.4,2.0,0.211,1.7,2.0,0.83,0.5,1.6,2.1,3.3,2.3,0.9,0.2,1.1,1.8,1.6,7.5,-5.4,103.6,116.0,-12.5,0.244,24.7,0.021,0.085,0.052,16.9,0.427,0.486,0.202,100.13,0.06
1642266,Ja'Kobe Walter,1610612761,TOR,21.0,72,41,31,0.569,20.5,2.5,5.6,0.446,1.5,3.7,0.409,1.0,1.3,0.789,0.8,1.8,2.6,1.2,0.5,1.0,0.2,0.3,2.3,1.1,7.5,0.0,111.6,110.7,0.9,0.079,15.2,0.037,0.088,0.062,6.5,0.582,0.61,0.136,100.83,0.069
1629637,Jaxson Hayes,1610612747,LAL,26.0,66,43,23,0.652,18.3,3.0,4.0,0.756,0.0,0.0,1.0,1.5,2.3,0.653,1.5,2.6,4.1,0.9,0.5,0.4,0.8,0.2,1.9,2.1,7.5,1.1,115.5,113.1,2.4,0.071,14.1,0.083,0.139,0.111,7.4,0.761,0.758,0.124,100.49,0.109
1631246,Vince Williams Jr.,1610612762,UTA,25.0,40,16,24,0.4,20.5,2.6,7.3,0.353,1.4,4.4,0.311,1.0,1.3,0.78,1.0,2.9,3.9,4.2,1.8,0.7,0.4,0.3,2.0,1.3,7.5,0.2,108.7,108.4,0.3,0.281,30.1,0.044,0.123,0.084,12.7,0.447,0.478,0.19,102.34,0.085
1630631,Jose Alvarado,1610612752,NYK,28.0,69,28,41,0.406,19.9,2.7,6.5,0.416,1.5,4.2,0.352,0.5,0.7,0.761,0.4,2.1,2.5,3.4,1.1,1.0,0.1,0.4,1.9,0.9,7.4,0.3,112.0,110.7,1.3,0.244,30.0,0.018,0.1,0.06,9.9,0.529,0.543,0.167,99.57,0.088
1627747,Caris LeVert,1610612765,DET,31.0,60,44,16,0.733,19.2,2.7,6.5,0.417,1.0,3.0,0.333,1.0,1.4,0.679,0.4,1.6,2.0,2.7,1.4,0.9,0.7,0.3,1.5,1.3,7.4,-0.1,108.6,107.7,0.8,0.202,23.8,0.018,0.074,0.047,12.3,0.494,0.518,0.178,101.1,0.081
203992,Bogdan Bogdanović,1610612746,LAC,33.0,23,8,15,0.348,19.7,2.6,6.6,0.388,1.4,4.1,0.347,0.9,1.1,0.8,0.3,2.3,2.6,2.2,1.2,0.4,0.1,0.3,2.0,1.2,7.4,-1.3,109.1,113.5,-4.4,0.184,21.1,0.014,0.112,0.066,11.2,0.497,0.525,0.185,96.68,0.069
1631169,Josh Minott,1610612751,BKN,23.0,49,23,26,0.469,17.0,2.6,5.1,0.5,1.3,3.1,0.418,1.0,1.2,0.787,1.0,2.2,3.2,0.9,0.9,0.9,0.5,0.3,1.5,1.1,7.4,-0.5,111.7,111.7,-0.1,0.083,12.6,0.055,0.128,0.091,11.8,0.627,0.653,0.162,98.94,0.104
1626166,Cameron Payne,1610612755,PHI,31.0,22,12,10,0.545,17.0,2.5,6.8,0.376,1.5,4.4,0.33,0.9,1.0,0.864,0.1,1.9,2.0,2.6,0.5,1.1,0.3,0.4,1.4,1.0,7.4,-2.9,105.5,113.6,-8.1,0.22,25.4,0.007,0.103,0.055,4.8,0.483,0.514,0.183,104.63,0.096
1642364,Jamir Watkins,1610612764,WAS,24.0,50,10,40,0.2,20.6,2.6,5.9,0.446,0.9,3.2,0.297,1.1,1.6,0.695,1.0,2.9,3.9,1.3,0.8,1.1,0.5,0.3,2.6,1.5,7.4,-3.3,109.4,115.8,-6.4,0.089,15.3,0.046,0.14,0.092,9.1,0.525,0.554,0.148,103.26,0.069
1641707,Taylor Hendricks,1610612763,MEM,22.0,59,12,47,0.203,19.0,2.8,6.0,0.459,1.1,3.1,0.342,0.8,1.2,0.681,1.1,2.6,3.7,0.9,0.8,0.8,0.5,0.4,1.7,1.1,7.4,-4.4,108.4,119.1,-10.7,0.07,11.3,0.054,0.141,0.096,10.3,0.548,0.566,0.157,103.17,0.077
1642920,Kobe Sanders,1610612746,LAC,24.0,68,36,32,0.529,19.9,2.6,5.6,0.466,1.2,2.9,0.408,0.8,1.0,0.826,0.4,1.8,2.3,1.6,1.2,0.7,0.1,0.3,2.1,0.9,7.3,0.5,113.1,112.9,0.2,0.117,18.1,0.022,0.088,0.056,13.4,0.57,0.597,0.155,99.33,0.062
1627739,Kris Dunn,1610612746,LAC,32.0,82,42,40,0.512,27.2,2.8,5.8,0.476,1.0,2.6,0.374,0.8,1.0,0.765,0.7,2.6,3.3,3.6,1.4,1.6,0.2,0.3,2.3,0.9,7.3,0.2,114.6,114.1,0.5,0.179,32.1,0.028,0.097,0.063,12.1,0.56,0.581,0.122,98.23,0.074
1641771,Jalen Slawson,1610612754,IND,26.0,13,3,10,0.231,23.9,2.6,5.9,0.442,1.2,3.1,0.375,0.9,1.3,0.706,0.5,3.8,4.4,2.8,1.3,1.5,1.1,0.5,2.1,1.5,7.3,-2.0,106.8,111.1,-4.3,0.167,26.3,0.022,0.148,0.086,12.4,0.539,0.562,0.136,101.39,0.09
1631107,Nikola Jović,1610612748,MIA,23.0,47,24,23,0.511,17.2,2.4,6.7,0.366,1.0,3.6,0.269,1.5,2.1,0.683,0.5,2.7,3.3,2.2,1.4,0.6,0.4,0.3,1.4,1.8,7.3,-0.1,109.3,110.1,-0.8,0.173,19.5,0.028,0.137,0.084,12.4,0.438,0.48,0.203,107.64,0.073
1631124,Julian Strawther,1610612743,DEN,24.0,57,38,19,0.667,15.1,2.6,5.6,0.467,1.0,2.6,0.387,1.0,1.2,0.814,0.2,1.8,2.0,1.1,0.6,0.4,0.1,0.4,1.3,1.2,7.2,0.4,115.0,113.5,1.5,0.101,13.7,0.014,0.112,0.065,8.1,0.558,0.59,0.187,101.86,0.082
1629611,Terance Mann,1610612751,BKN,29.0,63,15,48,0.238,24.3,2.7,5.8,0.457,0.9,2.4,0.364,1.0,1.3,0.788,1.1,2.1,3.2,3.0,1.1,0.7,0.2,0.3,2.5,1.3,7.2,-4.2,109.6,117.8,-8.2,0.182,28.6,0.044,0.089,0.066,10.7,0.533,0.564,0.133,98.07,0.066
1631119,Jaylin Williams,1610612760,OKC,24.0,65,54,11,0.831,19.7,2.3,5.4,0.423,1.5,3.9,0.383,1.1,1.4,0.793,0.5,5.0,5.5,2.4,1.0,0.5,0.6,0.2,2.0,1.5,7.2,4.7,114.6,103.1,11.5,0.169,25.6,0.025,0.225,0.131,10.9,0.563,0.597,0.153,102.17,0.115
1630311,Pat Spencer,1610612744,GSW,29.0,66,30,36,0.455,18.6,2.8,6.6,0.427,0.9,2.5,0.357,0.7,0.9,0.772,0.8,1.6,2.4,3.5,1.3,0.7,0.1,0.5,1.1,0.7,7.2,-1.4,112.1,115.6,-3.4,0.27,29.8,0.041,0.091,0.065,10.9,0.495,0.516,0.185,99.81,0.087
1641778,Leaky Black,1610612764,WAS,27.0,15,1,14,0.067,28.9,2.7,6.9,0.388,1.3,3.7,0.345,0.5,0.5,0.875,1.0,4.0,5.0,1.5,0.9,1.2,0.5,0.2,2.7,0.5,7.1,-6.8,109.6,119.5,-9.9,0.064,15.4,0.032,0.14,0.084,9.8,0.481,0.498,0.113,103.63,0.051
203552,Seth Curry,1610612744,GSW,35.0,10,1,9,0.1,13.3,2.4,4.9,0.49,1.2,2.5,0.48,1.1,1.2,0.917,0.4,0.8,1.2,1.0,0.2,0.3,0.0,0.1,0.7,0.9,7.1,0.1,116.0,119.0,-3.0,0.106,15.4,0.029,0.075,0.049,3.1,0.612,0.654,0.169,99.97,0.093
1641767,Ben Sheppard,1610612754,IND,24.0,65,16,49,0.246,21.4,2.6,6.0,0.434,1.3,3.6,0.362,0.6,0.8,0.765,0.7,2.3,3.0,1.8,0.6,0.6,0.1,0.4,1.8,0.7,7.1,-4.1,107.1,116.0,-8.8,0.112,20.2,0.028,0.106,0.065,7.3,0.543,0.561,0.131,104.23,0.066
1630172,Patrick Williams,1610612741,CHI,24.0,72,24,48,0.333,20.5,2.5,6.6,0.372,1.3,3.8,0.347,0.8,1.0,0.72,0.7,2.3,3.0,1.5,1.0,0.7,0.4,0.4,1.3,0.9,7.0,-4.8,103.8,114.8,-11.0,0.101,15.2,0.03,0.106,0.067,10.9,0.472,0.494,0.159,105.67,0.057
1629684,Grant Williams,1610612766,CHA,27.0,36,25,11,0.694,19.8,2.2,5.1,0.426,1.4,3.7,0.388,1.2,1.5,0.815,1.3,2.7,3.9,1.6,0.9,0.5,0.5,0.2,1.6,1.4,7.0,5.6,119.2,106.3,12.9,0.106,19.2,0.06,0.127,0.094,10.6,0.568,0.609,0.132,99.41,0.089
1630679,Ethan Thompson,1610612754,IND,27.0,32,8,24,0.25,20.4,2.3,6.1,0.378,1.2,3.6,0.328,1.2,1.5,0.787,0.5,1.6,2.2,1.8,0.8,0.6,0.3,0.4,2.2,1.4,7.0,0.0,109.8,109.9,-0.1,0.122,19.3,0.025,0.078,0.051,8.4,0.474,0.515,0.154,101.84,0.051
1643133,Lawson Lovering,1610612763,MEM,23.0,2,1,1,0.5,24.6,3.0,5.0,0.6,0.0,0.0,0.0,1.0,2.5,0.4,3.0,4.5,7.5,1.5,1.0,1.5,0.5,0.5,3.5,2.0,7.0,0.5,110.5,110.6,-0.1,0.07,17.6,0.105,0.188,0.143,11.8,0.6,0.574,0.106,110.59,0.07
1629021,Moritz Wagner,1610612753,ORL,29.0,36,21,15,0.583,11.8,2.3,5.4,0.426,0.6,1.9,0.314,1.6,2.0,0.819,0.8,2.4,3.2,0.8,0.5,0.4,0.1,0.5,1.6,1.9,6.9,-2.4,107.2,117.2,-10.0,0.107,9.9,0.056,0.207,0.127,7.0,0.482,0.545,0.237,101.6,0.106
1629750,Javonte Green,1610612765,DET,32.0,82,60,22,0.732,17.6,2.3,5.0,0.447,1.1,3.0,0.381,1.3,1.5,0.84,0.8,2.0,2.8,0.7,0.5,1.2,0.3,0.2,1.3,1.2,6.9,2.6,113.0,105.4,7.6,0.052,9.8,0.042,0.112,0.077,7.9,0.56,0.607,0.143,102.74,0.095
1641989,Elijah Harkless,1610612762,UTA,26.0,26,5,21,0.192,21.0,2.1,6.2,0.335,0.8,3.4,0.239,1.9,2.5,0.766,0.4,1.7,2.0,2.9,1.0,1.2,0.2,0.4,2.0,2.7,6.8,-1.3,113.5,116.0,-2.5,0.177,25.8,0.018,0.077,0.047,8.9,0.401,0.471,0.162,103.83,0.055
1630699,MarJon Beauchamp,1610612755,PHI,25.0,14,7,7,0.5,14.0,2.4,5.4,0.434,1.1,3.4,0.34,0.9,1.4,0.684,0.5,1.8,2.3,1.1,0.9,0.6,0.3,0.4,0.9,0.9,6.8,-1.9,107.5,111.6,-4.0,0.109,13.3,0.033,0.114,0.075,11.5,0.539,0.563,0.203,104.76,0.087
1629057,Robert Williams III,1610612757,POR,28.0,59,30,29,0.508,17.1,3.0,4.2,0.708,0.2,0.4,0.391,0.6,1.0,0.596,2.4,4.6,7.0,1.0,0.8,0.6,1.5,0.2,1.3,0.7,6.7,1.2,110.6,107.2,3.4,0.089,15.5,0.133,0.25,0.192,12.7,0.726,0.722,0.129,102.86,0.163
1631165,Keon Ellis,1610612739,CLE,26.0,72,31,41,0.431,20.5,2.3,5.3,0.44,1.3,3.5,0.363,0.7,1.0,0.729,0.5,1.3,1.9,1.0,0.6,1.2,0.6,0.1,1.9,1.2,6.7,-2.0,110.6,115.4,-4.8,0.067,13.7,0.025,0.066,0.045,7.8,0.559,0.579,0.129,100.49,0.058
1630543,Isaiah Jackson,1610612746,LAC,24.0,55,20,35,0.364,16.5,2.7,4.3,0.637,0.0,0.1,0.0,1.2,1.9,0.648,2.1,3.2,5.3,0.9,1.1,0.7,0.9,0.3,2.7,1.5,6.7,-0.9,111.8,114.7,-2.9,0.083,13.2,0.12,0.19,0.155,14.8,0.637,0.653,0.152,102.07,0.104
1630175,Cole Anthony,1610612749,MIL,26.0,35,12,23,0.343,15.0,2.8,6.6,0.424,0.6,2.1,0.306,0.5,0.7,0.615,0.5,2.0,2.5,3.5,1.9,0.6,0.3,0.3,2.1,1.3,6.7,-3.2,103.4,113.1,-9.7,0.354,28.3,0.029,0.126,0.078,15.2,0.472,0.483,0.244,101.99,0.082
201567,Kevin Love,1610612762,UTA,37.0,37,10,27,0.27,16.6,2.1,5.4,0.397,1.4,3.8,0.373,1.0,1.2,0.841,1.5,4.3,5.8,1.8,0.8,0.4,0.2,0.0,1.5,1.1,6.7,-2.2,115.8,122.5,-6.7,0.145,21.3,0.083,0.256,0.167,9.6,0.53,0.568,0.161,104.18,0.103
1642948,Ryan Nembhard,1610612742,DAL,23.0,60,20,40,0.333,19.5,2.7,6.5,0.415,0.8,2.3,0.356,0.4,0.5,0.806,0.2,2.0,2.2,5.3,1.4,0.4,0.0,0.2,1.4,0.7,6.6,-0.4,111.2,113.1,-1.9,0.353,39.3,0.011,0.095,0.054,10.6,0.477,0.492,0.173,101.89,0.087
1642347,Jamal Shead,1610612761,TOR,23.0,82,46,36,0.561,22.6,2.3,6.1,0.367,1.0,3.2,0.321,1.1,1.4,0.784,0.3,1.4,1.7,5.4,1.4,0.9,0.2,0.4,2.0,2.0,6.6,2.8,114.1,108.3,5.8,0.306,39.9,0.014,0.064,0.038,10.1,0.45,0.491,0.149,100.44,0.078
1630570,Trendon Watford,1610612755,PHI,25.0,53,27,26,0.509,16.3,2.6,5.1,0.515,0.2,0.9,0.2,1.1,1.5,0.779,0.7,2.6,3.3,2.5,1.2,0.3,0.4,0.5,2.0,1.5,6.5,-2.9,106.5,115.6,-9.1,0.229,26.6,0.041,0.146,0.094,12.9,0.534,0.573,0.17,103.23,0.093
1642345,Oso Ighodaro,1610612756,PHX,23.0,82,45,37,0.549,22.1,2.9,4.5,0.653,0.0,0.0,0.0,0.6,1.4,0.453,1.7,3.4,5.1,2.3,1.2,0.9,0.7,0.3,2.7,1.3,6.5,2.0,114.8,109.7,5.1,0.139,26.4,0.071,0.158,0.113,14.4,0.653,0.636,0.12,98.44,0.09
1629026,Kenrich Williams,1610612760,OKC,31.0,56,41,15,0.732,15.3,2.5,5.3,0.473,0.9,2.3,0.388,0.6,0.9,0.635,1.1,2.3,3.3,1.4,0.8,0.6,0.1,0.3,1.1,1.0,6.5,0.8,112.6,109.5,3.1,0.132,18.0,0.068,0.143,0.106,9.8,0.557,0.569,0.178,100.84,0.098
1642962,Drake Powell,1610612751,BKN,20.0,63,16,47,0.254,20.9,2.3,5.7,0.402,0.8,2.9,0.28,1.1,1.2,0.896,0.3,1.4,1.8,1.4,1.0,0.6,0.2,0.4,1.4,0.8,6.5,-7.1,100.3,116.3,-16.1,0.113,16.8,0.016,0.07,0.042,11.0,0.473,0.521,0.149,98.56,0.053
1628436,Luke Kornet,1610612759,SAS,30.0,68,52,16,0.765,21.0,2.6,4.0,0.643,0.0,0.0,0.0,1.4,1.7,0.825,2.7,3.4,6.1,1.9,0.4,0.5,1.0,0.3,1.8,1.8,6.5,1.7,114.4,110.5,3.9,0.114,26.3,0.116,0.147,0.132,5.8,0.643,0.689,0.1,102.41,0.109
1642954,Will Richard,1610612744,GSW,23.0,69,34,35,0.493,20.0,2.3,5.0,0.468,1.0,3.1,0.335,0.7,0.8,0.852,1.0,1.5,2.5,1.3,0.8,1.2,0.1,0.2,1.9,0.9,6.4,-1.4,110.3,113.6,-3.3,0.094,18.1,0.045,0.078,0.061,10.3,0.571,0.596,0.123,102.86,0.063
1628975,Jevon Carter,1610612753,ORL,30.0,53,26,27,0.491,16.4,2.3,5.8,0.401,1.5,4.1,0.363,0.3,0.4,0.789,0.3,1.4,1.7,1.6,0.7,0.8,0.2,0.2,1.1,0.3,6.4,-1.6,110.0,115.6,-5.7,0.148,19.8,0.015,0.085,0.048,8.2,0.528,0.537,0.166,101.62,0.074
1630592,Jalen Wilson,1610612751,BKN,25.0,54,10,44,0.185,15.9,2.0,5.1,0.396,1.0,2.8,0.355,1.3,1.8,0.719,0.3,1.8,2.1,0.9,0.7,0.4,0.0,0.3,1.6,1.4,6.4,-3.6,104.5,115.4,-10.9,0.098,12.2,0.019,0.122,0.067,9.3,0.493,0.536,0.177,98.57,0.061
203083,Andre Drummond,1610612755,PHI,32.0,63,33,30,0.524,19.5,2.5,5.3,0.472,0.5,1.4,0.356,0.8,1.3,0.631,3.2,5.3,8.4,1.3,1.0,0.6,0.8,0.3,2.0,1.3,6.4,-1.4,110.3,113.6,-3.2,0.09,15.5,0.145,0.264,0.202,11.8,0.519,0.539,0.143,100.54,0.113
1631213,Tyrese Martin,1610612755,PHI,27.0,46,12,34,0.261,16.9,2.4,6.0,0.394,1.2,3.6,0.321,0.4,0.6,0.679,0.7,1.8,2.5,1.7,0.9,0.5,0.1,0.2,0.7,0.5,6.3,-3.9,105.8,116.8,-10.9,0.163,19.2,0.04,0.112,0.074,9.9,0.489,0.501,0.178,97.87,0.077
1642265,Rob Dillingham,1610612741,CHI,21.0,65,29,36,0.446,14.9,2.5,6.3,0.396,0.6,2.0,0.316,0.6,0.8,0.745,0.3,1.7,2.0,2.2,1.5,0.7,0.1,0.6,1.8,0.9,6.3,-2.2,105.9,113.3,-7.4,0.206,21.1,0.018,0.105,0.062,14.7,0.447,0.469,0.218,106.08,0.06
203937,Kyle Anderson,1610612750,MIN,32.0,43,15,28,0.349,19.8,2.5,4.7,0.53,0.1,0.3,0.364,1.1,1.6,0.706,1.0,2.5,3.5,2.9,0.9,1.0,0.6,0.3,2.2,1.5,6.2,-1.9,107.4,111.6,-4.2,0.204,31.7,0.047,0.121,0.084,9.8,0.54,0.573,0.131,103.85,0.095
1642942,Jahmai Mashack,1610612763,MEM,23.0,31,10,21,0.323,21.7,2.5,6.3,0.395,0.6,2.4,0.253,0.6,1.1,0.543,0.7,1.9,2.6,2.2,1.6,1.2,0.5,0.3,2.2,1.1,6.2,-6.8,106.2,120.7,-14.5,0.141,21.0,0.031,0.086,0.057,14.9,0.444,0.456,0.156,104.0,0.041
1641733,Nick Smith Jr.,1610612747,LAL,22.0,30,15,15,0.5,12.5,2.3,5.4,0.435,1.1,2.9,0.395,0.4,0.5,0.733,0.1,0.7,0.8,1.0,0.7,0.3,0.1,0.2,0.9,0.6,6.2,-0.1,110.6,111.7,-1.1,0.127,14.2,0.009,0.054,0.032,9.6,0.54,0.552,0.212,101.35,0.067
1628418,Thomas Bryant,1610612739,CLE,28.0,60,37,23,0.617,12.2,2.3,4.5,0.506,0.8,2.2,0.359,0.9,1.1,0.803,1.0,2.4,3.4,0.6,0.5,0.3,0.4,0.2,1.3,1.1,6.2,0.7,114.4,110.7,3.6,0.067,9.3,0.074,0.184,0.129,7.9,0.594,0.625,0.182,102.45,0.115
1627936,Alex Caruso,1610612760,OKC,32.0,56,47,9,0.839,18.2,2.3,5.4,0.423,0.9,3.2,0.293,0.7,0.9,0.804,0.5,2.3,2.8,2.0,0.9,1.3,0.3,0.2,1.2,1.0,6.2,6.8,116.9,99.3,17.6,0.145,22.8,0.028,0.113,0.073,10.0,0.512,0.54,0.152,102.74,0.093
1642857,Kasparas Jakučionis,1610612748,MIA,20.0,53,28,25,0.528,17.8,1.9,4.5,0.429,1.2,2.9,0.423,1.1,1.2,0.879,0.8,1.8,2.6,2.6,0.9,0.6,0.1,0.3,1.9,1.2,6.2,1.4,115.9,112.9,3.0,0.178,30.2,0.04,0.096,0.067,11.0,0.567,0.614,0.129,106.96,0.073
1630644,Mac McClung,1610612741,CHI,27.0,11,2,9,0.182,12.3,2.1,5.4,0.39,0.6,2.7,0.233,1.3,1.6,0.778,0.2,0.7,0.9,0.9,0.8,1.0,0.3,0.2,1.7,1.0,6.1,-2.4,112.3,121.7,-9.4,0.096,12.3,0.012,0.063,0.034,11.1,0.449,0.501,0.199,106.88,0.047
1641711,Gradey Dick,1610612761,TOR,22.0,76,43,33,0.566,14.0,2.1,5.1,0.419,0.7,2.4,0.301,1.0,1.2,0.875,0.6,1.4,1.9,0.7,0.6,0.6,0.1,0.3,1.3,0.9,6.0,1.6,110.8,106.7,4.1,0.066,9.9,0.038,0.095,0.066,8.1,0.492,0.538,0.176,103.25,0.07
1643060,Hayden Gray,1610612762,UTA,23.0,1,0,1,0.0,24.8,2.0,3.0,0.667,0.0,1.0,0.0,2.0,2.0,1.0,0.0,0.0,0.0,1.0,1.0,1.0,1.0,0.0,0.0,1.0,6.0,-18.0,103.8,132.7,-29.0,0.05,16.7,0.0,0.0,0.0,16.7,0.667,0.773,0.079,104.73,0.05
1642348,Justin Edwards,1610612755,PHI,22.0,64,37,27,0.578,15.3,2.2,5.0,0.447,1.0,2.8,0.372,0.5,0.6,0.846,0.4,1.1,1.5,1.3,0.6,0.8,0.2,0.3,1.4,0.5,6.0,-1.1,111.7,115.0,-3.4,0.114,17.7,0.025,0.07,0.047,7.9,0.552,0.572,0.154,103.91,0.068
1642275,Tidjane Salaün,1610612766,CHA,20.0,37,19,18,0.514,15.6,2.2,4.3,0.503,1.0,2.2,0.434,0.7,1.1,0.65,0.7,3.3,4.0,0.7,0.7,0.4,0.2,0.2,1.5,0.9,6.0,-0.1,113.2,111.1,2.1,0.071,11.7,0.044,0.205,0.125,11.3,0.616,0.629,0.147,99.11,0.102
1629048,Goga Bitadze,1610612753,ORL,26.0,64,34,30,0.531,15.2,2.4,3.5,0.676,0.0,0.2,0.182,1.1,1.5,0.711,2.1,2.9,5.0,1.3,0.7,0.6,1.0,0.2,2.1,1.5,5.9,0.3,112.6,111.0,1.6,0.124,21.4,0.131,0.183,0.157,10.9,0.68,0.7,0.128,102.52,0.122
1629731,Dean Wade,1610612739,CLE,29.0,59,36,23,0.61,22.3,2.1,4.7,0.439,1.2,3.3,0.362,0.5,0.6,0.711,0.9,3.3,4.2,1.5,0.3,0.7,0.4,0.2,1.5,0.7,5.8,2.6,117.2,110.9,6.2,0.082,22.1,0.039,0.139,0.09,4.0,0.567,0.58,0.097,101.78,0.074
1642346,Ryan Dunn,1610612756,PHX,23.0,70,40,30,0.571,19.4,2.3,5.2,0.453,0.8,2.4,0.331,0.3,0.7,0.489,1.4,2.8,4.2,1.5,0.8,0.9,0.4,0.3,1.9,0.5,5.8,0.1,110.4,108.7,1.7,0.105,18.8,0.068,0.142,0.105,10.3,0.53,0.532,0.136,98.02,0.081
203500,Steven Adams,1610612745,HOU,32.0,32,21,11,0.656,22.8,2.2,4.3,0.504,0.0,0.0,0.0,1.5,2.5,0.58,4.5,4.1,8.6,1.5,1.1,0.7,0.6,0.3,1.7,2.2,5.8,6.1,117.3,105.5,11.8,0.084,18.5,0.189,0.165,0.177,13.5,0.504,0.535,0.116,97.69,0.1
1631200,Kris Murray,1610612757,POR,25.0,57,28,29,0.491,23.4,2.3,4.8,0.467,0.6,2.1,0.279,0.7,1.0,0.684,1.6,2.0,3.6,1.4,0.8,0.9,0.4,0.3,1.6,0.8,5.8,0.8,110.6,109.1,1.5,0.082,18.9,0.062,0.084,0.073,11.0,0.529,0.55,0.103,102.27,0.063
1630208,Nick Richards,1610612741,CHI,28.0,48,20,28,0.417,14.6,2.1,4.2,0.512,0.1,0.4,0.278,1.4,2.1,0.644,1.6,3.5,5.1,0.3,1.2,0.2,0.7,0.7,1.8,1.7,5.8,-2.8,108.9,117.2,-8.4,0.033,5.0,0.103,0.221,0.163,18.4,0.525,0.562,0.176,102.27,0.079
1642382,Branden Carlson,1610612760,OKC,27.0,42,32,10,0.762,11.6,2.3,4.4,0.527,0.7,2.0,0.36,0.4,0.6,0.577,0.7,2.3,3.0,0.7,0.4,0.2,0.6,0.3,0.9,0.5,5.8,-0.6,112.6,114.6,-2.0,0.086,11.9,0.057,0.182,0.121,6.6,0.61,0.613,0.185,102.2,0.109
1641738,Kobe Brown,1610612754,IND,26.0,61,17,44,0.279,15.8,2.1,4.4,0.469,0.9,2.3,0.374,0.8,1.0,0.797,1.1,1.9,3.0,1.3,0.9,0.4,0.2,0.4,1.1,0.9,5.8,-3.6,108.4,119.0,-10.5,0.123,18.6,0.072,0.119,0.096,12.3,0.565,0.594,0.154,100.6,0.078
1630264,Anthony Gill,1610612764,WAS,33.0,55,6,49,0.109,17.3,2.5,3.9,0.628,0.3,0.9,0.354,0.6,0.8,0.739,1.1,1.8,2.9,1.3,0.7,0.6,0.4,0.4,1.6,1.1,5.8,-5.3,107.0,121.4,-14.4,0.101,20.4,0.059,0.112,0.084,10.6,0.667,0.682,0.116,104.11,0.08
1629680,Matisse Thybulle,1610612757,POR,29.0,30,17,13,0.567,16.0,1.9,4.5,0.433,1.2,3.1,0.398,0.7,0.8,0.84,0.6,1.4,2.0,0.9,0.9,2.0,0.5,0.1,1.4,0.8,5.8,2.9,108.8,99.8,9.0,0.079,13.4,0.033,0.087,0.059,13.9,0.571,0.6,0.144,103.73,0.093
1629646,Charles Bassey,1610612744,GSW,25.0,13,4,9,0.308,11.7,2.4,3.6,0.66,0.0,0.0,0.0,1.1,1.5,0.7,1.8,2.6,4.4,0.5,0.5,0.3,0.8,0.3,1.5,1.2,5.8,-3.4,107.2,120.1,-13.0,0.078,10.3,0.139,0.236,0.184,8.8,0.66,0.681,0.161,101.22,0.136
1641772,Nae'Qwan Tomlin,1610612739,CLE,25.0,64,42,22,0.656,15.7,2.3,4.9,0.478,0.4,1.8,0.235,0.7,1.0,0.77,1.3,1.6,2.9,0.8,0.5,0.6,0.5,0.4,2.0,0.7,5.8,0.9,114.3,110.7,3.6,0.071,12.5,0.081,0.094,0.088,6.8,0.521,0.549,0.151,101.75,0.069
1631255,Karlo Matković,1610612740,NOP,25.0,62,24,38,0.387,14.7,2.3,3.8,0.604,0.6,1.5,0.422,0.5,0.7,0.732,1.2,2.5,3.7,0.8,0.5,0.4,0.9,0.2,1.7,0.6,5.7,-1.5,107.2,111.6,-4.4,0.079,14.8,0.074,0.155,0.115,10.1,0.685,0.696,0.128,102.42,0.108
203926,Doug McDermott,1610612758,SAC,34.0,29,8,21,0.276,15.1,1.9,4.8,0.388,1.7,4.2,0.39,0.3,0.3,0.889,0.2,1.0,1.3,0.8,0.4,0.2,0.1,0.0,1.0,0.2,5.7,-3.5,104.2,115.3,-11.1,0.073,12.4,0.014,0.068,0.04,7.3,0.561,0.574,0.146,101.48,0.055
1642274,Yves Missi,1610612740,NOP,22.0,66,19,47,0.288,19.7,2.4,4.5,0.544,0.0,0.0,0.0,0.9,1.5,0.559,2.8,3.1,5.8,1.3,0.8,0.3,1.5,0.4,1.7,1.2,5.7,-0.6,112.7,114.1,-1.3,0.087,17.6,0.128,0.147,0.137,11.3,0.544,0.556,0.122,100.7,0.087
1631123,Jamaree Bouyea,1610612756,PHX,27.0,46,23,23,0.5,14.0,2.3,5.1,0.458,0.5,1.7,0.295,0.5,0.8,0.686,0.4,1.4,1.8,1.8,0.7,0.6,0.3,0.4,0.8,0.9,5.7,0.5,106.0,104.6,1.4,0.191,22.6,0.026,0.1,0.062,8.3,0.506,0.523,0.184,96.74,0.103
1629011,Mitchell Robinson,1610612752,NYK,28.0,60,40,20,0.667,19.6,2.5,3.4,0.723,0.0,0.0,0.0,0.7,1.7,0.408,4.2,4.6,8.8,0.9,0.7,0.9,1.2,0.2,2.1,1.5,5.7,2.6,117.7,109.9,7.8,0.058,15.1,0.201,0.227,0.214,11.9,0.723,0.676,0.102,98.23,0.124
1630604,E.J. Liddell,1610612751,BKN,25.0,26,5,21,0.192,13.4,2.1,4.3,0.486,0.7,2.0,0.346,0.8,1.0,0.808,0.5,2.1,2.7,0.9,0.6,0.2,0.4,0.3,1.7,1.1,5.7,-1.8,108.1,114.6,-6.5,0.114,14.9,0.039,0.174,0.102,9.3,0.568,0.6,0.168,99.52,0.087
1630545,Terrence Shannon Jr,1610612750,MIN,25.0,43,24,19,0.558,12.5,1.8,4.0,0.45,0.7,1.8,0.408,1.3,1.6,0.8,0.2,0.9,1.1,0.9,0.6,0.3,0.0,0.3,1.2,1.2,5.6,-1.9,112.0,120.5,-8.5,0.102,14.2,0.018,0.074,0.045,9.0,0.541,0.597,0.171,102.75,0.069
1627824,Guerschon Yabusele,1610612741,CHI,30.0,67,32,35,0.478,15.0,1.9,4.7,0.401,1.0,2.9,0.352,0.8,1.1,0.75,0.8,2.7,3.5,0.9,0.6,0.4,0.2,0.3,1.2,0.8,5.6,-2.5,107.4,115.3,-7.9,0.087,14.1,0.052,0.17,0.11,9.2,0.511,0.543,0.155,103.86,0.077
1630696,Dru Smith,1610612748,MIA,28.0,70,38,32,0.543,16.3,1.9,4.6,0.415,0.5,1.8,0.295,1.2,1.5,0.829,0.9,1.6,2.5,2.6,0.8,1.4,0.3,0.4,1.6,1.3,5.6,-1.2,107.1,110.3,-3.2,0.214,29.8,0.047,0.085,0.066,9.1,0.474,0.532,0.142,107.2,0.091
1641724,Jett Howard,1610612753,ORL,22.0,55,28,27,0.509,12.6,1.9,4.6,0.418,1.0,2.6,0.372,0.7,0.7,0.949,0.4,1.2,1.6,0.8,0.3,0.2,0.2,0.3,1.2,0.5,5.5,-1.3,112.6,118.1,-5.5,0.095,13.7,0.03,0.096,0.06,4.6,0.526,0.561,0.166,100.55,0.07
1628988,Aaron Holiday,1610612745,HOU,29.0,57,38,19,0.667,13.7,1.8,4.4,0.417,1.2,3.0,0.394,0.6,0.7,0.854,0.2,0.8,1.0,1.1,0.7,0.5,0.1,0.1,1.3,0.8,5.5,2.3,114.6,106.3,8.3,0.105,16.3,0.016,0.054,0.035,10.4,0.55,0.578,0.159,99.63,0.063
1642461,Spencer Jones,1610612743,DEN,25.0,64,41,23,0.641,22.1,2.1,4.1,0.504,0.9,2.3,0.396,0.5,0.8,0.608,1.2,2.1,3.3,0.8,0.5,0.8,0.5,0.3,2.7,0.8,5.5,0.0,116.9,115.3,1.6,0.047,13.8,0.055,0.09,0.073,8.4,0.613,0.619,0.097,99.33,0.045
1631248,Baylor Scheierman,1610612738,BOS,25.0,77,54,23,0.701,18.6,2.0,4.3,0.453,1.3,3.2,0.399,0.4,0.4,0.903,0.7,2.8,3.5,1.5,0.6,0.5,0.1,0.1,1.4,0.9,5.5,2.6,116.3,109.0,7.3,0.108,22.8,0.038,0.138,0.089,9.0,0.599,0.616,0.117,96.77,0.085
1630544,Tre Mann,1610612766,CHA,25.0,53,30,23,0.566,12.6,2.1,5.7,0.36,0.9,2.9,0.323,0.4,0.5,0.852,0.4,1.4,1.7,1.6,1.0,0.5,0.1,0.2,1.3,0.5,5.5,-2.9,105.8,115.9,-10.1,0.223,18.9,0.028,0.114,0.068,11.8,0.442,0.462,0.231,97.44,0.062
201569,Eric Gordon,1610612755,PHI,37.0,6,3,3,0.5,12.3,2.0,3.5,0.571,1.3,2.3,0.571,0.2,0.3,0.5,0.2,0.2,0.3,0.5,0.5,0.7,0.2,0.2,0.5,0.2,5.5,-5.2,102.6,120.1,-17.6,0.063,10.7,0.013,0.014,0.013,10.7,0.762,0.754,0.137,102.51,0.083
1630165,Killian Hayes,1610612758,SAC,24.0,23,10,13,0.435,17.6,1.8,6.0,0.304,0.7,2.7,0.27,1.1,1.2,0.929,0.2,2.2,2.3,3.5,1.2,0.9,0.2,0.2,1.6,1.1,5.5,-0.8,107.8,110.6,-2.8,0.265,31.2,0.009,0.117,0.061,10.8,0.366,0.422,0.179,100.91,0.071
1642883,Sion James,1610612766,CHA,23.0,82,44,38,0.537,22.5,1.7,4.5,0.371,1.0,2.9,0.352,1.0,1.2,0.837,0.6,2.9,3.5,2.0,0.8,0.6,0.2,0.3,1.8,1.2,5.4,0.8,113.2,110.0,3.3,0.121,25.3,0.026,0.124,0.075,10.1,0.483,0.531,0.109,99.1,0.062
1629312,Haywood Highsmith,1610612756,PHX,29.0,7,4,3,0.571,13.0,1.7,3.3,0.522,1.1,2.0,0.571,0.9,1.0,0.857,0.9,1.0,1.9,1.0,0.0,0.6,0.0,0.3,1.3,0.7,5.4,1.4,117.8,116.1,1.7,0.119,21.2,0.062,0.084,0.072,0.0,0.696,0.729,0.121,93.58,0.107
1641775,Jordan Walsh,1610612738,BOS,22.0,68,46,22,0.676,17.8,2.0,3.9,0.509,0.7,1.8,0.384,0.6,0.8,0.772,1.3,2.8,4.0,0.8,0.5,0.7,0.5,0.3,2.0,0.8,5.4,1.4,117.9,112.8,5.1,0.059,14.2,0.069,0.146,0.108,9.2,0.599,0.623,0.114,95.8,0.08
1642928,Dylan Cardwell,1610612758,SAC,24.0,44,13,31,0.295,20.6,2.4,4.1,0.587,0.0,0.1,0.5,0.6,1.2,0.51,3.3,4.2,7.5,1.4,0.9,0.7,1.5,0.4,3.7,1.2,5.4,-1.5,108.6,111.1,-2.5,0.095,20.5,0.148,0.202,0.174,12.9,0.592,0.591,0.108,100.31,0.089
1631288,Jamal Cain,1610612753,ORL,27.0,40,22,18,0.55,12.1,1.9,3.8,0.487,0.7,1.8,0.384,1.0,1.2,0.848,0.7,1.3,2.0,0.7,0.5,0.3,0.1,0.2,1.3,0.9,5.4,1.1,118.0,113.5,4.5,0.085,13.1,0.055,0.109,0.08,8.6,0.579,0.624,0.159,100.94,0.081
1631250,Pete Nance,1610612749,MIL,26.0,47,14,33,0.298,15.7,2.1,4.1,0.515,1.1,2.5,0.42,0.1,0.2,0.364,0.6,2.1,2.7,1.0,0.6,0.3,0.3,0.1,1.3,0.3,5.4,-1.7,112.2,117.4,-5.2,0.092,17.6,0.038,0.135,0.086,9.5,0.644,0.639,0.132,97.81,0.078
1642878,Tyrese Proctor,1610612739,CLE,22.0,50,33,17,0.66,10.9,1.9,4.5,0.413,0.9,2.6,0.351,0.8,0.9,0.889,0.2,1.1,1.3,1.5,0.8,0.5,0.0,0.2,1.2,0.7,5.4,-0.1,112.5,112.8,-0.3,0.196,20.6,0.019,0.092,0.055,11.1,0.516,0.556,0.214,100.87,0.087
1643158,Andersson Garcia,1610612762,UTA,25.0,5,1,4,0.2,33.8,1.8,5.8,0.31,0.2,2.6,0.077,1.4,1.8,0.778,3.4,5.0,8.4,2.8,1.4,1.6,0.8,0.6,3.2,2.6,5.2,-7.4,105.8,115.6,-9.8,0.107,25.9,0.089,0.15,0.117,13.0,0.328,0.394,0.094,103.68,0.052
1629234,Drew Eubanks,1610612758,SAC,29.0,42,10,32,0.238,13.1,2.2,3.7,0.596,0.0,0.2,0.143,0.8,1.4,0.561,0.9,2.1,3.0,0.5,0.7,0.4,0.6,0.3,1.4,1.2,5.2,-3.7,106.4,117.8,-11.4,0.052,8.3,0.069,0.154,0.112,13.0,0.599,0.605,0.161,102.17,0.082
1641725,Trey Alexander,1610612740,NOP,23.0,9,2,7,0.222,12.3,2.1,4.1,0.514,0.7,1.3,0.5,0.3,0.6,0.6,0.1,1.1,1.2,1.0,0.3,0.7,0.2,0.0,1.4,0.7,5.2,-2.0,112.0,119.0,-7.0,0.107,17.6,0.008,0.083,0.045,5.9,0.595,0.599,0.148,104.77,0.078
1629726,Garrison Mathews,1610612754,IND,29.0,15,4,11,0.267,13.1,1.4,3.5,0.404,1.1,3.1,0.37,1.3,1.5,0.826,0.1,1.0,1.1,0.7,0.2,0.4,0.2,0.1,1.3,1.5,5.2,-0.1,107.3,108.0,-0.7,0.069,13.5,0.01,0.076,0.042,4.1,0.567,0.628,0.134,103.91,0.072
1629618,Jalen Pickett,1610612743,DEN,26.0,50,34,16,0.68,16.1,2.0,4.6,0.422,1.0,2.5,0.386,0.3,0.4,0.789,0.4,1.9,2.3,2.3,0.7,0.3,0.1,0.2,0.8,0.4,5.2,0.1,112.1,112.4,-0.4,0.208,29.6,0.022,0.107,0.067,8.8,0.528,0.541,0.148,97.97,0.084
1641712,Rayan Rupert,1610612763,MEM,22.0,64,29,35,0.453,16.8,1.9,4.9,0.393,0.7,2.1,0.324,0.7,0.8,0.778,0.8,2.2,2.9,1.1,0.9,0.9,0.1,0.4,1.9,0.6,5.2,-5.0,103.5,117.0,-13.6,0.093,14.8,0.04,0.129,0.082,12.0,0.463,0.493,0.148,103.02,0.055
1642854,Asa Newell,1610612737,ATL,20.0,44,23,21,0.523,11.4,2.1,3.8,0.538,0.7,1.7,0.387,0.4,0.7,0.552,1.0,1.2,2.2,0.6,0.5,0.4,0.3,0.3,1.5,0.7,5.2,-1.0,110.2,114.0,-3.8,0.072,11.4,0.078,0.106,0.091,10.0,0.624,0.624,0.16,105.72,0.074
1642260,Nikola Topić,1610612760,OKC,20.0,10,6,4,0.6,16.0,2.2,5.1,0.431,0.6,1.5,0.4,0.2,0.5,0.4,0.7,1.2,1.9,4.4,2.5,0.5,0.0,0.6,1.3,0.8,5.2,-4.2,107.2,120.8,-13.7,0.383,36.1,0.041,0.075,0.058,20.5,0.49,0.489,0.204,99.7,0.063
1631204,Marcus Sasser,1610612765,DET,25.0,38,28,10,0.737,12.0,1.8,4.7,0.39,1.2,2.8,0.415,0.4,0.5,0.833,0.2,0.8,1.0,2.0,0.8,0.5,0.1,0.2,1.1,0.4,5.2,3.1,116.4,103.1,13.4,0.217,25.8,0.016,0.07,0.044,10.7,0.514,0.533,0.197,101.68,0.078
1641722,Jordan Hawkins,1610612740,NOP,24.0,51,13,38,0.255,13.6,1.8,5.0,0.366,0.9,2.6,0.348,0.5,0.5,0.852,0.4,1.3,1.7,0.8,0.7,0.3,0.2,0.2,0.6,0.6,5.1,-2.6,107.0,116.8,-9.8,0.086,12.2,0.026,0.089,0.058,9.9,0.457,0.48,0.175,103.84,0.055
1630534,Ochai Agbaji,1610612751,BKN,26.0,62,28,34,0.452,15.7,2.0,4.5,0.436,0.5,2.1,0.266,0.6,0.7,0.837,0.7,1.5,2.3,0.8,0.5,0.4,0.3,0.3,1.5,0.6,5.1,-1.0,106.4,109.0,-2.7,0.07,12.4,0.046,0.096,0.071,8.2,0.496,0.525,0.142,100.34,0.057
1642277,Johnny Furphy,1610612754,IND,21.0,35,10,25,0.286,18.4,2.0,4.3,0.47,0.7,2.0,0.324,0.5,1.0,0.486,0.9,3.5,4.4,1.2,0.8,0.6,0.2,0.5,1.9,0.8,5.1,-1.7,110.1,114.8,-4.6,0.085,17.5,0.049,0.191,0.119,12.4,0.547,0.547,0.125,102.22,0.066
1631321,Sidy Cissoko,1610612757,POR,22.0,75,39,36,0.52,19.1,1.8,4.5,0.398,0.8,2.6,0.298,0.8,1.2,0.659,0.8,1.4,2.2,1.5,0.9,0.7,0.3,0.4,2.4,1.7,5.1,-0.8,109.2,110.9,-1.7,0.107,20.0,0.041,0.071,0.056,12.7,0.487,0.514,0.123,102.55,0.036
1630579,Jericho Sims,1610612749,MIL,27.0,67,25,42,0.373,19.7,2.2,2.8,0.784,0.0,0.0,0.0,0.7,1.1,0.62,2.2,3.3,5.5,1.6,1.1,0.3,0.3,0.3,2.2,1.2,5.0,-4.1,110.3,120.3,-10.1,0.109,26.4,0.115,0.171,0.143,19.0,0.784,0.772,0.095,97.72,0.083
1631104,Blake Wesley,1610612757,POR,23.0,31,20,11,0.645,11.6,1.8,4.0,0.452,0.3,1.2,0.278,0.8,1.5,0.553,0.3,1.0,1.3,2.0,1.0,0.5,0.2,0.3,1.1,1.4,4.8,-2.5,104.4,113.0,-8.6,0.254,26.3,0.02,0.087,0.052,13.1,0.492,0.511,0.189,105.83,0.075
1641737,Adem Bona,1610612755,PHI,23.0,71,41,30,0.577,17.4,1.8,3.1,0.595,0.0,0.1,0.333,1.1,1.6,0.708,1.8,2.5,4.3,0.5,0.8,0.4,1.2,0.4,2.2,1.4,4.8,-0.1,113.1,112.9,0.3,0.034,8.9,0.099,0.138,0.119,15.6,0.6,0.638,0.108,102.35,0.069
1641890,Tyler Smith,1610612742,DAL,21.0,12,2,10,0.167,13.8,1.8,4.2,0.42,0.8,2.9,0.286,0.3,0.5,0.667,1.0,1.8,2.8,0.4,0.5,0.5,0.0,0.2,1.1,0.3,4.7,-1.8,110.6,114.7,-4.1,0.041,7.8,0.059,0.117,0.086,9.4,0.52,0.532,0.135,107.55,0.059
1642389,Zyon Pullin,1610612750,MIN,25.0,5,4,1,0.8,8.5,1.8,2.6,0.692,0.2,0.6,0.333,0.8,0.8,1.0,0.2,0.4,0.6,1.8,0.6,0.2,0.0,0.4,1.2,0.4,4.6,1.2,121.4,118.9,2.5,0.281,33.3,0.03,0.035,0.033,11.1,0.731,0.779,0.167,108.77,0.11
1628366,Lonzo Ball,1610612739,CLE,28.0,35,19,16,0.543,20.8,1.5,5.0,0.301,1.1,4.2,0.272,0.4,0.6,0.667,0.7,3.3,4.0,3.9,1.5,1.3,0.3,0.2,1.3,0.5,4.6,0.9,111.0,109.7,1.3,0.236,36.6,0.032,0.148,0.089,14.0,0.415,0.432,0.13,104.87,0.077
1642354,KJ Simpson,1610612743,DEN,23.0,20,10,10,0.5,12.9,1.7,5.0,0.343,0.6,2.0,0.3,0.6,0.9,0.611,0.5,1.4,1.9,2.2,1.3,0.8,0.0,0.4,0.9,1.4,4.6,-0.1,110.1,110.0,0.0,0.246,24.6,0.034,0.112,0.072,14.3,0.404,0.426,0.21,100.24,0.065
1631103,Malaki Branham,1610612764,WAS,23.0,28,7,21,0.25,9.8,1.5,3.3,0.473,0.5,1.3,0.378,1.0,1.2,0.824,0.4,1.1,1.6,0.8,0.5,0.4,0.1,0.3,0.8,0.7,4.6,-1.5,102.5,111.3,-8.8,0.131,15.8,0.039,0.113,0.074,10.3,0.549,0.604,0.177,102.37,0.099
1630526,Jeremiah Robinson-Earl,1610612742,DAL,25.0,22,8,14,0.364,16.4,1.7,4.5,0.37,0.5,1.9,0.244,0.8,0.8,0.944,1.6,3.0,4.7,0.7,0.5,0.4,0.0,0.5,1.2,0.8,4.6,-3.9,109.3,119.5,-10.2,0.057,11.2,0.088,0.183,0.133,9.0,0.42,0.468,0.129,104.82,0.069
1643007,Taelon Peter,1610612754,IND,24.0,38,6,32,0.158,13.0,1.6,4.2,0.38,1.1,3.3,0.328,0.3,0.4,0.625,0.3,1.3,1.6,1.1,0.7,0.7,0.1,0.1,1.0,0.4,4.5,-2.6,103.2,111.8,-8.7,0.113,17.3,0.019,0.096,0.057,11.7,0.509,0.518,0.159,105.12,0.057
1630619,Moussa Cisse,1610612742,DAL,23.0,38,11,27,0.289,13.9,1.7,3.0,0.574,0.0,0.0,0.0,1.0,2.1,0.469,2.3,3.3,5.7,0.2,0.8,0.5,1.2,0.3,1.9,1.8,4.5,-0.1,111.2,110.7,0.5,0.023,4.7,0.15,0.215,0.182,15.8,0.574,0.564,0.136,104.05,0.087
1641790,PJ Hall,1610612766,CHA,24.0,19,7,12,0.368,11.2,1.6,3.1,0.508,0.2,0.3,0.6,1.2,1.5,0.793,1.7,2.2,3.9,0.5,0.8,0.2,0.5,0.5,1.2,1.1,4.5,-1.5,108.4,113.9,-5.4,0.077,10.2,0.146,0.18,0.163,16.3,0.534,0.599,0.17,101.68,0.098
1641854,Craig Porter Jr.,1610612739,CLE,26.0,64,43,21,0.672,17.9,1.8,4.0,0.45,0.5,1.5,0.355,0.4,0.6,0.6,1.3,2.1,3.4,3.2,0.9,0.9,0.6,0.3,1.1,0.8,4.5,1.6,116.2,111.6,4.6,0.225,38.0,0.07,0.115,0.092,10.9,0.514,0.524,0.119,102.01,0.092
201144,Mike Conley,1610612750,MIN,38.0,54,33,21,0.611,18.4,1.3,4.0,0.335,1.0,3.1,0.337,0.8,0.9,0.9,0.3,1.4,1.7,2.9,0.6,0.6,0.3,0.1,1.6,0.9,4.5,0.3,112.3,112.1,0.2,0.205,36.7,0.017,0.074,0.045,7.9,0.465,0.517,0.113,102.58,0.061
1629006,Josh Okogie,1610612745,HOU,27.0,78,49,29,0.628,17.4,1.6,3.8,0.425,0.8,2.1,0.385,0.5,0.9,0.594,1.0,1.5,2.6,0.9,0.5,0.8,0.2,0.3,1.4,1.1,4.5,0.9,115.4,109.9,5.6,0.065,15.8,0.059,0.085,0.072,9.4,0.531,0.544,0.112,98.25,0.056
1642859,Jase Richardson,1610612753,ORL,20.0,54,26,28,0.481,10.9,1.6,3.5,0.473,0.5,1.5,0.354,0.6,0.9,0.717,0.4,0.8,1.2,1.1,0.5,0.4,0.0,0.1,1.0,0.9,4.4,-0.3,111.9,112.8,-0.8,0.145,20.0,0.034,0.074,0.053,8.6,0.548,0.574,0.162,100.95,0.074
1629020,Jarred Vanderbilt,1610612747,LAL,27.0,65,39,26,0.6,17.3,1.7,3.7,0.471,0.4,1.5,0.293,0.5,0.9,0.589,1.2,3.3,4.5,1.3,0.9,0.8,0.3,0.4,1.6,0.8,4.4,0.1,113.9,113.7,0.2,0.098,20.7,0.073,0.194,0.133,13.8,0.531,0.544,0.119,100.41,0.08
1642484,RayJ Dennis,1610612737,ATL,25.0,17,3,14,0.176,12.1,1.5,4.9,0.313,0.8,2.6,0.311,0.5,0.5,0.889,0.5,1.1,1.5,1.9,1.0,0.2,0.2,0.1,1.2,0.5,4.4,-3.6,95.8,110.0,-14.2,0.26,24.1,0.03,0.081,0.053,12.4,0.398,0.425,0.195,105.2,0.051
1631243,Mouhamed Gueye,1610612737,ATL,23.0,77,44,33,0.571,15.3,1.7,3.8,0.452,0.5,1.7,0.308,0.5,0.8,0.645,1.2,2.4,3.6,0.9,0.4,0.8,0.5,0.1,1.6,0.7,4.4,0.6,112.5,110.1,2.3,0.076,16.5,0.071,0.151,0.111,7.9,0.521,0.539,0.12,102.61,0.075
1629216,Gabe Vincent,1610612737,ATL,30.0,53,36,17,0.679,16.6,1.4,4.1,0.352,1.1,3.3,0.341,0.4,0.4,0.87,0.3,0.7,1.0,1.4,0.5,0.5,0.1,0.2,1.5,0.6,4.4,0.7,117.3,116.0,1.3,0.109,23.2,0.02,0.041,0.03,8.2,0.488,0.511,0.119,101.94,0.033
1629723,John Konchar,1610612762,UTA,30.0,56,18,38,0.321,19.9,1.7,3.6,0.472,0.5,1.8,0.283,0.6,0.8,0.727,1.3,3.0,4.3,2.1,0.6,1.5,0.7,0.1,1.4,0.8,4.4,-2.6,106.1,112.0,-5.9,0.136,31.8,0.059,0.14,0.098,9.4,0.543,0.568,0.09,105.42,0.09
201599,DeAndre Jordan,1610612740,NOP,37.0,12,6,6,0.5,16.6,1.8,2.7,0.656,0.0,0.0,0.0,0.9,1.4,0.647,2.2,4.2,6.3,0.9,0.8,0.3,0.8,0.4,1.3,1.2,4.4,-0.1,110.0,112.3,-2.4,0.077,18.6,0.124,0.234,0.18,15.3,0.656,0.671,0.098,100.68,0.119
1642278,Tyler Kolek,1610612752,NYK,25.0,62,39,23,0.629,11.7,1.7,4.0,0.435,0.7,1.8,0.386,0.2,0.3,0.7,0.3,1.3,1.6,2.7,0.9,0.4,0.1,0.3,1.0,0.5,4.4,1.7,111.7,105.7,6.0,0.328,35.3,0.021,0.108,0.064,11.4,0.524,0.533,0.173,100.53,0.101
1642880,Kam Jones,1610612754,IND,24.0,37,6,31,0.162,16.7,1.8,4.6,0.402,0.6,2.0,0.293,0.1,0.2,0.5,0.4,1.2,1.6,3.2,1.0,0.5,0.0,0.3,1.1,0.3,4.4,-3.9,106.0,116.0,-10.0,0.262,36.3,0.024,0.071,0.048,11.0,0.467,0.47,0.141,104.2,0.061
1642853,Rasheer Fleming,1610612756,PHX,21.0,55,29,26,0.527,12.2,1.6,3.9,0.405,0.8,2.4,0.346,0.3,0.6,0.559,1.0,1.2,2.3,0.3,0.5,0.4,0.4,0.1,1.2,0.5,4.3,1.8,112.7,106.6,6.1,0.033,5.8,0.08,0.099,0.089,10.5,0.509,0.517,0.159,96.98,0.056
1630182,Josh Green,1610612766,CHA,25.0,58,37,21,0.638,15.7,1.4,3.1,0.459,1.0,2.4,0.42,0.4,0.5,0.893,0.8,1.0,1.8,0.8,0.6,0.6,0.1,0.1,1.1,0.7,4.3,3.6,118.5,106.0,12.5,0.069,17.2,0.048,0.06,0.054,12.8,0.619,0.644,0.104,98.23,0.059
1642862,Liam McNeeley,1610612766,CHA,20.0,31,12,19,0.387,11.9,1.2,3.1,0.4,0.8,1.9,0.4,1.0,1.3,0.821,0.4,1.9,2.4,0.8,0.4,0.2,0.1,0.2,1.2,0.9,4.3,0.3,111.5,109.9,1.6,0.096,15.9,0.034,0.167,0.098,8.6,0.526,0.588,0.144,98.74,0.079
1631133,Jabari Walker,1610612755,PHI,23.0,64,36,28,0.563,11.9,1.5,3.3,0.455,0.5,1.5,0.337,0.8,1.1,0.735,1.1,1.9,3.0,0.5,0.4,0.4,0.2,0.3,1.6,0.9,4.3,0.1,112.8,112.8,0.0,0.061,11.1,0.087,0.156,0.12,8.9,0.531,0.568,0.142,102.53,0.073
1642933,Keshon Gilbert,1610612737,ATL,23.0,4,0,4,0.0,18.4,1.3,3.0,0.417,0.0,0.8,0.0,1.8,1.8,1.0,0.5,0.8,1.3,3.0,2.0,0.8,1.0,0.0,1.3,1.3,4.3,-14.5,103.2,141.3,-38.1,0.222,34.3,0.028,0.046,0.036,22.9,0.417,0.564,0.131,101.16,0.049
1641761,Grant Nelson,1610612751,BKN,24.0,4,0,4,0.0,8.8,1.3,2.3,0.556,0.0,0.0,0.0,1.8,2.5,0.7,0.3,1.3,1.5,1.3,1.0,0.3,1.3,0.5,1.5,2.0,4.3,-1.8,112.7,122.5,-9.9,0.217,21.7,0.029,0.167,0.094,17.4,0.556,0.634,0.222,97.34,0.1
1627746,Skal Labissiere,1610612764,WAS,30.0,3,2,1,0.667,12.5,2.0,3.3,0.6,0.3,1.7,0.2,0.0,0.0,0.0,1.0,2.0,3.0,1.0,0.3,0.7,0.3,0.0,1.0,0.0,4.3,0.7,110.4,106.4,4.0,0.115,21.4,0.07,0.146,0.107,7.1,0.65,0.65,0.117,99.07,0.124
1641726,Dereck Lively II,1610612742,DAL,22.0,7,3,4,0.429,16.5,1.6,2.6,0.611,0.0,0.0,0.0,1.1,1.4,0.8,2.0,3.3,5.3,1.9,1.4,0.6,1.6,0.3,3.0,1.3,4.3,2.0,108.6,102.3,6.3,0.153,28.3,0.117,0.183,0.15,21.7,0.611,0.67,0.113,107.02,0.094
1642877,Micah Peavy,1610612740,NOP,24.0,61,17,44,0.279,15.0,1.7,4.5,0.385,0.5,1.8,0.259,0.4,0.5,0.759,0.8,1.2,1.9,1.0,0.3,0.7,0.1,0.3,1.6,0.4,4.3,-1.7,110.4,114.5,-4.1,0.089,16.5,0.046,0.073,0.059,5.4,0.436,0.455,0.135,103.08,0.044
1642949,Yanic Konan Niederhäuser,1610612746,LAC,23.0,41,22,19,0.537,10.3,1.6,2.4,0.64,0.0,0.1,0.2,1.1,1.5,0.758,0.9,2.0,2.9,0.3,0.6,0.1,0.7,0.2,1.6,1.1,4.3,0.9,113.9,109.4,4.5,0.041,7.3,0.096,0.176,0.14,14.0,0.645,0.691,0.153,98.96,0.098
1642352,Keshad Johnson,1610612748,MIA,25.0,32,16,16,0.5,8.7,1.6,3.3,0.49,0.4,1.4,0.295,0.7,0.9,0.724,0.8,1.1,1.9,0.3,0.4,0.5,0.3,0.2,0.9,0.6,4.3,2.8,122.3,109.3,13.0,0.036,5.8,0.08,0.12,0.1,9.4,0.553,0.582,0.171,109.64,0.083
1631199,Ron Harper Jr.,1610612738,BOS,26.0,29,22,7,0.759,10.9,1.6,3.8,0.418,1.0,2.8,0.35,0.1,0.1,0.75,0.5,1.1,1.7,0.8,0.3,0.3,0.3,0.0,0.7,0.3,4.2,0.6,111.6,109.0,2.7,0.1,15.5,0.043,0.101,0.072,5.6,0.545,0.55,0.158,96.22,0.086
1642261,Dalton Knecht,1610612747,LAL,25.0,54,34,20,0.63,10.2,1.6,3.5,0.455,0.7,2.1,0.342,0.3,0.4,0.727,0.3,1.1,1.4,0.4,0.4,0.2,0.2,0.2,0.8,0.3,4.2,-1.5,105.2,113.7,-8.5,0.059,8.6,0.026,0.108,0.068,9.4,0.555,0.568,0.171,100.57,0.069
1642868,Carter Bryant,1610612759,SAS,20.0,71,56,15,0.789,11.5,1.5,3.7,0.408,0.7,2.2,0.335,0.4,0.6,0.714,0.5,2.0,2.5,0.7,0.5,0.2,0.3,0.2,1.3,0.4,4.2,-0.1,109.1,108.4,0.8,0.08,12.9,0.044,0.154,0.1,9.1,0.506,0.526,0.158,102.06,0.071
1630639,A.J. Lawson,1610612761,TOR,25.0,24,12,12,0.5,9.4,1.4,3.3,0.436,0.8,1.9,0.422,0.6,0.8,0.778,0.4,1.4,1.8,0.3,0.3,0.5,0.2,0.2,1.1,0.6,4.2,-0.4,107.6,110.7,-3.1,0.046,7.1,0.039,0.156,0.096,6.1,0.558,0.588,0.172,99.45,0.091
1642400,Tristan Enaruna,1610612739,CLE,25.0,9,8,1,0.889,9.5,1.6,3.1,0.5,0.3,1.1,0.3,0.7,0.9,0.75,0.8,0.8,1.6,0.8,0.3,0.6,0.0,0.3,0.3,0.8,4.1,4.8,123.5,101.7,21.7,0.101,17.1,0.096,0.085,0.09,7.3,0.554,0.587,0.16,99.8,0.105
1629634,Brandon Clarke,1610612763,MEM,29.0,2,1,1,0.5,10.2,1.5,4.5,0.333,0.0,0.0,0.0,1.0,2.0,0.5,2.0,1.0,3.0,0.5,0.0,1.0,0.0,1.5,2.5,1.5,4.0,-6.0,87.8,110.0,-22.2,0.071,8.3,0.154,0.077,0.115,0.0,0.333,0.372,0.193,116.25,0.023
201587,Nicolas Batum,1610612746,LAC,37.0,74,39,35,0.527,17.5,1.3,3.2,0.403,1.2,3.1,0.404,0.1,0.1,0.818,0.3,2.2,2.5,0.9,0.5,0.6,0.3,0.0,1.4,0.1,4.0,-0.2,113.2,113.8,-0.5,0.069,18.7,0.018,0.119,0.071,10.8,0.597,0.603,0.092,98.96,0.058
1641740,Jaylen Clark,1610612750,MIN,24.0,68,40,28,0.588,13.1,1.5,3.4,0.434,0.5,1.5,0.327,0.6,1.0,0.657,0.8,1.0,1.8,0.6,0.3,0.7,0.1,0.2,1.3,0.7,4.0,1.1,113.0,108.9,4.1,0.064,13.4,0.056,0.069,0.062,7.1,0.507,0.534,0.126,103.47,0.054
1628396,Tony Bradley,1610612737,ATL,28.0,41,10,31,0.244,11.0,1.6,2.9,0.547,0.0,0.1,0.5,0.8,1.0,0.744,1.5,1.4,2.8,0.5,0.4,0.1,0.2,0.3,1.5,0.9,4.0,-3.4,104.6,118.8,-14.2,0.077,12.4,0.111,0.133,0.121,10.2,0.556,0.596,0.136,102.19,0.074
1642434,Riley Minix,1610612739,CLE,25.0,9,7,2,0.778,6.5,1.6,2.6,0.609,0.4,1.3,0.333,0.3,0.3,1.0,0.2,0.4,0.7,0.6,0.3,0.2,0.1,0.0,0.6,0.4,3.9,3.6,129.3,108.5,20.8,0.104,15.6,0.042,0.066,0.055,9.4,0.696,0.72,0.176,108.26,0.114
1642864,Hugo González,1610612738,BOS,20.0,74,51,23,0.689,14.6,1.6,3.3,0.476,0.6,1.6,0.362,0.2,0.4,0.5,0.8,2.5,3.3,0.5,0.5,0.6,0.3,0.3,1.7,0.7,3.9,3.3,118.0,106.2,11.9,0.047,11.9,0.055,0.158,0.107,11.3,0.561,0.561,0.114,97.78,0.067
1642866,Joan Beringer,1610612750,MIN,19.0,40,22,18,0.55,7.9,1.6,2.5,0.663,0.0,0.0,0.0,0.7,0.9,0.703,1.1,1.2,2.3,0.3,0.3,0.2,0.7,0.3,1.2,0.8,3.9,0.6,117.8,115.5,2.3,0.052,8.8,0.141,0.135,0.138,8.0,0.663,0.683,0.156,105.74,0.107
1628997,Caleb Martin,1610612742,DAL,30.0,58,20,38,0.345,14.8,1.5,3.3,0.45,0.3,1.0,0.351,0.6,1.1,0.607,0.5,2.0,2.5,1.4,0.7,0.7,0.3,0.3,1.5,1.0,3.9,-3.4,102.9,112.1,-9.2,0.131,23.9,0.03,0.125,0.077,11.8,0.503,0.526,0.122,105.2,0.063
1630209,Omer Yurtseven,1610612744,GSW,28.0,9,3,6,0.333,11.6,1.2,2.9,0.423,0.0,0.4,0.0,1.3,2.0,0.667,1.4,1.9,3.3,0.9,1.0,0.2,0.1,0.4,1.7,1.9,3.8,-1.6,108.4,114.1,-5.7,0.103,15.4,0.133,0.167,0.15,17.3,0.423,0.501,0.167,104.58,0.054
1642869,Noah Penda,1610612753,ORL,21.0,59,30,29,0.508,12.8,1.4,3.4,0.404,0.5,1.6,0.323,0.6,0.8,0.688,1.1,2.0,3.2,1.2,0.7,0.5,0.3,0.2,1.2,0.7,3.8,-0.9,110.4,113.4,-3.0,0.124,20.8,0.081,0.159,0.118,12.5,0.478,0.506,0.14,101.42,0.076
203991,Clint Capela,1610612745,HOU,32.0,75,47,28,0.627,12.3,1.6,3.0,0.52,0.0,0.0,0.5,0.6,1.0,0.577,2.1,2.5,4.6,0.7,0.5,0.5,0.8,0.3,1.0,0.8,3.8,2.2,113.1,105.1,8.0,0.072,14.1,0.158,0.181,0.169,11.5,0.522,0.54,0.133,98.6,0.11
1642886,Koby Brea,1610612756,PHX,23.0,12,5,7,0.417,7.0,1.3,3.0,0.417,1.1,2.5,0.433,0.2,0.2,1.0,0.1,0.6,0.7,0.8,0.3,0.1,0.0,0.1,0.5,0.1,3.8,-0.4,101.8,106.0,-4.2,0.189,19.6,0.012,0.088,0.048,7.8,0.597,0.61,0.203,96.15,0.101
1626204,Larry Nance Jr.,1610612739,CLE,33.0,35,25,10,0.714,12.8,1.5,3.5,0.419,0.6,1.8,0.333,0.2,0.4,0.462,0.8,1.8,2.7,1.0,0.6,0.6,0.2,0.2,1.6,0.6,3.7,-0.5,108.2,111.1,-2.9,0.105,18.5,0.058,0.143,0.098,10.9,0.504,0.505,0.137,101.61,0.062
1631116,Patrick Baldwin Jr.,1610612758,SAC,23.0,9,3,6,0.333,11.4,1.2,3.0,0.407,0.7,1.6,0.429,0.6,0.8,0.714,1.3,1.2,2.6,0.6,0.6,0.3,0.6,0.0,1.7,0.6,3.7,-4.3,100.0,117.2,-17.2,0.072,12.5,0.103,0.11,0.106,12.5,0.519,0.549,0.142,100.24,0.052
1641747,DaRon Holmes II,1610612743,DEN,23.0,25,17,8,0.68,8.4,1.2,2.4,0.508,0.8,1.8,0.444,0.4,0.6,0.786,0.3,1.1,1.4,0.6,0.5,0.0,0.2,0.1,0.8,0.7,3.7,-0.6,107.9,110.9,-3.0,0.125,16.8,0.04,0.113,0.08,12.6,0.672,0.692,0.171,96.57,0.095
1642449,Tolu Smith,1610612765,DET,25.0,15,11,4,0.733,9.2,1.2,2.4,0.5,0.0,0.0,0.0,1.3,2.0,0.667,1.5,1.8,3.3,0.9,0.5,0.1,0.4,0.5,1.5,1.3,3.7,0.0,106.9,104.6,2.3,0.143,18.3,0.161,0.211,0.185,9.9,0.5,0.569,0.177,97.44,0.117
1631207,Dalen Terry,1610612755,PHI,23.0,48,22,26,0.458,11.5,1.4,3.2,0.439,0.5,1.4,0.364,0.3,0.6,0.533,0.5,1.3,1.8,1.4,0.5,0.6,0.3,0.2,1.0,0.8,3.7,-0.9,106.8,109.7,-2.9,0.167,25.6,0.041,0.099,0.069,10.1,0.516,0.523,0.139,104.92,0.076
1630192,Zeke Nnaji,1610612743,DEN,25.0,52,38,14,0.731,12.0,1.4,2.9,0.47,0.3,1.0,0.259,0.7,0.8,0.773,0.6,2.0,2.6,0.6,0.5,0.3,0.5,0.3,1.4,0.8,3.7,-2.1,107.1,113.7,-6.6,0.069,12.8,0.053,0.147,0.103,11.9,0.517,0.558,0.136,99.34,0.07
1631110,Jeremy Sochan,1610612752,NYK,23.0,44,30,14,0.682,10.6,1.5,2.9,0.496,0.3,1.0,0.244,0.4,0.6,0.731,0.8,1.6,2.4,0.9,0.5,0.4,0.2,0.2,1.4,0.6,3.6,-1.3,107.2,111.1,-3.9,0.124,19.9,0.076,0.149,0.111,10.4,0.539,0.563,0.141,101.73,0.081
1642066,Myron Gardner,1610612748,MIA,25.0,45,24,21,0.533,9.1,1.3,2.7,0.48,0.6,1.4,0.406,0.4,0.6,0.731,0.9,1.8,2.7,1.0,0.4,0.4,0.2,0.1,1.7,0.5,3.6,1.7,114.7,106.3,8.4,0.143,22.6,0.079,0.193,0.132,8.7,0.585,0.606,0.139,107.28,0.093
1642885,Mohamed Diawara,1610612752,NYK,21.0,69,42,27,0.609,9.2,1.3,3.1,0.423,0.7,1.9,0.369,0.3,0.3,0.75,0.2,1.1,1.4,0.8,0.4,0.2,0.1,0.1,0.7,0.3,3.6,0.8,112.0,106.7,5.3,0.114,17.3,0.024,0.125,0.075,9.8,0.535,0.55,0.169,99.57,0.076
1630846,Olivier Sarr,1610612739,CLE,27.0,4,3,1,0.75,9.8,1.3,1.8,0.714,0.5,0.8,0.667,0.5,1.3,0.4,0.5,2.3,2.8,1.3,0.5,0.5,0.8,0.0,2.3,1.3,3.5,6.5,133.3,106.8,26.5,0.143,31.3,0.069,0.196,0.147,12.5,0.857,0.761,0.108,108.56,0.088
1630811,Keaton Wallace,1610612737,ATL,27.0,53,31,22,0.585,10.1,1.3,3.2,0.398,0.7,1.9,0.373,0.2,0.3,0.667,0.1,1.0,1.1,1.8,0.5,0.5,0.1,0.1,0.9,0.3,3.5,-1.9,102.2,110.8,-8.6,0.264,31.2,0.005,0.097,0.05,9.3,0.509,0.52,0.161,102.54,0.077
201959,Taj Gibson,1610612763,MEM,41.0,10,1,9,0.1,9.7,1.2,2.6,0.462,0.3,0.6,0.5,0.7,0.8,0.875,1.1,1.6,2.7,0.6,0.1,0.2,0.1,0.4,1.4,0.7,3.4,-0.7,103.2,107.9,-4.7,0.092,16.2,0.092,0.152,0.121,2.7,0.519,0.576,0.123,106.78,0.081
1631166,Drew Timme,1610612747,LAL,25.0,27,18,9,0.667,8.7,1.4,2.4,0.576,0.4,0.9,0.44,0.2,0.3,0.556,0.4,0.9,1.2,0.9,0.5,0.2,0.0,0.1,0.7,0.4,3.4,-0.9,108.1,115.0,-6.9,0.145,21.7,0.047,0.093,0.072,12.3,0.659,0.658,0.155,97.7,0.084
1631218,Trayce Jackson-Davis,1610612761,TOR,26.0,53,29,24,0.547,9.4,1.3,2.3,0.573,0.0,0.0,1.0,0.7,1.4,0.514,1.2,1.5,2.7,0.7,0.4,0.3,0.5,0.4,0.8,1.0,3.4,-1.4,102.9,110.5,-7.6,0.122,17.8,0.124,0.158,0.14,10.5,0.577,0.578,0.142,103.78,0.1
1642530,Yuki Kawamura,1610612741,CHI,25.0,18,6,12,0.333,11.6,0.9,2.9,0.327,0.6,2.1,0.297,0.9,1.1,0.895,0.4,1.4,1.8,2.6,0.8,0.5,0.0,0.1,0.8,1.1,3.4,-0.2,111.7,114.0,-2.3,0.266,39.2,0.032,0.118,0.074,11.7,0.433,0.514,0.133,107.59,0.082
1641815,Isaiah Stevens,1610612758,SAC,25.0,3,0,3,0.0,14.3,1.0,2.3,0.429,0.0,0.3,0.0,1.3,1.3,1.0,0.7,0.3,1.0,3.3,0.7,1.7,0.0,0.7,0.7,0.7,3.3,-3.0,110.2,123.3,-13.0,0.357,47.6,0.043,0.032,0.038,9.5,0.429,0.571,0.107,97.61,0.093
1630164,James Wiseman,1610612754,IND,25.0,4,0,4,0.0,14.6,1.5,2.5,0.6,0.0,0.0,0.0,0.3,0.5,0.5,1.3,0.8,2.0,0.8,1.3,0.0,0.3,0.3,2.5,0.5,3.3,-2.3,92.9,102.4,-9.5,0.075,15.8,0.074,0.049,0.062,26.3,0.6,0.597,0.114,103.04,0.01
1642402,Enrique Freeman,1610612750,MIN,25.0,4,3,1,0.75,9.3,1.0,2.0,0.5,0.5,1.0,0.5,0.8,1.0,0.75,0.5,2.0,2.5,0.5,0.5,0.5,0.8,0.3,1.3,1.0,3.3,7.0,127.8,103.6,24.2,0.057,14.3,0.053,0.174,0.119,14.3,0.625,0.666,0.113,112.23,0.091
203939,Dwight Powell,1610612742,DAL,34.0,63,19,44,0.302,14.4,1.0,1.6,0.644,0.0,0.1,0.286,1.2,1.8,0.696,1.5,2.6,4.1,1.1,0.7,0.5,0.3,0.2,2.1,1.7,3.3,-0.1,110.4,110.9,-0.5,0.095,26.6,0.101,0.17,0.136,16.0,0.653,0.699,0.084,104.58,0.073
1642358,AJ Johnson,1610612742,DAL,21.0,48,9,39,0.188,9.4,1.2,3.7,0.324,0.3,1.2,0.211,0.7,0.8,0.85,0.3,0.9,1.1,1.0,0.6,0.2,0.1,0.5,0.6,0.6,3.3,-1.1,105.7,112.1,-6.4,0.151,17.3,0.027,0.089,0.057,11.1,0.358,0.413,0.195,102.05,0.045
1627827,Dorian Finney-Smith,1610612745,HOU,33.0,37,23,14,0.622,16.8,1.2,3.6,0.333,0.7,2.7,0.27,0.2,0.2,0.889,0.9,1.6,2.5,1.0,0.6,0.4,0.2,0.2,1.6,0.2,3.3,0.4,109.4,107.6,1.8,0.078,18.6,0.054,0.087,0.071,11.3,0.436,0.452,0.104,99.32,0.034
1642502,Malevy Leons,1610612744,GSW,26.0,25,7,18,0.28,11.1,1.3,2.9,0.444,0.2,0.6,0.25,0.6,0.8,0.789,1.2,0.9,2.1,0.9,0.5,0.6,0.4,0.2,1.2,0.7,3.3,-3.0,111.6,122.2,-10.6,0.117,19.7,0.106,0.089,0.098,11.1,0.472,0.516,0.137,99.83,0.062
1629599,Amir Coffey,1610612756,PHX,29.0,46,20,26,0.435,10.7,1.2,2.5,0.487,0.4,1.1,0.347,0.5,0.6,0.786,0.4,0.8,1.2,0.6,0.2,0.2,0.1,0.0,0.7,0.5,3.2,-0.7,107.6,109.8,-2.2,0.076,16.9,0.039,0.073,0.057,5.6,0.562,0.594,0.117,98.4,0.068
1630828,Alex Antetokounmpo,1610612749,MIL,24.0,6,2,4,0.333,3.4,0.5,1.3,0.375,0.3,1.2,0.286,1.8,2.5,0.733,0.3,0.7,1.0,0.2,0.2,0.0,0.2,0.0,0.2,1.2,3.2,0.8,102.2,89.4,12.8,0.083,5.9,0.083,0.138,0.113,5.9,0.5,0.651,0.314,108.15,0.196
203482,Kelly Olynyk,1610612759,SAS,35.0,42,33,9,0.786,8.6,1.1,2.3,0.49,0.3,1.1,0.255,0.6,0.9,0.711,0.6,1.2,1.8,1.2,0.6,0.4,0.1,0.2,0.9,0.9,3.2,-0.9,104.2,111.1,-6.9,0.203,26.2,0.063,0.138,0.101,12.8,0.552,0.59,0.16,100.81,0.096
1641813,Mark Sears,1610612749,MIL,24.0,7,1,6,0.143,3.7,0.9,1.9,0.462,0.6,1.1,0.5,0.9,1.1,0.75,0.1,0.1,0.3,0.3,0.6,0.0,0.0,0.0,0.6,0.9,3.1,1.7,123.2,101.8,21.4,0.125,8.7,0.053,0.045,0.049,17.4,0.615,0.666,0.344,103.06,0.078
1642939,Miles Kelly,1610612742,DAL,23.0,14,7,7,0.5,9.6,1.1,3.1,0.364,0.7,2.4,0.303,0.1,0.1,1.0,0.4,1.4,1.7,0.9,0.4,0.3,0.1,0.0,0.9,0.1,3.1,-0.9,101.3,106.5,-5.1,0.133,19.4,0.032,0.127,0.078,9.7,0.477,0.484,0.144,106.07,0.064
1642419,Jamison Battle,1610612761,TOR,25.0,61,35,26,0.574,8.5,1.2,2.4,0.51,0.6,1.4,0.412,0.1,0.2,0.643,0.3,1.1,1.5,0.4,0.3,0.1,0.0,0.1,0.7,0.2,3.1,1.5,112.6,105.9,6.7,0.062,12.4,0.04,0.124,0.084,9.8,0.631,0.635,0.135,102.08,0.079
1641753,Chris Livingston,1610612739,CLE,22.0,3,2,1,0.667,5.8,1.3,2.3,0.571,0.0,1.0,0.0,0.3,0.3,1.0,0.0,1.0,1.0,0.3,0.0,0.3,0.0,0.0,1.3,0.3,3.0,2.7,113.9,86.8,27.0,0.091,12.5,0.0,0.176,0.1,0.0,0.571,0.605,0.189,101.91,0.104
1626145,Tyus Jones,1610612743,DEN,30.0,67,37,30,0.552,14.6,1.1,3.3,0.349,0.6,2.0,0.292,0.1,0.1,0.778,0.2,1.0,1.1,2.4,0.4,0.6,0.0,0.1,0.5,0.2,3.0,-1.6,107.5,113.6,-6.1,0.222,39.2,0.011,0.065,0.036,6.2,0.44,0.448,0.103,101.09,0.065
1628420,Monte Morris,1610612754,IND,31.0,6,0,6,0.0,10.8,1.2,3.3,0.35,0.3,1.3,0.25,0.3,0.7,0.5,0.2,1.0,1.2,1.5,0.3,0.2,0.2,0.2,0.5,0.5,3.0,-4.8,83.3,104.2,-20.9,0.29,27.3,0.012,0.08,0.044,6.1,0.4,0.414,0.141,106.6,0.076
1643047,CJ Huntley,1610612756,PHX,24.0,4,3,1,0.75,10.1,1.5,2.8,0.545,0.0,0.8,0.0,0.0,0.0,0.0,0.5,0.8,1.3,0.5,0.0,0.3,0.0,0.3,0.5,0.0,3.0,3.8,122.4,104.7,17.6,0.053,15.4,0.053,0.081,0.067,0.0,0.545,0.545,0.107,100.99,0.061
1641801,Emanuel Miller,1610612759,SAS,26.0,5,0,5,0.0,6.6,1.2,2.6,0.462,0.4,1.2,0.333,0.2,0.4,0.5,0.2,0.4,0.6,0.8,0.0,0.4,0.0,0.0,0.4,0.2,3.0,-3.8,88.9,116.9,-28.0,0.211,22.2,0.026,0.083,0.048,0.0,0.538,0.54,0.169,103.84,0.093
1642863,Khaman Maluach,1610612756,PHX,19.0,46,22,24,0.478,8.9,1.2,2.3,0.533,0.1,0.5,0.238,0.5,0.7,0.71,1.1,1.8,2.9,0.1,0.5,0.1,0.7,0.3,0.9,0.6,3.0,1.0,106.0,103.5,2.5,0.021,4.0,0.107,0.198,0.151,16.6,0.557,0.586,0.142,97.92,0.098
1641763,Julian Phillips,1610612750,MIN,22.0,48,19,29,0.396,8.9,1.1,2.5,0.421,0.4,1.4,0.308,0.4,0.5,0.783,0.5,0.5,1.0,0.2,0.2,0.5,0.1,0.2,0.9,0.4,2.9,-0.5,107.7,110.7,-2.9,0.032,6.6,0.053,0.054,0.053,7.3,0.504,0.534,0.134,105.72,0.046
1641871,Duop Reath,1610612757,POR,30.0,32,16,16,0.5,8.1,1.0,2.3,0.446,0.7,1.7,0.418,0.2,0.2,0.833,0.3,0.9,1.2,0.3,0.2,0.2,0.3,0.1,0.9,0.2,2.9,-1.2,103.0,109.4,-6.4,0.059,10.8,0.037,0.095,0.067,7.5,0.601,0.613,0.13,104.4,0.067
1642938,Curtis Jones,1610612743,DEN,24.0,10,8,2,0.8,8.8,1.1,2.7,0.407,0.6,1.8,0.333,0.1,0.2,0.5,0.2,0.9,1.1,1.0,0.2,0.4,0.0,0.1,0.6,0.3,2.9,2.6,117.9,104.4,13.6,0.147,25.0,0.022,0.077,0.053,5.0,0.519,0.52,0.142,100.41,0.075
1641723,Kobe Bufkin,1610612747,LAL,22.0,16,10,6,0.625,7.5,0.9,3.1,0.3,0.3,1.6,0.192,0.7,0.8,0.917,0.1,0.8,0.8,0.6,0.3,0.1,0.2,0.1,0.6,0.7,2.9,-4.3,97.7,127.9,-30.2,0.128,14.1,0.008,0.102,0.055,7.0,0.35,0.416,0.219,102.44,0.038
101108,Chris Paul,1610612746,LAC,41.0,16,4,12,0.25,14.2,1.1,3.5,0.321,0.6,1.9,0.333,0.1,0.1,0.5,0.4,1.4,1.8,3.3,1.0,0.7,0.0,0.2,1.4,0.4,2.9,-5.3,99.4,116.6,-17.3,0.351,42.4,0.026,0.101,0.062,12.8,0.411,0.413,0.135,98.62,0.064
1642357,David Jones Garcia,1610612759,SAS,24.0,11,7,4,0.636,6.2,1.2,2.3,0.52,0.3,0.5,0.6,0.3,0.5,0.5,0.4,0.8,1.2,1.6,0.5,0.5,0.1,0.4,0.5,0.7,2.9,3.5,123.1,100.0,23.1,0.316,36.0,0.06,0.143,0.1,10.0,0.58,0.579,0.18,109.45,0.133
1642355,Bronny James,1610612747,LAL,21.0,42,24,18,0.571,8.9,1.1,2.7,0.409,0.5,1.4,0.386,0.1,0.2,0.857,0.1,0.4,0.5,1.2,0.6,0.5,0.1,0.1,0.7,0.2,2.9,-1.0,106.2,114.2,-8.0,0.195,26.3,0.014,0.05,0.032,12.9,0.504,0.517,0.163,99.45,0.058
1642911,Rocco Zikarsky,1610612750,MIN,19.0,5,1,4,0.2,7.3,1.0,1.6,0.625,0.0,0.0,0.0,0.8,0.8,1.0,0.4,2.4,2.8,0.4,0.2,0.0,1.0,0.0,0.6,0.4,2.8,1.4,122.4,116.2,6.2,0.067,15.4,0.067,0.245,0.177,7.7,0.625,0.717,0.131,98.68,0.151
1642353,Cam Christie,1610612746,LAC,20.0,55,26,29,0.473,8.7,1.0,2.5,0.381,0.2,0.9,0.245,0.7,0.9,0.76,0.3,1.1,1.4,0.6,0.4,0.3,0.1,0.3,0.3,0.5,2.8,-0.2,107.2,107.8,-0.6,0.097,14.4,0.044,0.118,0.084,10.2,0.424,0.484,0.168,97.75,0.071
1630256,Jae'Sean Tate,1610612745,HOU,30.0,46,33,13,0.717,8.8,1.2,2.4,0.514,0.2,0.7,0.313,0.2,0.2,0.636,0.7,0.9,1.6,0.5,0.3,0.2,0.1,0.1,1.0,0.4,2.8,-0.8,107.8,111.1,-3.3,0.095,16.2,0.076,0.094,0.085,10.4,0.56,0.567,0.131,97.9,0.067
1641807,Norchad Omier,1610612746,LAC,24.0,6,5,1,0.833,3.9,1.2,1.7,0.7,0.0,0.2,0.0,0.5,0.5,1.0,0.7,0.5,1.2,0.3,0.0,0.2,0.0,0.2,0.7,0.3,2.8,-3.8,92.0,146.8,-54.8,0.182,15.4,0.129,0.2,0.152,0.0,0.7,0.751,0.18,98.37,0.16
1626172,Kevon Looney,1610612740,NOP,30.0,21,3,18,0.143,14.6,1.2,2.9,0.417,0.1,0.6,0.154,0.3,0.5,0.7,2.3,3.3,5.6,1.6,0.4,0.4,0.5,0.2,1.6,0.4,2.8,-3.0,105.3,115.7,-10.4,0.148,31.5,0.132,0.214,0.171,8.3,0.433,0.458,0.096,102.64,0.093
1641810,Antonio Reeves,1610612766,CHA,25.0,10,4,6,0.4,6.8,1.0,2.0,0.5,0.7,1.3,0.538,0.0,0.0,0.0,0.2,0.6,0.8,0.3,0.1,0.1,0.0,0.1,0.3,0.0,2.7,2.9,115.0,95.4,19.7,0.068,12.5,0.029,0.1,0.062,4.2,0.675,0.675,0.133,93.27,0.099
1631132,Christian Koloko,1610612737,ATL,26.0,27,16,11,0.593,13.2,1.1,2.7,0.419,0.0,0.3,0.111,0.4,0.6,0.667,1.1,1.9,3.0,0.7,0.6,0.5,0.9,0.5,1.8,0.7,2.7,-0.5,106.9,108.2,-1.3,0.064,15.7,0.08,0.125,0.103,13.9,0.426,0.453,0.109,104.9,0.046
203914,Gary Harris,1610612749,MIL,31.0,48,15,33,0.313,13.8,1.0,2.2,0.442,0.6,1.4,0.412,0.2,0.2,0.889,0.3,0.9,1.3,1.1,0.4,0.6,0.2,0.1,1.1,0.1,2.7,-2.8,105.9,115.5,-9.6,0.105,28.8,0.025,0.072,0.048,10.7,0.577,0.593,0.082,98.9,0.048
1626192,Pat Connaughton,1610612766,CHA,33.0,42,25,17,0.595,7.1,0.9,2.0,0.447,0.5,1.2,0.404,0.3,0.5,0.65,0.4,1.1,1.5,0.4,0.3,0.3,0.0,0.1,0.2,0.5,2.6,-0.7,97.2,101.5,-4.3,0.11,14.6,0.047,0.153,0.099,8.9,0.571,0.586,0.15,96.88,0.117
1628371,Jonathan Isaac,1610612753,ORL,28.0,52,29,23,0.558,10.0,0.9,2.1,0.422,0.1,0.7,0.184,0.7,1.1,0.603,0.8,1.7,2.5,0.4,0.3,0.4,0.6,0.1,0.8,1.0,2.6,-0.7,104.7,106.1,-1.3,0.062,12.4,0.071,0.165,0.115,10.2,0.454,0.498,0.119,102.61,0.078
1631120,JD Davison,1610612745,HOU,23.0,28,23,5,0.821,7.8,0.9,2.3,0.375,0.3,1.1,0.25,0.5,0.7,0.684,0.1,1.1,1.2,1.3,0.3,0.2,0.2,0.1,0.6,0.5,2.5,0.6,108.7,106.1,2.6,0.219,30.4,0.014,0.131,0.074,6.1,0.438,0.477,0.153,97.79,0.09
1642910,John Tonje,1610612738,BOS,25.0,6,5,1,0.833,7.0,0.7,2.3,0.286,0.5,1.7,0.3,0.7,0.7,1.0,0.0,1.0,1.0,0.3,0.0,0.3,0.0,0.2,0.8,0.7,2.5,-1.0,106.6,108.4,-1.8,0.083,11.1,0.0,0.12,0.067,0.0,0.393,0.476,0.157,106.54,0.061
1628964,Mo Bamba,1610612762,UTA,28.0,4,3,1,0.75,11.0,1.3,2.8,0.455,0.0,0.0,0.0,0.0,0.0,0.0,2.5,3.0,5.5,0.3,0.5,0.0,0.8,0.0,1.5,0.3,2.5,-3.3,101.1,114.4,-13.3,0.037,7.1,0.208,0.226,0.218,14.3,0.455,0.455,0.123,98.08,0.091
1641748,Andre Jackson Jr.,1610612749,MIL,24.0,48,12,36,0.25,8.5,0.8,2.5,0.328,0.3,1.3,0.25,0.4,0.7,0.625,0.5,1.0,1.5,0.9,0.6,0.4,0.1,0.1,0.9,0.6,2.4,-1.5,103.2,110.6,-7.5,0.16,20.7,0.059,0.126,0.09,14.9,0.391,0.425,0.17,100.27,0.044
1641755,Kevin McCullar Jr.,1610612752,NYK,25.0,21,11,10,0.524,7.4,1.0,2.2,0.426,0.4,1.1,0.333,0.1,0.2,0.4,0.5,0.8,1.3,1.0,0.6,0.4,0.0,0.1,1.0,0.2,2.4,-2.3,98.8,110.9,-12.1,0.208,24.7,0.065,0.099,0.082,14.8,0.511,0.508,0.166,101.27,0.062
1642950,Lachlan Olbrich,1610612741,CHI,22.0,37,9,28,0.243,9.3,1.0,2.1,0.468,0.1,0.5,0.105,0.4,1.1,0.375,1.2,1.8,3.0,1.1,0.4,0.3,0.2,0.2,1.3,1.0,2.4,0.7,109.0,106.7,2.3,0.153,27.1,0.112,0.174,0.142,10.3,0.481,0.47,0.125,105.91,0.074
1630322,Lindy Waters III,1610612759,SAS,28.0,40,31,9,0.775,7.1,0.8,2.2,0.375,0.7,2.0,0.342,0.1,0.1,0.667,0.1,0.7,0.7,0.5,0.2,0.2,0.0,0.1,0.6,0.3,2.4,-0.1,107.1,108.7,-1.6,0.09,16.5,0.01,0.087,0.05,6.1,0.528,0.532,0.141,101.17,0.052
1642404,Chaz Lanier,1610612765,DET,24.0,34,28,6,0.824,7.7,0.8,2.6,0.315,0.6,2.0,0.284,0.1,0.2,0.833,0.2,0.4,0.7,0.5,0.1,0.2,0.0,0.1,0.4,0.1,2.4,0.2,107.7,105.7,2.0,0.085,15.3,0.029,0.055,0.042,2.7,0.421,0.436,0.147,102.32,0.045
1630621,Hunter Dickinson,1610612740,NOP,25.0,5,1,4,0.2,8.5,1.0,2.8,0.357,0.0,0.8,0.0,0.4,0.4,1.0,0.4,0.6,1.0,0.4,0.6,0.2,0.4,0.0,1.2,0.2,2.4,-7.4,100.0,135.7,-35.7,0.065,10.0,0.036,0.063,0.049,15.0,0.357,0.403,0.162,109.61,0.01
1628449,Chris Boucher,1610612738,BOS,33.0,9,4,5,0.444,10.5,0.9,2.8,0.32,0.2,1.7,0.133,0.3,0.4,0.75,0.2,1.8,2.0,0.3,0.1,0.6,0.8,0.1,1.9,0.4,2.3,0.6,114.3,109.9,4.4,0.042,9.7,0.019,0.151,0.086,3.2,0.36,0.392,0.128,97.12,0.04
1631216,Caleb Houstan,1610612737,ATL,23.0,18,12,6,0.667,4.2,0.8,1.4,0.538,0.6,1.2,0.524,0.2,0.2,1.0,0.3,0.3,0.6,0.2,0.2,0.1,0.1,0.1,0.6,0.1,2.3,0.1,97.6,98.2,-0.6,0.083,11.4,0.066,0.081,0.073,11.4,0.75,0.769,0.168,106.86,0.103
1631247,Luke Travers,1610612739,CLE,24.0,12,6,6,0.5,8.6,0.8,3.0,0.25,0.1,1.3,0.063,0.8,0.8,1.0,0.8,1.3,2.0,0.8,0.3,0.6,0.3,0.3,0.5,0.4,2.3,-2.7,97.3,110.5,-13.2,0.123,17.3,0.069,0.133,0.098,5.8,0.264,0.35,0.161,105.69,0.071
201145,Jeff Green,1610612745,HOU,39.0,30,22,8,0.733,5.8,0.8,2.3,0.368,0.4,1.5,0.273,0.2,0.2,1.0,0.2,0.6,0.8,0.3,0.1,0.1,0.1,0.0,0.4,0.1,2.2,-0.9,103.6,111.7,-8.1,0.07,9.8,0.036,0.098,0.066,4.9,0.456,0.477,0.171,98.71,0.061
1630574,Ariel Hukporti,1610612752,NYK,24.0,54,35,19,0.648,9.2,0.8,1.5,0.563,0.0,0.1,0.25,0.5,0.6,0.788,1.0,1.9,2.9,0.5,0.6,0.2,0.5,0.1,1.2,0.6,2.2,0.6,106.8,103.8,3.1,0.08,18.7,0.104,0.192,0.148,20.6,0.569,0.619,0.104,100.1,0.084
1641816,Hunter Tyson,1610612743,DEN,26.0,21,15,6,0.714,7.7,0.7,2.5,0.269,0.3,1.6,0.212,0.5,0.6,0.846,0.2,1.5,1.7,0.8,0.2,0.1,0.0,0.3,0.6,0.4,2.2,-1.1,100.0,107.5,-7.5,0.17,21.5,0.024,0.174,0.102,6.3,0.337,0.398,0.166,98.58,0.065
1642905,Yang Hansen,1610612757,POR,21.0,43,24,19,0.558,7.0,0.7,2.3,0.31,0.1,1.0,0.119,0.7,0.8,0.824,0.5,1.1,1.5,0.5,0.7,0.1,0.2,0.3,1.0,0.9,2.2,-2.3,95.1,110.2,-15.1,0.111,13.0,0.063,0.139,0.102,18.9,0.335,0.413,0.196,104.76,0.027
1642918,Alijah Martin,1610612761,TOR,24.0,23,10,13,0.435,6.3,0.7,2.2,0.32,0.2,0.9,0.19,0.7,0.8,0.789,0.4,0.5,0.9,0.5,0.3,0.3,0.2,0.1,0.5,0.5,2.2,-0.6,101.3,107.1,-5.8,0.129,15.2,0.053,0.086,0.068,10.1,0.36,0.437,0.185,98.07,0.062
1642959,Chris Youngblood,1610612757,POR,24.0,34,29,5,0.853,5.4,0.6,1.9,0.349,0.5,1.6,0.333,0.3,0.3,0.9,0.2,0.6,0.8,0.4,0.1,0.1,0.1,0.1,0.6,0.3,2.1,0.3,106.6,104.3,2.3,0.092,14.8,0.039,0.095,0.07,2.5,0.492,0.527,0.162,101.66,0.059
1642280,Trentyn Flowers,1610612741,CHI,21.0,2,0,2,0.0,2.8,1.0,1.5,0.667,0.0,0.5,0.0,0.0,0.0,0.0,0.5,0.0,0.5,0.5,0.5,0.0,0.0,0.0,0.5,0.0,2.0,-1.0,81.8,100.0,-18.2,0.5,20.0,0.1,0.0,0.077,20.0,0.667,0.667,0.25,95.14,0.128
1641732,Colby Jones,1610612765,DET,24.0,1,0,1,0.0,6.8,1.0,3.0,0.333,0.0,2.0,0.0,0.0,0.0,0.0,0.0,4.0,4.0,2.0,0.0,0.0,0.0,0.0,1.0,0.0,2.0,12.0,133.3,53.3,80.0,0.333,40.0,0.0,0.4,0.222,0.0,0.333,0.333,0.158,105.62,0.256
1628467,Maxi Kleber,1610612747,LAL,34.0,43,20,23,0.465,10.7,0.8,1.7,0.452,0.1,0.6,0.231,0.3,0.6,0.538,0.8,1.1,2.0,0.6,0.4,0.4,0.3,0.1,1.4,0.6,2.0,1.3,113.4,110.3,3.1,0.075,20.8,0.084,0.107,0.095,13.1,0.493,0.509,0.092,101.41,0.038
1643257,Jayson Kent,1610612757,POR,24.0,5,4,1,0.8,4.5,0.8,1.4,0.571,0.2,0.8,0.25,0.2,0.2,1.0,0.0,1.0,1.0,0.0,0.0,0.2,0.2,0.0,0.2,0.2,2.0,-0.6,86.7,89.4,-2.7,0.0,0.0,0.0,0.25,0.128,0.0,0.643,0.672,0.137,98.28,0.245
1631457,Alex Morales,1610612753,ORL,28.0,4,3,1,0.75,5.9,0.8,1.8,0.429,0.0,0.3,0.0,0.5,0.5,1.0,0.3,0.5,0.8,1.0,1.0,0.0,0.0,0.3,1.8,0.3,2.0,2.0,120.4,104.1,16.3,0.19,25.0,0.043,0.111,0.073,25.0,0.429,0.508,0.203,99.73,-0.006
1642384,Isaiah Crawford,1610612745,HOU,24.0,14,8,6,0.571,6.6,0.7,1.7,0.417,0.2,0.9,0.231,0.4,0.4,0.833,0.2,0.9,1.1,0.4,0.3,0.1,0.2,0.1,0.3,0.6,2.0,-0.6,97.3,103.2,-5.9,0.079,13.9,0.027,0.133,0.077,11.1,0.479,0.526,0.138,97.46,0.087
1630548,Johnny Juzang,1610612750,MIN,25.0,21,13,8,0.619,4.2,0.8,1.8,0.421,0.3,1.1,0.25,0.2,0.4,0.625,0.2,0.6,0.8,0.3,0.2,0.1,0.0,0.0,0.1,0.2,2.0,-0.2,105.3,109.9,-4.6,0.095,11.3,0.054,0.129,0.092,9.4,0.5,0.518,0.2,111.66,0.085
1630625,Dalano Banton,1610612738,BOS,26.0,6,4,2,0.667,10.3,0.7,2.0,0.333,0.0,0.2,0.0,0.7,0.7,1.0,0.3,0.5,0.8,1.8,1.3,0.3,0.8,0.5,0.5,0.5,2.0,-1.5,110.0,114.3,-4.3,0.268,33.3,0.034,0.043,0.039,24.2,0.333,0.436,0.152,102.38,0.051
1629162,Jordan McLaughlin,1610612759,SAS,30.0,44,37,7,0.841,6.4,0.8,1.8,0.418,0.4,0.9,0.425,0.1,0.2,0.857,0.2,0.6,0.7,0.9,0.3,0.5,0.0,0.0,0.3,0.2,2.0,-1.4,100.8,112.3,-11.5,0.199,28.1,0.024,0.093,0.057,11.1,0.525,0.542,0.143,101.67,0.091
1642951,Sean Pedulla,1610612746,LAC,23.0,7,4,3,0.571,4.4,0.7,2.1,0.333,0.4,1.4,0.3,0.0,0.0,0.0,0.0,0.4,0.4,0.7,0.1,0.0,0.0,0.1,0.6,0.0,1.9,-2.9,82.5,112.5,-30.0,0.294,23.8,0.0,0.13,0.048,4.8,0.433,0.433,0.219,98.32,0.05
1642876,Adou Thiero,1610612747,LAL,22.0,25,15,10,0.6,6.0,0.6,1.2,0.516,0.0,0.1,0.333,0.6,0.9,0.636,0.4,0.8,1.1,0.4,0.4,0.3,0.1,0.2,0.8,0.6,1.9,-1.3,109.2,122.4,-13.2,0.094,16.9,0.068,0.139,0.104,15.3,0.532,0.578,0.143,100.41,0.054
1641752,Bobi Klintman,1610612765,DET,23.0,12,8,4,0.667,5.9,0.8,2.3,0.333,0.3,1.1,0.308,0.0,0.3,0.0,0.4,1.2,1.6,0.5,0.5,0.3,0.0,0.3,0.9,0.4,1.8,-0.4,92.5,96.8,-4.3,0.128,15.0,0.056,0.179,0.113,15.0,0.407,0.388,0.18,106.92,0.039
1630587,Isaiah Livers,1610612756,PHX,27.0,36,21,15,0.583,9.6,0.6,1.8,0.344,0.3,1.1,0.3,0.3,0.3,0.75,0.5,1.2,1.7,0.6,0.3,0.4,0.2,0.2,0.8,0.2,1.8,0.3,109.4,108.3,1.1,0.078,20.6,0.05,0.116,0.083,11.8,0.438,0.469,0.094,101.64,0.05
1642443,Jahmir Young,1610612748,MIA,25.0,14,10,4,0.714,4.2,0.7,1.8,0.4,0.2,0.6,0.333,0.1,0.1,1.0,0.1,0.1,0.3,0.6,0.2,0.1,0.0,0.3,0.5,0.2,1.8,0.1,113.5,107.9,5.6,0.18,24.3,0.028,0.031,0.029,8.1,0.46,0.483,0.178,112.17,0.048
1631115,Orlando Robinson,1610612753,ORL,25.0,4,2,2,0.5,6.2,0.8,1.3,0.6,0.3,0.5,0.5,0.0,0.0,0.0,0.5,0.5,1.0,0.8,0.0,0.3,0.0,0.0,0.8,0.3,1.8,-2.8,122.4,144.9,-22.4,0.158,37.5,0.069,0.125,0.089,0.0,0.7,0.7,0.081,94.78,0.074
1628998,Cody Martin,1610612754,IND,30.0,4,0,4,0.0,13.8,0.5,2.5,0.2,0.0,1.3,0.0,0.8,1.5,0.5,0.3,3.3,3.5,0.5,1.0,1.0,0.5,0.3,1.3,1.3,1.8,-7.0,79.0,99.2,-20.2,0.065,10.5,0.013,0.183,0.094,21.1,0.2,0.277,0.119,105.26,0.045
1642359,Pacôme Dadiet,1610612752,NYK,20.0,29,18,11,0.621,4.7,0.6,1.7,0.333,0.2,1.1,0.219,0.3,0.4,0.818,0.1,0.8,0.9,0.4,0.1,0.1,0.0,0.1,0.3,0.2,1.7,-0.2,98.6,100.3,-1.7,0.13,17.6,0.027,0.156,0.092,4.4,0.406,0.454,0.167,101.83,0.085
1631111,Wendell Moore Jr.,1610612765,DET,24.0,6,5,1,0.833,9.9,0.7,1.2,0.571,0.0,0.2,0.0,0.3,0.3,1.0,0.2,0.8,1.0,0.7,0.2,0.3,0.3,0.2,0.5,0.5,1.7,7.0,129.0,94.4,34.6,0.068,30.8,0.02,0.085,0.056,7.7,0.571,0.635,0.066,100.34,0.063
1642964,Brooks Barnhizer,1610612760,OKC,24.0,40,29,11,0.725,8.7,0.7,1.8,0.38,0.2,0.6,0.292,0.2,0.3,0.7,0.5,1.5,2.0,0.6,0.3,0.3,0.1,0.3,0.7,0.3,1.7,-2.6,100.1,114.6,-14.5,0.094,20.6,0.049,0.159,0.103,9.3,0.43,0.451,0.103,101.34,0.062
203486,Mason Plumlee,1610612759,SAS,36.0,20,10,10,0.5,8.6,0.6,0.7,0.786,0.0,0.0,0.0,0.5,0.7,0.643,0.9,1.8,2.7,1.0,0.6,0.5,0.0,0.1,0.9,0.8,1.6,-0.4,114.4,116.5,-2.2,0.145,38.5,0.099,0.224,0.159,23.1,0.786,0.769,0.074,103.28,0.084
1631210,Jacob Toppin,1610612737,ATL,26.0,5,3,2,0.6,3.4,0.8,1.2,0.667,0.0,0.0,0.0,0.0,0.0,0.0,0.0,0.2,0.2,0.2,0.0,0.0,0.2,0.0,0.2,0.2,1.6,2.6,102.7,71.4,31.3,0.091,14.3,0.0,0.067,0.033,0.0,0.667,0.667,0.14,102.45,0.181
1631127,Harrison Ingram,1610612759,SAS,23.0,7,6,1,0.857,3.7,0.7,0.9,0.833,0.1,0.1,1.0,0.0,0.0,0.0,0.4,0.0,0.4,0.1,0.1,0.0,0.0,0.0,0.3,0.1,1.6,-0.9,105.3,117.9,-12.6,0.048,12.5,0.125,0.0,0.075,12.5,0.917,0.917,0.104,103.84,0.086
1631205,Buddy Boeheim,1610612760,OKC,26.0,4,2,2,0.5,3.8,0.5,1.5,0.333,0.5,1.5,0.333,0.0,0.0,0.0,0.0,0.0,0.0,0.0,0.0,0.0,0.0,0.3,0.3,0.3,1.5,1.5,84.4,72.4,12.0,0.0,0.0,0.0,0.0,0.0,0.0,0.5,0.5,0.158,97.58,0.028
1642367,Jonathan Mogbo,1610612761,TOR,24.0,40,20,20,0.5,6.2,0.7,1.1,0.591,0.0,0.0,0.0,0.2,0.4,0.643,0.5,1.2,1.7,0.6,0.4,0.3,0.2,0.1,0.7,0.3,1.5,-1.3,96.3,106.5,-10.2,0.159,28.4,0.071,0.193,0.13,15.9,0.591,0.608,0.102,103.95,0.101
1630214,Xavier Tillman,1610612766,CHA,27.0,30,21,9,0.7,6.1,0.7,1.5,0.435,0.1,0.6,0.167,0.0,0.1,0.25,0.6,0.8,1.4,0.4,0.3,0.3,0.2,0.1,0.5,0.2,1.5,-0.8,104.8,109.7,-4.9,0.113,18.8,0.098,0.136,0.116,11.6,0.467,0.461,0.127,98.67,0.069
204060,Joe Ingles,1610612750,MIN,38.0,27,13,14,0.481,5.7,0.6,1.0,0.593,0.3,0.6,0.438,0.1,0.1,1.0,0.0,0.7,0.7,1.3,0.5,0.3,0.1,0.0,0.3,0.1,1.5,-0.3,110.9,116.7,-5.8,0.268,44.7,0.0,0.11,0.06,18.4,0.722,0.735,0.106,110.81,0.096
1642873,Amari Williams,1610612738,BOS,24.0,22,15,7,0.682,6.6,0.5,0.9,0.5,0.0,0.0,0.0,0.5,0.6,0.714,0.4,1.4,1.8,0.5,0.5,0.1,0.5,0.1,0.9,0.6,1.4,-2.6,89.0,106.4,-17.4,0.116,21.3,0.054,0.187,0.12,23.4,0.5,0.573,0.103,102.44,0.079
203648,Thanasis Antetokounmpo,1610612749,MIL,33.0,34,9,25,0.265,4.4,0.4,0.9,0.469,0.0,0.1,0.0,0.5,0.9,0.567,0.4,0.5,0.9,0.4,0.3,0.4,0.2,0.1,0.5,0.6,1.4,0.1,97.4,94.3,3.1,0.172,21.4,0.071,0.125,0.096,14.3,0.469,0.52,0.154,102.35,0.094
1642403,Isaac Jones,1610612765,DET,25.0,7,5,2,0.714,5.1,0.4,1.0,0.429,0.0,0.3,0.0,0.4,0.6,0.75,0.3,0.4,0.7,0.1,0.1,0.0,0.1,0.1,0.6,0.6,1.3,-3.7,88.9,126.8,-37.9,0.048,9.1,0.053,0.088,0.069,9.1,0.429,0.514,0.119,96.18,0.036
1631102,TyTy Washington Jr.,1610612746,LAC,24.0,16,8,8,0.5,5.5,0.6,1.2,0.474,0.2,0.5,0.375,0.0,0.0,0.0,0.1,0.3,0.4,1.1,0.2,0.4,0.2,0.1,0.4,0.1,1.3,-2.4,102.9,121.0,-18.1,0.283,43.6,0.013,0.069,0.04,7.7,0.553,0.553,0.113,96.95,0.082
1628502,Nigel Hayes-Davis,1610612756,PHX,31.0,27,15,12,0.556,7.2,0.6,1.7,0.326,0.1,0.6,0.125,0.1,0.1,0.5,0.4,0.8,1.2,0.3,0.3,0.3,0.1,0.0,0.6,0.1,1.3,-2.7,95.1,112.8,-17.7,0.055,11.1,0.057,0.113,0.083,12.7,0.348,0.356,0.116,99.83,0.028
1630658,Colin Castleton,1610612753,ORL,26.0,4,3,1,0.75,5.3,0.5,1.3,0.4,0.0,0.0,0.0,0.3,0.3,1.0,0.5,1.5,2.0,0.3,0.5,0.3,0.0,0.3,0.5,0.5,1.3,1.5,116.3,102.3,14.0,0.053,12.5,0.105,0.333,0.216,25.0,0.4,0.46,0.14,96.52,0.098
1641794,Dillon Jones,1610612752,NYK,24.0,7,5,2,0.714,5.6,0.3,1.3,0.222,0.1,0.7,0.2,0.6,0.6,1.0,0.3,0.7,1.0,0.6,0.0,0.4,0.0,0.1,0.9,0.3,1.3,1.1,114.0,109.8,4.2,0.108,26.7,0.05,0.135,0.091,0.0,0.278,0.418,0.111,102.37,0.053
200768,Kyle Lowry,1610612755,PHI,40.0,14,9,5,0.643,8.4,0.3,1.8,0.16,0.3,1.8,0.16,0.4,0.4,0.833,0.0,0.6,0.6,0.8,0.3,0.1,0.1,0.0,0.6,0.4,1.2,-2.8,98.5,116.5,-18.0,0.131,25.6,0.0,0.065,0.032,9.3,0.24,0.308,0.106,105.12,0.013
1631451,Javonte Cooke,1610612757,POR,26.0,19,6,13,0.316,4.9,0.5,2.2,0.22,0.2,1.2,0.13,0.1,0.1,1.0,0.2,0.8,1.0,0.4,0.5,0.3,0.0,0.3,0.3,0.2,1.2,-3.1,74.3,102.9,-28.6,0.127,12.1,0.033,0.163,0.089,15.5,0.256,0.275,0.205,107.36,0.019
1642282,Hunter Sallis,1610612755,PHI,23.0,7,3,4,0.429,3.7,0.4,0.7,0.6,0.0,0.0,0.0,0.1,0.3,0.5,0.0,0.1,0.1,0.6,0.7,0.0,0.1,0.0,0.3,0.3,1.0,-1.9,89.5,112.3,-22.8,0.235,26.7,0.0,0.034,0.017,33.3,0.6,0.595,0.169,106.57,0.024
1641998,Trey Jemison III,1610612752,NYK,26.0,13,10,3,0.769,6.3,0.5,0.8,0.6,0.0,0.0,0.0,0.1,0.1,1.0,0.6,0.8,1.4,0.4,0.8,0.1,0.2,0.0,0.8,0.2,1.0,-2.2,96.1,112.9,-16.8,0.088,20.0,0.086,0.118,0.101,40.0,0.6,0.623,0.099,105.02,0.027
1631211,Trevor Keels,1610612748,MIA,22.0,8,6,2,0.75,1.9,0.4,1.5,0.25,0.3,1.1,0.222,0.0,0.0,0.0,0.0,0.3,0.3,0.0,0.0,0.1,0.0,0.0,0.0,0.0,1.0,0.6,87.5,69.8,17.7,0.0,0.0,0.0,0.083,0.047,0.0,0.333,0.333,0.261,133.27,0.039
203967,Dario Saric,1610612758,SAC,32.0,5,1,4,0.2,8.2,0.2,1.2,0.167,0.2,0.6,0.333,0.4,0.4,1.0,0.2,1.0,1.2,0.4,0.4,0.0,0.0,0.2,0.6,0.2,1.0,0.0,104.7,104.7,0.0,0.061,18.2,0.03,0.114,0.078,18.2,0.25,0.363,0.1,98.91,0.015
1630649,Stanley Umude,1610612759,SAS,27.0,2,2,0,1.0,3.3,0.5,1.0,0.5,0.0,0.5,0.0,0.0,0.0,0.0,0.0,0.0,0.0,0.5,0.0,0.5,0.0,0.0,1.0,0.0,1.0,-8.5,57.1,166.7,-109.5,0.333,33.3,0.0,0.0,0.0,0.0,0.5,0.5,0.143,105.99,0.029
202687,Bismack Biyombo,1610612759,SAS,33.0,25,20,5,0.8,5.7,0.4,0.6,0.6,0.0,0.0,0.0,0.2,0.3,0.714,0.2,0.8,1.0,0.2,0.3,0.2,0.1,0.1,1.1,0.3,0.9,-4.0,94.2,127.1,-32.9,0.056,16.1,0.04,0.156,0.1,25.8,0.6,0.636,0.082,99.67,0.024
1641780,Johni Broome,1610612755,PHI,23.0,11,5,6,0.455,5.0,0.4,2.2,0.167,0.0,0.5,0.0,0.2,0.5,0.333,0.6,0.8,1.5,0.4,0.3,0.3,0.2,0.3,0.6,0.6,0.9,-1.6,88.9,102.5,-13.6,0.118,11.8,0.109,0.17,0.137,8.8,0.167,0.188,0.226,103.43,-0.02
1628365,Markelle Fultz,1610612761,TOR,28.0,5,3,2,0.6,7.2,0.4,2.2,0.182,0.0,0.0,0.0,0.0,0.0,0.0,0.0,0.2,0.2,1.6,0.8,0.4,0.0,0.2,0.4,0.0,0.8,-7.2,90.4,130.6,-40.2,0.308,34.8,0.0,0.025,0.013,17.4,0.182,0.182,0.163,112.73,0.0
1643024,Chris Mañon,1610612747,LAL,24.0,9,4,5,0.444,5.1,0.2,0.7,0.333,0.0,0.3,0.0,0.3,0.4,0.75,0.2,0.9,1.1,0.3,0.1,0.6,0.2,0.0,0.7,0.3,0.8,-0.1,105.2,108.4,-3.3,0.091,25.0,0.043,0.14,0.096,8.3,0.333,0.451,0.081,99.99,0.086
1642368,N'Faly Dante,1610612737,ATL,24.0,4,3,1,0.75,3.9,0.3,1.0,0.25,0.0,0.0,0.0,0.3,0.3,1.0,0.8,1.0,1.8,0.0,0.3,0.5,0.0,0.0,0.3,0.5,0.8,2.5,109.1,86.7,22.4,0.0,0.0,0.167,0.25,0.206,20.0,0.25,0.338,0.119,98.08,0.116
202066,Garrett Temple,1610612761,TOR,40.0,22,10,12,0.455,3.3,0.2,0.7,0.267,0.1,0.5,0.25,0.3,0.4,0.667,0.0,0.4,0.4,0.4,0.3,0.2,0.1,0.0,0.3,0.3,0.8,0.0,92.4,94.2,-1.8,0.205,25.7,0.016,0.108,0.065,20.0,0.367,0.448,0.152,102.66,0.051
1642884,Vladislav Goldin,1610612748,MIA,25.0,9,5,4,0.556,2.7,0.3,0.4,0.75,0.0,0.0,0.0,0.1,0.1,1.0,0.3,0.7,1.0,0.3,0.3,0.0,0.3,0.0,0.6,0.1,0.8,0.6,105.2,88.9,16.3,0.136,30.0,0.111,0.214,0.164,30.0,0.75,0.788,0.101,121.19,0.105
1641809,Drew Peterson,1610612766,CHA,26.0,6,1,5,0.167,10.7,0.3,2.7,0.125,0.0,2.0,0.0,0.2,0.3,0.5,0.5,1.0,1.5,0.3,0.0,0.5,0.2,0.0,0.5,0.5,0.8,-1.7,103.1,110.7,-7.6,0.044,10.5,0.041,0.107,0.069,0.0,0.125,0.148,0.108,97.84,0.0
1642917,Max Shulga,1610612738,BOS,24.0,11,8,3,0.727,3.3,0.2,0.7,0.25,0.1,0.4,0.25,0.2,0.2,1.0,0.3,0.3,0.5,0.2,0.3,0.1,0.0,0.0,0.9,0.1,0.6,-0.8,92.4,100.0,-7.6,0.087,14.3,0.07,0.083,0.076,21.4,0.313,0.394,0.128,106.52,-0.038
1643141,Jahmyl Telfort,1610612746,LAC,25.0,8,2,6,0.25,4.0,0.0,0.5,0.0,0.0,0.5,0.0,0.1,0.5,0.25,0.0,0.4,0.4,0.1,0.1,0.1,0.0,0.0,0.6,0.3,0.1,-0.9,94.0,102.9,-8.9,0.05,12.5,0.0,0.088,0.047,12.5,0.0,0.087,0.093,101.14,-0.064
1641787,Tosan Evbuomwan,1610612766,CHA,25.0,5,4,1,0.8,1.5,0.0,0.2,0.0,0.0,0.0,0.0,0.0,0.0,0.0,0.2,0.2,0.4,0.0,0.0,0.0,0.0,0.0,0.2,0.0,0.0,-1.6,50.0,100.0,-50.0,0.0,0.0,0.091,0.083,0.087,0.0,0.0,0.0,0.048,108.9,-0.043
1642855,Noa Essengue,1610612741,CHI,19.0,2,1,1,0.5,3.0,0.0,1.5,0.0,0.0,1.0,0.0,0.0,0.0,0.0,0.0,0.0,0.0,0.0,0.0,0.5,0.0,0.5,0.5,0.0,0.0,-7.5,60.0,171.4,-111.4,0.0,0.0,0.0,0.0,0.0,0.0,0.0,0.0,0.188,115.36,-0.095
1642935,Chucky Hepburn,1610612761,TOR,23.0,2,0,2,0.0,6.6,0.0,3.0,0.0,0.0,2.5,0.0,0.0,0.0,0.0,0.0,0.5,0.5,1.0,0.5,0.5,0.0,0.0,1.0,0.5,0.0,-8.0,73.1,120.7,-47.6,0.286,22.2,0.0,0.067,0.029,11.1,0.0,0.0,0.219,99.75,-0.1
1642468,Darius Brown II,1610612739,CLE,26.0,1,1,0,1.0,2.7,0.0,1.0,0.0,0.0,0.0,0.0,0.0,0.0,0.0,0.0,1.0,1.0,0.0,0.0,0.0,0.0,0.0,0.0,0.0,0.0,-4.0,100.0,180.0,-80.0,0.0,0.0,0.0,1.0,0.25,0.0,0.0,0.0,0.167,90.0,0.0
