PLAYER_ID,PLAYER_NAME,TEAM_ID,TEAM_ABBREVIATION,AGE,GP,W,L,W_PCT,MIN,FGM,FGA,FG_PCT,FG3M,FG3A,FG3_PCT,FTM,FTA,FT_PCT,OREB,DREB,REB,AST,TOV,STL,BLK,BLKA,PF,PFD,PTS,PLUS_MINUS,OFF_RATING,DEF_RATING,NET_RATING,AST_PCT,AST_RATIO,OREB_PCT,DREB_PCT,REB_PCT,TM_TOV_PCT,EFG_PCT,TS_PCT,USG_PCT,PACE,PIE
1629029,Luka Dončić,1610612747,LAL,26.0,30,19,11,0.633,36.5,10.5,22.6,0.465,3.3,10.2,0.32,9.4,11.9,0.789,0.9,7.1,8.0,8.7,4.5,1.7,0.5,0.6,2.6,8.9,33.6,0.6,118.5,117.8,0.8,0.396,21.4,0.026,0.193,0.112,11.0,0.537,0.604,0.369,100.98,0.184
1628983,Shai Gilgeous-Alexander,1610612760,OKC,27.0,38,31,7,0.816,33.3,10.9,19.9,0.547,2.0,5.1,0.396,8.1,9.2,0.888,0.4,4.0,4.5,6.4,1.9,1.4,0.7,0.8,2.1,6.1,31.9,11.4,121.7,106.1,15.6,0.319,20.1,0.014,0.111,0.065,6.1,0.597,0.667,0.321,102.89,0.211
1630178,Tyrese Maxey,1610612755,PHI,25.0,36,21,15,0.583,39.6,10.8,22.4,0.48,3.8,9.2,0.409,5.7,6.5,0.876,0.3,4.2,4.5,6.7,2.6,1.9,0.9,0.9,2.2,4.5,30.9,3.1,115.7,112.6,3.0,0.29,19.5,0.006,0.103,0.054,7.5,0.563,0.612,0.287,99.93,0.164
203999,Nikola Jokić,1610612743,DEN,30.0,32,22,10,0.688,34.6,10.6,17.5,0.605,2.1,4.8,0.435,6.3,7.4,0.853,3.0,9.1,12.2,11.0,3.5,1.4,0.8,0.8,2.8,6.6,29.6,9.5,128.0,115.6,12.3,0.474,31.1,0.095,0.253,0.179,10.0,0.665,0.713,0.292,102.15,0.229
1627759,Jaylen Brown,1610612738,BOS,29.0,36,22,14,0.611,34.2,10.9,21.9,0.495,2.2,5.8,0.376,5.6,7.2,0.779,1.2,5.3,6.4,5.0,3.8,1.0,0.4,1.1,3.1,6.3,29.5,3.3,120.7,115.7,5.0,0.246,14.9,0.034,0.145,0.091,11.1,0.545,0.588,0.356,98.07,0.151
1628378,Donovan Mitchell,1610612739,CLE,29.0,37,20,17,0.541,33.8,10.3,20.9,0.492,3.9,10.0,0.386,5.1,6.0,0.842,0.8,3.8,4.7,5.5,3.0,1.5,0.3,0.7,2.6,4.6,29.5,5.6,119.6,112.1,7.5,0.258,17.3,0.024,0.109,0.067,9.5,0.585,0.626,0.315,103.98,0.155
203507,Giannis Antetokounmpo,1610612749,MIL,31.0,25,14,11,0.56,29.2,11.2,17.2,0.647,0.6,1.4,0.4,6.4,9.6,0.66,3.0,6.7,9.8,5.7,3.2,0.9,0.8,0.9,2.7,7.9,29.2,6.8,124.2,113.2,10.9,0.345,18.8,0.112,0.219,0.169,10.6,0.664,0.681,0.36,99.88,0.227
1630162,Anthony Edwards,1610612750,MIN,24.0,33,22,11,0.667,34.9,10.0,19.9,0.5,3.3,8.2,0.409,5.6,7.1,0.787,0.6,4.4,5.0,3.8,2.7,1.3,0.8,0.5,1.8,4.6,28.9,2.5,118.7,115.5,3.2,0.178,12.8,0.017,0.12,0.069,9.3,0.584,0.626,0.303,101.2,0.15
1628973,Jalen Brunson,1610612752,NYK,29.0,36,24,12,0.667,35.3,10.3,21.4,0.481,3.1,7.9,0.389,5.3,6.2,0.852,0.6,2.8,3.3,6.3,2.3,0.7,0.1,0.7,2.5,5.2,28.9,4.0,123.7,119.0,4.7,0.286,19.5,0.015,0.079,0.046,7.2,0.553,0.6,0.307,98.98,0.139
201939,Stephen Curry,1610612744,GSW,37.0,30,17,13,0.567,32.2,9.4,20.1,0.47,4.7,12.0,0.391,5.2,5.6,0.929,0.5,3.3,3.8,4.7,2.9,1.2,0.5,0.6,2.1,5.1,28.8,2.3,119.0,115.7,3.3,0.236,15.7,0.014,0.102,0.058,9.8,0.587,0.639,0.318,103.36,0.148
202695,Kawhi Leonard,1610612746,LAC,34.0,29,14,15,0.483,33.9,9.8,19.5,0.501,2.8,7.1,0.386,5.8,6.2,0.939,0.9,5.4,6.4,3.4,2.2,2.2,0.7,0.6,1.4,5.2,28.1,2.4,118.2,114.7,3.5,0.177,12.5,0.03,0.159,0.097,7.9,0.572,0.632,0.312,97.16,0.178
1628374,Lauri Markkanen,1610612762,UTA,28.0,33,14,19,0.424,36.0,9.5,19.7,0.483,2.9,8.0,0.365,6.0,6.8,0.884,2.0,5.2,7.2,2.2,1.6,1.0,0.5,0.9,2.0,6.0,27.9,-0.7,115.2,116.2,-0.9,0.097,8.2,0.052,0.135,0.094,6.0,0.557,0.616,0.266,104.15,0.139
1630595,Cade Cunningham,1610612765,DET,24.0,33,24,9,0.727,35.6,9.3,19.9,0.465,2.1,6.1,0.34,6.1,7.3,0.838,1.1,5.1,6.2,9.7,4.0,1.5,0.8,1.0,3.4,5.4,26.7,7.7,118.9,109.2,9.7,0.412,26.6,0.028,0.137,0.083,10.8,0.517,0.577,0.301,101.97,0.167
1630559,Austin Reaves,1610612747,LAL,27.0,23,15,8,0.652,35.3,8.2,16.2,0.507,2.7,7.4,0.365,7.5,8.6,0.873,0.7,4.5,5.2,6.3,3.3,1.0,0.2,0.7,2.3,6.0,26.6,2.5,118.0,114.7,3.3,0.274,21.5,0.022,0.126,0.077,11.2,0.59,0.666,0.276,100.73,0.154
201142,Kevin Durant,1610612745,HOU,37.0,34,20,14,0.588,36.3,9.2,17.7,0.521,2.2,5.4,0.405,5.5,6.1,0.894,0.4,4.9,5.3,4.5,3.0,0.6,1.0,0.5,2.2,5.2,26.1,7.3,120.6,111.2,9.4,0.188,16.3,0.01,0.132,0.071,10.9,0.583,0.64,0.258,98.03,0.151
1630166,Deni Avdija,1610612757,POR,25.0,40,19,21,0.475,35.4,7.9,17.0,0.468,2.3,6.5,0.355,7.9,9.9,0.801,1.0,6.1,7.1,6.9,3.9,0.9,0.6,1.3,2.8,6.9,26.1,0.6,116.9,116.3,0.6,0.307,21.6,0.026,0.166,0.095,12.2,0.535,0.612,0.282,102.68,0.151
1629008,Michael Porter Jr.,1610612751,BKN,27.0,30,11,19,0.367,33.1,9.2,18.7,0.491,3.8,9.4,0.404,3.8,4.5,0.838,1.3,6.2,7.5,3.4,2.6,1.1,0.2,0.5,2.1,3.7,25.9,0.1,116.2,116.8,-0.7,0.177,12.9,0.038,0.193,0.114,9.8,0.593,0.628,0.29,98.38,0.157
201935,James Harden,1610612746,LAC,36.0,36,15,21,0.417,35.5,7.4,17.4,0.429,3.2,8.9,0.36,7.6,8.6,0.893,0.6,4.2,4.8,8.0,3.6,1.3,0.3,1.2,1.9,5.3,25.8,0.2,119.5,119.4,0.1,0.352,24.8,0.019,0.117,0.07,11.1,0.522,0.609,0.297,97.4,0.15
1626164,Devin Booker,1610612756,PHX,29.0,36,23,13,0.639,33.9,8.3,18.2,0.458,1.7,5.4,0.306,6.9,8.1,0.856,0.8,3.1,3.9,6.4,3.3,0.9,0.3,0.9,2.7,6.4,25.3,4.3,116.1,110.9,5.3,0.301,20.6,0.023,0.089,0.056,10.4,0.504,0.581,0.297,101.03,0.14
1627750,Jamal Murray,1610612743,DEN,28.0,35,23,12,0.657,35.5,9.0,18.8,0.479,3.4,7.7,0.443,3.9,4.4,0.889,0.5,4.2,4.7,7.5,2.3,1.0,0.3,0.8,1.5,3.6,25.3,6.1,124.9,117.9,7.1,0.309,24.8,0.015,0.116,0.067,7.6,0.57,0.611,0.27,100.24,0.145
1641705,Victor Wembanyama,1610612759,SAS,22.0,25,17,8,0.68,29.0,8.5,16.4,0.516,1.5,4.3,0.355,5.8,6.8,0.848,1.8,9.3,11.1,3.1,3.0,0.9,2.8,0.4,2.8,6.2,24.3,8.7,116.0,102.4,13.6,0.182,12.2,0.063,0.284,0.181,11.8,0.562,0.624,0.318,101.59,0.212
1641718,Keyonte George,1610612762,UTA,22.0,38,14,24,0.368,34.4,7.5,16.5,0.454,2.6,6.9,0.372,6.3,7.0,0.906,0.5,3.7,4.2,6.9,3.5,1.0,0.3,1.0,2.4,4.7,23.8,-5.5,115.9,123.3,-7.4,0.307,23.1,0.014,0.105,0.059,11.8,0.531,0.609,0.271,103.34,0.123
1626181,Norman Powell,1610612748,MIA,32.0,33,18,15,0.545,30.8,7.9,16.4,0.482,3.0,7.3,0.415,4.9,5.7,0.857,0.4,3.3,3.7,2.7,2.0,1.3,0.2,1.0,2.2,4.0,23.8,1.9,115.1,112.8,2.2,0.129,11.5,0.011,0.101,0.056,8.6,0.575,0.628,0.266,105.76,0.126
1630552,Jalen Johnson,1610612737,ATL,24.0,37,19,18,0.514,35.4,8.8,16.8,0.526,1.6,4.5,0.37,4.4,5.5,0.789,1.4,8.8,10.3,8.2,3.5,1.3,0.5,1.1,2.0,3.8,23.7,0.0,114.6,114.8,-0.2,0.342,26.6,0.04,0.237,0.14,11.3,0.575,0.615,0.261,104.59,0.171
203954,Joel Embiid,1610612755,PHI,31.0,20,12,8,0.6,29.5,8.1,17.1,0.472,1.0,4.2,0.229,6.7,7.9,0.847,2.0,5.1,7.1,3.3,3.0,0.7,1.2,1.0,2.4,5.6,23.7,4.3,117.5,110.6,6.8,0.19,12.3,0.067,0.16,0.115,11.2,0.5,0.578,0.333,101.03,0.148
1627783,Pascal Siakam,1610612754,IND,31.0,39,9,30,0.231,33.8,8.8,18.1,0.484,1.6,4.4,0.37,4.3,6.3,0.686,1.6,5.2,6.8,3.8,2.2,1.3,0.4,0.6,2.6,5.2,23.5,-3.4,110.3,115.1,-4.8,0.193,14.3,0.045,0.149,0.096,8.1,0.529,0.562,0.282,102.2,0.134
1629627,Zion Williamson,1610612740,NOP,25.0,25,6,19,0.24,29.0,8.3,14.4,0.577,0.0,0.1,0.0,6.2,8.7,0.714,2.3,3.4,5.7,3.4,2.4,1.2,0.6,1.4,2.2,6.0,22.8,-4.3,110.3,117.1,-6.7,0.197,14.2,0.074,0.111,0.092,9.9,0.577,0.626,0.28,105.07,0.149
1630532,Franz Wagner,1610612753,ORL,24.0,24,14,10,0.583,33.4,7.8,15.9,0.49,1.5,4.2,0.36,5.6,6.8,0.823,1.5,4.6,6.1,3.7,1.8,1.2,0.4,1.0,2.2,5.1,22.7,2.2,114.2,111.4,2.7,0.173,15.0,0.042,0.135,0.089,7.3,0.537,0.6,0.251,103.56,0.142
203944,Julius Randle,1610612750,MIN,31.0,40,26,14,0.65,33.4,7.6,15.6,0.489,1.6,4.7,0.33,5.3,6.6,0.805,1.7,5.4,7.1,5.7,2.5,1.1,0.2,0.8,2.7,4.6,22.0,4.6,120.6,114.9,5.7,0.248,21.4,0.051,0.153,0.104,9.3,0.539,0.597,0.256,102.1,0.139
2544,LeBron James,1610612747,LAL,41.0,20,12,8,0.6,33.3,8.1,16.0,0.508,1.6,5.1,0.304,4.2,5.8,0.724,0.6,5.0,5.5,6.8,2.6,1.1,0.6,0.8,1.5,3.9,22.0,-1.5,114.4,116.6,-2.2,0.32,24.3,0.018,0.147,0.085,9.2,0.556,0.593,0.267,100.57,0.149
1629639,Tyler Herro,1610612748,MIA,25.0,9,3,6,0.333,31.0,8.1,16.4,0.493,2.0,5.8,0.346,3.6,3.9,0.914,0.4,4.9,5.3,2.7,1.3,0.8,0.4,0.6,2.0,2.7,21.8,-3.3,105.1,110.0,-4.8,0.142,12.1,0.013,0.141,0.076,6.1,0.554,0.6,0.249,107.08,0.135
1627742,Brandon Ingram,1610612761,TOR,28.0,39,23,16,0.59,33.7,8.1,17.2,0.471,1.7,4.9,0.346,3.8,4.6,0.828,0.9,5.1,6.0,3.7,2.8,0.7,0.7,1.0,1.9,3.9,21.7,0.6,113.9,113.2,0.7,0.172,14.6,0.026,0.153,0.088,10.9,0.52,0.565,0.271,99.45,0.121
1630578,Alperen Sengun,1610612745,HOU,23.0,29,18,11,0.621,34.4,8.3,16.4,0.507,0.7,2.3,0.309,4.3,6.0,0.72,3.0,6.0,9.0,6.4,3.2,1.5,1.0,1.0,3.3,5.5,21.7,6.3,120.7,112.4,8.3,0.28,22.5,0.085,0.175,0.13,11.2,0.529,0.57,0.264,97.55,0.15
1630530,Trey Murphy III,1610612740,NOP,25.0,37,9,28,0.243,35.6,7.6,15.4,0.498,3.0,7.8,0.386,3.3,3.7,0.904,1.2,5.0,6.2,3.6,1.9,1.6,0.2,0.3,2.1,3.0,21.6,-5.1,111.7,118.8,-7.1,0.148,16.0,0.032,0.141,0.085,8.5,0.597,0.638,0.212,103.15,0.127
1631101,Shaedon Sharpe,1610612757,POR,22.0,36,17,19,0.472,29.8,8.1,18.0,0.448,2.0,6.0,0.33,3.4,4.3,0.782,1.1,3.3,4.4,2.6,3.0,1.5,0.1,1.3,2.0,3.6,21.5,-0.7,113.0,113.5,-0.6,0.149,10.3,0.035,0.101,0.068,11.7,0.503,0.54,0.301,104.11,0.11
1626157,Karl-Anthony Towns,1610612752,NYK,30.0,36,23,13,0.639,32.3,6.8,14.5,0.471,1.7,4.8,0.355,5.9,6.8,0.865,2.9,8.5,11.4,3.0,2.6,0.8,0.7,1.2,3.5,5.2,21.2,4.6,120.1,114.5,5.6,0.134,13.2,0.088,0.266,0.176,11.3,0.53,0.607,0.253,100.52,0.143
1628415,Dillon Brooks,1610612756,PHX,29.0,33,21,12,0.636,30.6,7.8,17.1,0.456,2.5,7.2,0.356,3.1,3.6,0.849,0.7,2.6,3.3,1.8,2.0,1.2,0.1,0.4,3.4,3.3,21.2,0.3,114.1,113.7,0.4,0.095,8.0,0.021,0.088,0.053,8.9,0.531,0.568,0.276,101.54,0.095
1631094,Paolo Banchero,1610612753,ORL,23.0,30,15,15,0.5,33.7,7.1,15.6,0.453,0.9,3.6,0.252,5.9,7.8,0.755,0.9,7.7,8.7,4.9,2.9,0.6,0.7,1.1,2.2,5.4,20.9,-1.2,113.8,115.9,-2.1,0.224,18.3,0.028,0.225,0.127,10.7,0.482,0.549,0.271,101.04,0.135
1628368,De'Aaron Fox,1610612759,SAS,28.0,30,21,9,0.7,32.5,7.6,16.4,0.464,2.0,6.2,0.324,3.5,4.3,0.808,0.8,3.4,4.2,5.8,2.5,1.3,0.3,0.8,2.2,3.5,20.7,2.9,115.8,110.9,4.9,0.273,22.0,0.023,0.095,0.059,9.3,0.525,0.566,0.258,104.21,0.118
1629638,Nickeil Alexander-Walker,1610612737,ATL,27.0,39,18,21,0.462,32.9,7.1,16.0,0.445,3.0,8.0,0.372,3.3,3.9,0.861,0.6,2.9,3.6,3.3,2.1,1.1,0.6,0.9,2.1,3.8,20.6,0.6,114.0,113.7,0.3,0.142,14.2,0.018,0.084,0.051,9.0,0.538,0.58,0.242,105.56,0.097
203076,Anthony Davis,1610612742,DAL,32.0,20,10,10,0.5,31.3,8.5,16.7,0.506,0.5,1.9,0.27,3.0,4.1,0.728,3.1,8.0,11.1,2.8,2.1,1.1,1.7,0.7,2.1,4.4,20.4,-2.5,110.0,114.6,-4.6,0.14,12.1,0.099,0.24,0.172,8.9,0.521,0.551,0.272,101.27,0.151
1630163,LaMelo Ball,1610612766,CHA,24.0,30,11,19,0.367,27.9,7.0,16.9,0.415,3.4,9.1,0.37,2.6,3.0,0.878,1.0,4.2,5.2,7.7,3.4,1.2,0.2,0.7,2.7,3.4,20.1,2.7,120.1,116.8,3.4,0.418,26.3,0.033,0.147,0.089,11.6,0.515,0.55,0.311,102.03,0.134
203924,Jerami Grant,1610612757,POR,31.0,26,11,15,0.423,30.4,6.0,13.8,0.436,2.5,6.4,0.389,5.5,6.3,0.866,1.2,2.9,4.0,2.7,2.2,0.7,0.6,1.1,3.0,4.0,20.0,-3.3,114.9,120.0,-5.1,0.137,12.5,0.034,0.094,0.063,10.4,0.527,0.603,0.237,104.6,0.102
202710,Jimmy Butler III,1610612744,GSW,36.0,35,20,15,0.571,31.5,6.1,12.1,0.509,0.9,2.3,0.38,6.7,7.8,0.864,2.3,3.3,5.5,4.9,1.7,1.5,0.2,0.8,1.2,5.6,19.9,4.1,116.1,109.8,6.3,0.241,22.3,0.07,0.102,0.086,7.5,0.545,0.642,0.225,101.47,0.153
203897,Zach LaVine,1610612758,SAC,30.0,28,7,21,0.25,32.7,7.0,14.5,0.484,2.6,6.7,0.388,3.2,3.6,0.881,0.2,2.8,3.0,2.3,2.1,0.7,0.2,0.6,2.1,2.3,19.9,-8.3,108.7,120.9,-12.2,0.106,11.1,0.006,0.087,0.045,10.3,0.574,0.616,0.234,100.48,0.096
1629628,RJ Barrett,1610612761,TOR,25.0,23,16,7,0.696,30.4,7.3,14.7,0.496,1.9,5.4,0.355,3.1,4.5,0.689,0.8,4.3,5.0,3.7,1.6,0.8,0.2,1.3,2.4,3.2,19.6,2.0,117.1,113.4,3.7,0.176,16.7,0.026,0.135,0.082,7.2,0.56,0.587,0.251,102.17,0.115
1628970,Miles Bridges,1610612766,CHA,27.0,39,14,25,0.359,33.4,6.8,15.5,0.443,2.3,6.9,0.333,3.5,4.2,0.846,0.9,5.5,6.4,3.7,1.5,0.5,0.5,0.5,1.8,3.0,19.5,-2.4,115.0,117.9,-3.0,0.17,16.3,0.026,0.163,0.094,6.5,0.517,0.564,0.234,100.07,0.118
1630567,Scottie Barnes,1610612761,TOR,24.0,40,24,16,0.6,34.3,7.5,15.0,0.5,1.1,3.3,0.336,3.2,3.8,0.842,2.2,6.1,8.3,5.3,2.6,1.3,1.4,0.8,2.9,3.6,19.3,2.1,112.8,109.9,2.8,0.228,21.5,0.061,0.171,0.115,10.5,0.537,0.579,0.229,101.14,0.14
1629027,Trae Young,1610612764,WAS,27.0,10,2,8,0.2,28.0,5.6,13.5,0.415,1.8,5.9,0.305,6.3,7.3,0.863,0.0,1.5,1.5,8.9,2.6,1.0,0.1,0.2,2.0,6.4,19.3,-3.7,119.4,126.2,-6.8,0.416,31.7,0.0,0.055,0.026,9.3,0.481,0.577,0.268,109.07,0.118
1630217,Desmond Bane,1610612753,ORL,27.0,40,22,18,0.55,33.8,7.0,15.4,0.452,1.7,5.0,0.338,3.6,3.9,0.929,1.3,3.3,4.6,4.5,2.2,0.8,0.5,1.3,3.0,2.5,19.2,1.8,114.1,111.9,2.2,0.202,19.2,0.036,0.094,0.065,9.4,0.506,0.561,0.232,101.92,0.102
1630581,Josh Giddey,1610612741,CHI,23.0,30,15,15,0.5,32.8,6.7,14.3,0.466,1.9,4.8,0.386,4.0,5.3,0.761,1.2,7.8,8.9,9.0,3.6,0.9,0.4,0.9,1.8,3.5,19.2,-0.7,113.5,114.8,-1.3,0.399,30.8,0.035,0.213,0.127,12.2,0.531,0.578,0.251,104.91,0.153
1642843,Cooper Flagg,1610612742,DAL,19.0,39,15,24,0.385,34.6,7.3,15.2,0.48,1.0,3.4,0.293,3.6,4.4,0.818,1.2,5.2,6.4,4.3,2.2,1.3,0.8,1.0,2.3,3.8,19.1,-3.7,108.7,113.8,-5.1,0.186,18.0,0.033,0.139,0.087,9.5,0.513,0.559,0.232,102.37,0.119
1642851,Kon Knueppel,1610612766,CHA,20.0,39,14,25,0.359,32.5,6.6,13.7,0.48,3.4,8.1,0.425,2.4,2.7,0.888,1.0,4.1,5.1,3.6,2.3,0.7,0.2,0.7,2.3,2.1,19.1,-0.4,114.8,115.2,-0.4,0.167,17.3,0.029,0.125,0.076,11.0,0.606,0.638,0.216,101.01,0.111
1641706,Brandon Miller,1610612766,CHA,23.0,23,11,12,0.478,29.8,6.7,16.6,0.402,2.7,7.9,0.348,3.0,3.7,0.824,1.1,3.2,4.3,3.4,2.5,1.0,1.0,0.4,2.9,2.8,19.1,0.8,116.0,115.4,0.6,0.175,14.2,0.035,0.103,0.069,10.4,0.484,0.525,0.28,101.22,0.09
201942,DeMar DeRozan,1610612758,SAC,36.0,40,10,30,0.25,33.3,6.9,13.5,0.51,0.8,2.2,0.36,4.4,5.1,0.876,0.6,2.8,3.3,3.9,1.1,1.5,0.3,0.6,2.0,3.9,19.0,-7.4,109.7,120.3,-10.6,0.175,19.1,0.016,0.083,0.049,5.2,0.539,0.604,0.207,101.42,0.116
1629630,Ja Morant,1610612763,MEM,26.0,18,6,12,0.333,28.3,6.6,16.3,0.401,0.9,4.3,0.208,5.0,5.6,0.9,0.4,2.8,3.2,7.6,3.6,1.0,0.2,0.9,1.9,4.1,19.0,-4.3,107.5,114.8,-7.4,0.43,25.3,0.012,0.098,0.053,11.9,0.429,0.506,0.307,106.79,0.12
1630560,Cam Thomas,1610612751,BKN,24.0,15,3,12,0.2,25.3,6.1,14.5,0.422,1.9,5.3,0.35,4.8,5.6,0.857,0.4,1.4,1.8,2.5,2.1,0.3,0.1,0.9,1.5,4.6,18.9,-5.2,111.3,122.1,-10.8,0.175,11.6,0.015,0.058,0.035,9.7,0.486,0.557,0.316,97.16,0.103
1641708,Amen Thompson,1610612745,HOU,22.0,36,22,14,0.611,36.9,7.3,14.1,0.518,0.4,2.1,0.189,3.8,4.7,0.794,2.9,4.8,7.7,5.2,2.6,1.3,0.6,0.9,2.4,3.5,18.7,6.5,119.0,109.7,9.3,0.202,21.9,0.075,0.127,0.101,11.0,0.532,0.579,0.205,98.18,0.127
1628401,Derrick White,1610612738,BOS,31.0,38,23,15,0.605,34.3,6.4,16.2,0.397,3.2,9.6,0.331,2.6,2.9,0.882,0.9,3.6,4.4,5.2,1.9,1.3,1.5,0.6,1.7,3.1,18.6,5.3,119.8,111.5,8.2,0.215,21.3,0.024,0.098,0.062,7.7,0.495,0.532,0.239,96.92,0.114
203468,CJ McCollum,1610612737,ATL,34.0,36,11,25,0.306,30.7,6.8,15.1,0.451,2.7,6.9,0.387,2.3,2.9,0.792,0.6,2.8,3.4,3.6,1.6,0.7,0.3,0.6,2.1,2.0,18.6,-4.3,112.6,119.9,-7.3,0.175,16.9,0.019,0.081,0.051,7.5,0.54,0.568,0.237,102.72,0.097
1629632,Coby White,1610612741,CHI,25.0,18,9,9,0.5,28.0,6.0,13.3,0.45,2.1,6.7,0.317,4.4,5.6,0.8,0.3,3.1,3.4,4.5,3.0,0.7,0.0,0.9,2.3,4.3,18.6,1.4,117.6,115.5,2.0,0.221,19.4,0.01,0.1,0.057,12.9,0.529,0.588,0.271,104.98,0.099
1628991,Jaren Jackson Jr.,1610612763,MEM,26.0,37,15,22,0.405,30.4,6.9,14.3,0.479,1.6,4.6,0.361,3.1,4.1,0.763,0.9,4.7,5.6,1.9,2.2,0.9,1.5,1.1,3.8,3.9,18.5,-2.6,106.8,111.0,-4.2,0.103,9.5,0.028,0.138,0.084,10.9,0.537,0.574,0.243,103.35,0.1
203932,Aaron Gordon,1610612743,DEN,30.0,17,12,5,0.706,27.6,6.3,12.2,0.514,1.9,4.7,0.413,3.9,4.6,0.835,1.5,4.6,6.1,1.8,1.3,0.6,0.2,0.4,1.6,3.5,18.4,8.1,122.8,109.0,13.8,0.092,10.2,0.053,0.158,0.107,7.5,0.594,0.645,0.235,99.81,0.134
1629645,Kevin Porter Jr.,1610612749,MIL,25.0,20,10,10,0.5,34.7,6.3,13.8,0.458,1.8,4.9,0.367,3.8,4.5,0.844,0.8,4.5,5.3,7.7,3.4,2.3,0.4,0.6,2.1,3.8,18.2,0.5,113.6,113.5,0.2,0.333,28.8,0.024,0.12,0.074,12.5,0.524,0.579,0.237,98.41,0.134
1631096,Chet Holmgren,1610612760,OKC,23.0,34,28,6,0.824,29.0,6.9,12.0,0.574,1.4,3.7,0.373,3.0,3.9,0.773,1.8,6.5,8.3,1.6,1.8,0.6,1.8,0.8,2.7,3.8,18.1,9.6,118.0,102.4,15.6,0.08,9.4,0.064,0.211,0.141,10.4,0.631,0.662,0.225,102.27,0.151
1629636,Darius Garland,1610612739,CLE,25.0,25,12,13,0.48,30.8,6.5,14.6,0.445,2.2,6.3,0.357,2.7,3.1,0.87,0.4,2.0,2.4,6.9,2.8,0.8,0.1,0.6,1.8,2.7,17.9,-2.0,114.4,118.1,-3.7,0.32,27.0,0.013,0.061,0.037,10.8,0.522,0.562,0.248,103.56,0.101
1631105,Jalen Duren,1610612765,DET,22.0,31,22,9,0.71,28.4,7.0,11.0,0.633,0.0,0.0,0.0,4.0,5.5,0.724,4.1,6.5,10.6,1.7,2.3,0.9,0.9,1.2,3.2,4.0,17.9,5.5,119.2,110.3,8.9,0.09,9.8,0.139,0.222,0.18,13.0,0.633,0.667,0.222,100.67,0.16
1630596,Evan Mobley,1610612739,CLE,24.0,35,19,16,0.543,33.2,6.8,13.3,0.513,1.3,3.8,0.328,3.0,4.7,0.642,2.3,6.2,8.6,4.1,2.1,1.0,1.8,0.8,2.5,3.4,17.9,2.7,116.5,111.7,4.8,0.179,18.9,0.068,0.176,0.122,9.9,0.56,0.583,0.217,102.94,0.126
1631097,Bennedict Mathurin,1610612754,IND,23.0,24,5,19,0.208,32.1,5.6,13.2,0.423,2.2,6.0,0.366,4.4,5.0,0.876,0.8,4.7,5.5,2.2,2.4,0.7,0.2,0.5,2.9,3.8,17.8,-7.9,107.4,118.0,-10.6,0.109,10.9,0.023,0.144,0.082,11.9,0.506,0.577,0.233,101.78,0.093
1631114,Jalen Williams,1610612760,OKC,24.0,21,15,6,0.714,30.3,6.9,14.5,0.472,0.8,2.7,0.281,3.1,3.8,0.825,0.8,4.3,5.1,5.7,2.0,1.4,0.4,0.7,2.3,3.2,17.6,5.4,114.4,106.0,8.3,0.272,23.8,0.024,0.133,0.08,8.6,0.498,0.544,0.249,103.56,0.131
1629614,Andrew Nembhard,1610612754,IND,25.0,31,6,25,0.194,31.7,6.1,13.9,0.442,1.9,5.0,0.372,3.4,4.2,0.806,0.4,2.3,2.6,7.1,2.3,1.0,0.1,0.8,2.3,3.6,17.5,-7.8,108.1,119.1,-11.1,0.355,28.2,0.011,0.072,0.04,9.1,0.509,0.557,0.239,101.89,0.111
1642259,Alex Sarr,1610612764,WAS,20.0,29,8,21,0.276,28.2,7.0,13.9,0.501,1.0,3.0,0.349,2.3,3.3,0.708,2.2,5.6,7.8,2.9,1.8,0.8,2.3,1.4,2.0,3.0,17.3,-7.2,107.5,119.3,-11.8,0.168,14.4,0.075,0.178,0.128,9.1,0.538,0.564,0.252,103.51,0.133
1627734,Domantas Sabonis,1610612758,SAC,29.0,11,2,9,0.182,33.2,6.7,13.2,0.51,0.4,1.8,0.2,3.4,4.6,0.725,3.4,8.9,12.3,3.7,2.5,1.2,0.2,1.3,4.0,3.7,17.2,-14.5,106.1,124.9,-18.7,0.176,17.3,0.094,0.286,0.183,11.8,0.524,0.564,0.224,103.49,0.119
1642264,Stephon Castle,1610612759,SAS,21.0,30,21,9,0.7,30.8,5.8,12.7,0.461,1.0,3.9,0.259,4.5,6.2,0.726,1.1,3.9,5.1,6.8,3.7,1.3,0.3,1.0,3.5,4.7,17.2,3.0,112.7,107.3,5.4,0.328,26.1,0.036,0.119,0.078,14.4,0.5,0.558,0.256,103.18,0.108
204001,Kristaps Porziņģis,1610612737,ATL,30.0,17,9,8,0.529,24.3,5.6,12.4,0.457,1.8,5.1,0.36,4.0,4.8,0.84,1.2,3.9,5.1,2.7,0.9,0.5,1.3,0.4,3.2,4.2,17.1,2.9,117.2,111.3,5.8,0.162,14.9,0.049,0.149,0.1,5.2,0.531,0.592,0.259,104.4,0.126
1630202,Payton Pritchard,1610612738,BOS,27.0,39,24,15,0.615,32.9,6.4,14.2,0.448,2.5,7.5,0.338,1.7,2.0,0.87,1.0,3.5,4.5,5.3,1.1,0.9,0.1,0.6,1.5,1.7,17.0,4.3,121.1,114.8,6.2,0.225,24.8,0.029,0.102,0.065,5.1,0.538,0.564,0.207,97.38,0.119
1631157,Ryan Rollins,1610612749,MIL,23.0,39,17,22,0.436,31.8,6.3,13.5,0.468,2.3,5.8,0.403,1.7,2.2,0.774,0.8,3.7,4.4,5.6,2.3,1.5,0.4,0.9,2.8,2.2,16.6,0.5,115.5,114.1,1.4,0.259,25.0,0.025,0.111,0.069,10.5,0.554,0.576,0.227,99.26,0.111
202696,Nikola Vučević,1610612741,CHI,35.0,37,18,19,0.486,30.5,6.8,13.5,0.502,1.8,4.8,0.386,1.1,1.4,0.792,2.2,7.1,9.3,3.6,1.5,0.7,0.5,0.5,2.0,1.8,16.5,-2.7,112.8,117.2,-4.4,0.174,18.8,0.071,0.214,0.146,7.9,0.57,0.585,0.213,103.51,0.129
1630193,Immanuel Quickley,1610612761,TOR,26.0,40,24,16,0.6,32.5,5.7,13.5,0.423,2.5,7.2,0.347,2.6,3.2,0.791,0.6,3.6,4.2,6.1,1.7,1.2,0.1,0.8,2.0,2.8,16.5,1.3,113.6,111.0,2.6,0.263,26.9,0.017,0.108,0.062,7.4,0.516,0.552,0.213,100.27,0.112
1628389,Bam Adebayo,1610612748,MIA,28.0,31,14,17,0.452,30.8,6.0,13.5,0.446,1.2,3.9,0.317,3.1,4.1,0.758,1.6,8.1,9.7,2.6,1.9,0.9,0.8,0.4,1.7,3.6,16.4,2.5,113.5,110.3,3.2,0.122,13.3,0.05,0.251,0.149,9.5,0.492,0.535,0.225,104.25,0.124
1630168,Onyeka Okongwu,1610612737,ATL,25.0,39,18,21,0.462,31.9,6.1,12.6,0.484,1.9,5.2,0.368,2.1,2.8,0.769,1.9,6.0,7.9,3.4,1.8,1.2,1.0,0.8,3.4,2.4,16.3,-2.2,110.4,113.4,-3.0,0.154,17.9,0.056,0.182,0.118,9.6,0.56,0.588,0.198,105.15,0.107
1642845,VJ Edgecombe,1610612755,PHI,20.0,34,21,13,0.618,36.1,6.0,14.0,0.427,2.3,6.0,0.382,1.8,2.3,0.785,1.7,3.7,5.4,4.4,1.7,1.6,0.5,0.9,3.2,1.9,16.1,2.8,114.6,110.7,3.9,0.177,20.7,0.044,0.096,0.07,8.2,0.509,0.536,0.191,99.51,0.09
203952,Andrew Wiggins,1610612748,MIA,30.0,35,17,18,0.486,31.7,6.2,13.1,0.474,1.9,4.7,0.411,1.6,2.2,0.75,1.8,3.0,4.8,2.8,1.7,1.2,1.1,0.7,2.5,1.8,16.0,0.2,113.1,113.5,-0.4,0.123,15.1,0.053,0.087,0.07,9.3,0.547,0.567,0.2,105.47,0.087
201950,Jrue Holiday,1610612757,POR,35.0,13,6,7,0.462,32.1,5.8,13.3,0.439,2.5,6.8,0.371,1.8,2.1,0.852,1.3,3.7,5.0,7.9,2.8,1.5,0.2,0.6,1.9,1.7,16.0,1.2,115.6,113.1,2.5,0.344,31.8,0.038,0.115,0.075,11.1,0.535,0.563,0.209,105.26,0.124
202331,Paul George,1610612755,PHI,35.0,21,13,8,0.619,29.8,5.3,13.0,0.41,2.4,6.5,0.368,2.9,3.3,0.87,0.6,4.7,5.3,3.6,1.9,1.3,0.6,0.3,2.2,2.6,15.9,3.9,114.1,107.9,6.3,0.179,18.0,0.019,0.153,0.084,9.4,0.502,0.551,0.225,100.56,0.112
1631170,Jaime Jaquez Jr.,1610612748,MIA,24.0,36,19,17,0.528,28.7,6.4,12.0,0.533,0.4,1.6,0.276,2.6,3.5,0.744,1.2,4.0,5.2,4.6,2.3,0.8,0.2,0.9,2.0,2.6,15.9,2.9,112.1,108.1,4.0,0.231,22.3,0.039,0.119,0.081,11.0,0.552,0.585,0.218,105.98,0.12
1628969,Mikal Bridges,1610612752,NYK,29.0,39,25,14,0.641,34.9,6.4,12.6,0.508,2.3,5.7,0.401,0.8,1.1,0.762,1.2,3.5,4.7,4.4,1.1,1.6,0.9,0.2,1.9,1.5,15.9,4.5,119.9,113.5,6.5,0.174,23.8,0.033,0.096,0.065,5.7,0.599,0.608,0.167,100.25,0.111
1641710,Anthony Black,1610612753,ORL,21.0,40,22,18,0.55,30.3,5.7,12.2,0.465,1.6,4.4,0.35,2.8,3.9,0.723,0.8,3.3,4.1,3.9,2.4,1.3,0.7,0.9,2.8,3.2,15.7,0.2,115.1,114.2,0.9,0.189,19.5,0.026,0.107,0.066,12.0,0.529,0.565,0.223,101.31,0.094
1628384,OG Anunoby,1610612752,NYK,28.0,29,19,10,0.655,32.6,5.3,11.7,0.459,2.1,5.7,0.364,2.8,3.4,0.82,1.4,4.2,5.6,2.1,2.0,1.7,0.7,1.0,2.6,2.6,15.6,4.6,120.1,112.9,7.2,0.087,12.2,0.041,0.123,0.082,11.8,0.547,0.592,0.191,102.01,0.088
1630224,Jalen Green,1610612756,PHX,23.0,2,2,0,1.0,14.9,5.5,11.5,0.478,3.0,7.0,0.429,1.5,2.5,0.6,1.0,1.0,2.0,2.0,1.0,1.0,0.0,0.0,1.0,2.0,15.5,18.5,153.2,92.1,61.2,0.174,12.9,0.074,0.067,0.07,6.5,0.609,0.615,0.37,100.75,0.154
1629673,Jordan Poole,1610612740,NOP,26.0,22,7,15,0.318,26.8,4.7,12.7,0.373,2.6,8.0,0.328,3.5,3.8,0.905,0.3,1.4,1.6,3.4,2.0,0.7,0.4,0.8,2.6,3.8,15.5,-4.6,109.5,118.6,-9.1,0.186,17.2,0.009,0.048,0.028,10.3,0.477,0.541,0.238,103.75,0.074
1629012,Collin Sexton,1610612766,CHA,27.0,31,11,20,0.355,23.9,5.1,10.5,0.485,1.3,3.4,0.39,3.7,4.3,0.871,0.5,1.6,2.1,4.1,2.3,0.8,0.2,0.8,1.9,4.0,15.2,-0.7,113.2,113.7,-0.5,0.279,22.0,0.02,0.063,0.042,12.4,0.548,0.615,0.253,100.16,0.119
1628960,Grayson Allen,1610612756,PHX,30.0,22,12,10,0.545,29.6,5.1,12.3,0.417,3.0,8.0,0.379,1.9,2.3,0.824,0.6,2.2,2.8,3.8,1.8,1.6,0.3,1.0,2.3,2.9,15.2,-0.3,113.2,113.8,-0.6,0.194,20.2,0.019,0.076,0.046,9.4,0.541,0.571,0.209,100.6,0.094
1630180,Saddiq Bey,1610612740,NOP,26.0,34,8,26,0.235,29.9,5.4,12.3,0.442,1.6,5.2,0.318,2.6,3.2,0.806,1.7,4.1,5.9,2.3,0.6,0.9,0.1,0.7,1.0,2.0,15.1,-4.3,112.4,118.6,-6.2,0.109,13.8,0.053,0.137,0.094,3.7,0.508,0.55,0.193,103.56,0.105
1631095,Jabari Smith Jr.,1610612745,HOU,22.0,35,21,14,0.6,34.6,5.5,12.6,0.432,2.1,6.2,0.344,1.9,2.5,0.764,1.5,5.3,6.9,1.9,1.3,0.8,0.8,0.6,2.9,1.9,15.0,5.7,120.3,112.3,8.0,0.072,11.1,0.044,0.153,0.098,7.9,0.517,0.546,0.178,97.72,0.085
1630591,Jalen Suggs,1610612753,ORL,24.0,23,14,9,0.609,25.4,5.3,11.2,0.471,1.9,5.8,0.331,2.6,3.0,0.857,0.7,2.9,3.7,4.7,2.7,1.9,0.5,0.4,3.0,3.0,15.0,5.5,116.1,106.1,10.1,0.256,23.5,0.028,0.109,0.069,13.4,0.556,0.601,0.238,105.66,0.121
1630170,Devin Vassell,1610612759,SAS,25.0,32,23,9,0.719,31.9,5.3,12.4,0.422,2.7,7.0,0.379,1.8,2.1,0.868,0.5,3.6,4.0,2.4,0.9,0.9,0.5,0.2,2.0,1.6,15.0,4.5,118.5,111.7,6.8,0.103,14.5,0.015,0.107,0.062,5.6,0.529,0.561,0.184,102.06,0.084
1641824,Matas Buzelis,1610612741,CHI,21.0,38,18,20,0.474,27.7,5.4,11.1,0.485,1.8,5.1,0.349,2.3,3.0,0.772,1.1,4.2,5.3,1.7,1.8,0.8,1.4,0.6,2.6,2.8,14.9,-1.9,111.5,114.6,-3.0,0.086,10.6,0.038,0.137,0.09,11.1,0.564,0.597,0.208,104.33,0.092
1627826,Ivica Zubac,1610612746,LAC,28.0,34,11,23,0.324,31.3,6.3,10.4,0.606,0.0,0.0,0.0,2.2,3.0,0.725,3.5,7.2,10.7,2.4,1.9,0.4,1.0,0.8,2.5,3.2,14.8,-0.7,115.6,117.3,-1.7,0.119,15.1,0.116,0.227,0.174,12.0,0.606,0.63,0.188,97.99,0.131
1630183,Jaden McDaniels,1610612750,MIN,25.0,38,24,14,0.632,31.8,5.7,10.9,0.518,1.3,3.2,0.407,2.1,2.5,0.84,1.1,3.3,4.4,2.6,1.7,1.1,0.9,0.7,3.4,2.2,14.7,3.9,117.5,111.3,6.2,0.115,16.1,0.036,0.095,0.067,10.3,0.578,0.612,0.179,101.69,0.088
201566,Russell Westbrook,1610612758,SAC,37.0,40,10,30,0.25,29.3,5.4,12.8,0.424,1.9,5.6,0.345,1.9,2.9,0.675,1.6,4.9,6.5,6.9,3.4,1.4,0.2,0.6,2.5,2.2,14.7,-6.7,109.3,120.3,-11.0,0.34,28.3,0.05,0.169,0.108,13.8,0.499,0.523,0.246,101.7,0.111
1629023,P.J. Washington,1610612742,DAL,27.0,30,9,21,0.3,31.4,5.5,12.0,0.46,1.3,4.2,0.317,2.3,3.4,0.693,1.4,6.0,7.4,1.9,2.2,1.0,1.4,0.6,2.3,2.7,14.7,-3.9,104.6,110.0,-5.4,0.09,10.7,0.042,0.167,0.107,12.4,0.515,0.545,0.202,103.81,0.103
1642273,Kyshawn George,1610612764,WAS,22.0,29,5,24,0.172,31.4,5.3,11.7,0.459,2.2,5.4,0.405,1.8,2.4,0.739,0.9,4.6,5.5,4.9,3.2,1.0,0.9,0.8,4.1,2.6,14.7,-8.0,108.4,120.0,-11.5,0.226,23.7,0.026,0.135,0.081,15.6,0.553,0.577,0.207,103.51,0.082
1631099,Keegan Murray,1610612758,SAC,25.0,19,4,15,0.211,35.9,5.8,13.6,0.429,1.3,4.8,0.272,1.6,2.0,0.789,1.6,4.5,6.1,1.5,1.2,1.2,1.6,0.8,1.9,1.7,14.6,-6.7,108.0,117.8,-9.8,0.063,8.9,0.041,0.123,0.081,6.7,0.477,0.502,0.183,99.58,0.081
1629675,Naz Reid,1610612750,MIN,26.0,40,26,14,0.65,26.5,5.4,11.7,0.464,2.4,6.4,0.382,1.2,1.5,0.803,1.2,5.1,6.3,2.4,1.6,0.9,0.9,0.5,2.5,1.5,14.5,2.4,114.3,111.6,2.7,0.134,14.7,0.043,0.189,0.115,9.6,0.567,0.586,0.214,102.25,0.121
1630245,Ayo Dosunmu,1610612741,CHI,25.0,32,15,17,0.469,26.2,5.3,10.3,0.515,1.8,4.1,0.45,2.0,2.3,0.867,0.6,2.1,2.7,3.5,1.3,0.7,0.3,1.0,1.7,1.5,14.5,-2.6,110.5,115.6,-5.1,0.206,22.1,0.021,0.074,0.048,7.8,0.605,0.639,0.193,103.68,0.109
1631117,Walker Kessler,1610612762,UTA,24.0,5,2,3,0.4,30.8,5.2,7.4,0.703,1.2,1.6,0.75,2.8,4.0,0.7,4.6,6.2,10.8,3.0,3.2,1.4,1.8,1.0,4.4,2.4,14.4,2.8,118.8,114.0,4.8,0.155,19.5,0.149,0.183,0.167,20.8,0.784,0.786,0.167,98.04,0.138
1642847,Jeremiah Fears,1610612740,NOP,19.0,41,9,32,0.22,26.7,5.5,12.5,0.441,1.1,3.2,0.336,2.3,3.0,0.787,0.7,2.9,3.6,3.1,2.5,1.3,0.2,1.2,1.8,2.7,14.4,-6.9,109.6,122.0,-12.4,0.174,16.2,0.025,0.113,0.067,12.7,0.484,0.523,0.245,103.06,0.085
1630241,Sam Merrill,1610612739,CLE,29.0,23,15,8,0.652,26.5,4.7,9.8,0.476,3.7,8.0,0.457,1.3,1.5,0.882,0.7,1.7,2.3,2.4,1.0,0.7,0.1,0.0,2.9,2.0,14.3,3.3,117.4,111.7,5.8,0.122,17.7,0.025,0.058,0.042,6.9,0.662,0.683,0.174,104.86,0.087
1642349,Ajay Mitchell,1610612760,OKC,23.0,38,33,5,0.868,26.2,5.1,10.7,0.478,1.1,3.2,0.344,2.8,3.2,0.878,0.7,2.7,3.4,3.6,1.4,1.4,0.3,0.5,2.2,3.1,14.2,9.5,117.5,101.2,16.4,0.19,21.1,0.025,0.095,0.062,8.3,0.529,0.584,0.212,103.56,0.12
1630174,Aaron Nesmith,1610612754,IND,26.0,20,4,16,0.2,30.0,4.6,12.4,0.372,2.8,7.1,0.39,2.3,2.8,0.804,1.5,3.6,5.1,2.1,1.2,0.7,0.6,1.0,2.7,2.9,14.2,-2.1,109.5,113.9,-4.4,0.101,12.6,0.042,0.118,0.078,6.9,0.484,0.523,0.194,103.45,0.078
1629656,Quentin Grimes,1610612755,PHI,25.0,36,21,15,0.583,31.9,4.5,10.3,0.439,2.2,6.0,0.361,3.0,3.4,0.87,0.6,3.2,3.9,3.9,2.1,1.0,0.5,0.4,2.1,2.9,14.2,1.8,113.8,111.4,2.4,0.172,21.8,0.019,0.095,0.057,12.1,0.544,0.601,0.178,101.03,0.095
1630583,Santi Aldama,1610612763,MEM,25.0,39,17,22,0.436,28.0,5.3,11.2,0.475,1.6,4.8,0.337,1.7,2.5,0.684,1.6,5.2,6.8,3.1,1.3,0.9,0.7,0.3,1.6,2.1,14.0,-2.0,112.4,116.4,-4.0,0.162,18.7,0.052,0.175,0.113,8.1,0.547,0.567,0.192,103.49,0.117
1630167,Obi Toppin,1610612754,IND,27.0,3,0,3,0.0,27.4,5.0,12.0,0.417,1.0,5.7,0.176,3.0,3.0,1.0,1.0,5.7,6.7,1.7,2.0,1.0,0.0,0.7,2.3,1.7,14.0,-2.7,111.9,118.4,-6.5,0.093,9.8,0.032,0.181,0.107,11.8,0.458,0.526,0.232,102.54,0.102
1629028,Deandre Ayton,1610612747,LAL,27.0,33,20,13,0.606,29.3,6.4,9.5,0.679,0.0,0.0,0.0,1.0,1.7,0.596,2.6,5.9,8.5,0.9,1.7,0.8,1.0,0.5,2.4,1.5,13.9,-1.0,116.1,117.3,-1.2,0.045,6.9,0.098,0.203,0.153,13.3,0.679,0.679,0.174,100.48,0.116
1642907,Cedric Coward,1610612763,MEM,22.0,36,15,21,0.417,26.7,5.0,10.6,0.47,1.5,4.5,0.34,2.4,2.9,0.846,1.6,5.1,6.7,2.9,1.7,0.6,0.3,0.7,2.0,2.2,13.9,0.6,110.7,110.0,0.7,0.16,17.7,0.054,0.172,0.114,10.3,0.542,0.587,0.202,104.41,0.118
1626162,Kelly Oubre Jr.,1610612755,PHI,30.0,16,10,6,0.625,32.3,5.2,10.9,0.474,1.6,4.8,0.329,2.0,2.5,0.8,1.1,3.9,4.9,1.1,1.5,1.2,0.9,0.9,2.7,2.7,13.9,1.2,114.9,112.4,2.5,0.049,7.3,0.032,0.105,0.071,10.3,0.546,0.579,0.173,100.46,0.082
1629631,De'Andre Hunter,1610612739,CLE,28.0,36,19,17,0.528,27.0,4.7,11.1,0.425,1.6,5.4,0.303,2.9,3.3,0.875,0.7,3.7,4.3,2.1,1.6,0.6,0.1,0.4,2.6,3.2,13.9,-0.6,115.0,115.9,-0.9,0.112,13.2,0.023,0.133,0.077,9.8,0.499,0.557,0.211,103.3,0.08
203501,Tim Hardaway Jr.,1610612743,DEN,33.0,38,25,13,0.658,27.1,4.6,9.9,0.463,2.8,6.9,0.414,1.7,1.9,0.878,0.2,2.1,2.3,1.3,0.4,0.5,0.1,0.2,1.2,1.7,13.8,2.8,121.3,116.3,5.0,0.066,10.6,0.008,0.074,0.042,3.2,0.606,0.637,0.172,101.22,0.084
1629640,Keldon Johnson,1610612759,SAS,26.0,39,27,12,0.692,23.7,5.1,9.0,0.571,1.3,3.0,0.424,2.2,2.8,0.778,2.0,4.4,6.4,1.3,0.9,0.7,0.1,0.6,1.9,2.0,13.7,2.4,113.7,109.0,4.7,0.081,10.1,0.08,0.171,0.126,7.7,0.643,0.672,0.19,102.08,0.141
1628386,Jarrett Allen,1610612739,CLE,27.0,29,16,13,0.552,26.5,5.4,9.2,0.59,0.0,0.2,0.143,2.8,3.7,0.757,2.1,5.8,8.0,2.2,1.6,1.0,0.7,0.7,1.8,3.5,13.7,3.2,118.7,113.6,5.1,0.108,14.9,0.08,0.206,0.145,10.6,0.592,0.632,0.191,104.77,0.128
1641744,Zach Edey,1610612763,MEM,23.0,11,7,4,0.636,25.8,5.6,8.9,0.633,0.1,0.5,0.2,2.3,2.9,0.781,3.9,7.2,11.1,1.1,2.4,0.6,1.9,0.5,3.4,3.4,13.6,10.3,112.8,94.5,18.3,0.061,7.9,0.148,0.243,0.198,17.2,0.638,0.669,0.2,101.72,0.157
1630230,Naji Marshall,1610612742,DAL,27.0,40,15,25,0.375,28.7,5.0,9.2,0.54,0.9,2.8,0.31,2.8,3.6,0.783,0.9,3.7,4.6,2.8,1.2,1.1,0.1,0.5,2.0,2.2,13.6,-3.1,108.4,112.7,-4.4,0.139,18.7,0.028,0.117,0.074,8.3,0.587,0.632,0.17,104.2,0.107
1629014,Anfernee Simons,1610612738,BOS,26.0,39,24,15,0.615,24.0,4.8,10.9,0.439,2.5,6.3,0.402,1.3,1.5,0.881,0.5,1.8,2.3,2.5,1.1,0.4,0.1,0.4,1.7,1.1,13.5,3.9,120.5,113.6,6.9,0.154,16.7,0.019,0.076,0.047,7.0,0.555,0.581,0.22,96.98,0.096
1628978,Donte DiVincenzo,1610612750,MIN,28.0,40,26,14,0.65,31.5,4.5,10.8,0.418,3.1,8.2,0.377,1.4,1.8,0.761,1.0,3.5,4.5,4.1,1.3,1.3,0.5,0.2,2.5,1.7,13.4,6.2,118.8,110.1,8.7,0.17,24.4,0.032,0.102,0.068,7.7,0.56,0.581,0.167,101.84,0.093
202699,Tobias Harris,1610612765,DET,33.0,23,15,8,0.652,27.4,4.8,10.6,0.455,1.3,4.0,0.333,2.4,2.9,0.848,1.0,3.5,4.6,2.5,1.0,0.6,0.3,0.6,2.0,1.9,13.4,0.7,116.1,114.7,1.4,0.126,16.3,0.034,0.124,0.078,6.6,0.518,0.566,0.182,102.32,0.1
1641730,Noah Clowney,1610612751,BKN,21.0,37,11,26,0.297,28.5,3.9,10.2,0.387,2.1,6.7,0.317,3.2,4.0,0.792,1.0,2.9,3.9,1.9,1.8,0.8,0.8,0.6,2.8,3.2,13.2,-1.6,114.0,116.1,-2.1,0.1,11.9,0.035,0.103,0.069,11.4,0.492,0.552,0.209,98.07,0.067
1631212,Peyton Watson,1610612743,DEN,23.0,37,25,12,0.676,29.1,4.8,9.5,0.503,1.4,3.3,0.413,2.3,3.1,0.73,1.0,3.9,5.0,1.8,1.6,1.0,1.0,0.6,2.4,2.3,13.2,4.6,126.3,118.2,8.1,0.079,12.3,0.039,0.128,0.087,11.4,0.574,0.606,0.183,100.45,0.082
1631221,Collin Gillespie,1610612756,PHX,26.0,39,24,15,0.615,28.1,4.7,10.8,0.432,2.8,7.0,0.408,1.0,1.2,0.844,1.1,3.1,4.1,4.9,1.7,1.4,0.3,0.4,1.4,1.8,13.2,4.1,114.6,108.4,6.2,0.241,27.4,0.036,0.11,0.071,9.8,0.564,0.582,0.188,101.33,0.117
1642263,Reed Sheppard,1610612745,HOU,21.0,36,22,14,0.611,25.5,4.8,10.8,0.446,2.5,6.2,0.404,0.9,1.2,0.773,0.4,2.3,2.7,3.3,1.2,1.5,0.6,0.3,2.1,1.0,13.1,5.5,119.3,110.7,8.6,0.179,21.0,0.013,0.086,0.05,7.7,0.562,0.577,0.196,98.37,0.106
1641739,Toumani Camara,1610612757,POR,25.0,40,19,21,0.475,33.9,4.6,10.9,0.422,2.6,7.4,0.35,1.3,1.9,0.707,1.8,3.4,5.2,2.7,2.1,1.1,0.5,0.6,3.3,3.0,13.1,-2.1,114.0,116.0,-2.0,0.113,16.5,0.048,0.095,0.071,12.8,0.54,0.559,0.163,102.52,0.063
1629651,Nic Claxton,1610612751,BKN,26.0,35,10,25,0.286,29.7,5.2,9.0,0.583,0.1,0.3,0.167,2.6,4.0,0.657,2.7,4.9,7.5,4.1,1.5,0.7,1.3,0.7,2.2,4.0,13.1,-5.1,111.1,119.3,-8.2,0.222,25.3,0.086,0.165,0.124,9.1,0.586,0.612,0.176,97.96,0.128
1628381,John Collins,1610612746,LAC,28.0,38,15,23,0.395,27.5,5.0,9.2,0.546,1.3,3.1,0.412,1.7,2.1,0.802,1.4,3.6,5.0,0.8,1.4,0.9,0.9,0.7,2.7,2.1,13.1,0.6,115.9,114.7,1.2,0.047,6.9,0.054,0.128,0.092,11.6,0.616,0.643,0.18,97.16,0.093
203471,Dennis Schröder,1610612758,SAC,32.0,31,7,24,0.226,27.3,4.5,10.8,0.413,1.5,4.2,0.344,2.6,3.2,0.818,0.5,2.7,3.3,5.7,1.9,0.8,0.2,0.8,1.7,2.7,13.0,-7.3,106.6,118.6,-12.0,0.326,28.9,0.019,0.099,0.058,9.7,0.481,0.532,0.218,101.23,0.104
1626171,Bobby Portis,1610612749,MIL,30.0,39,17,22,0.436,23.3,5.2,10.6,0.488,1.9,4.0,0.471,0.7,1.0,0.744,1.3,5.2,6.5,1.3,1.1,0.5,0.2,0.4,1.6,0.9,12.9,-3.2,108.5,115.2,-6.7,0.089,9.8,0.056,0.206,0.134,8.0,0.578,0.588,0.224,99.15,0.124
1642281,Jaylon Tyson,1610612739,CLE,23.0,36,19,17,0.528,27.0,4.9,9.6,0.514,1.9,4.1,0.45,1.0,1.4,0.74,1.9,3.4,5.3,1.9,1.3,1.0,0.5,0.6,3.0,1.4,12.8,0.5,116.3,114.1,2.2,0.098,14.6,0.066,0.12,0.093,9.6,0.611,0.625,0.172,102.97,0.09
1642852,Derik Queen,1610612740,NOP,21.0,40,9,31,0.225,26.1,5.0,10.0,0.496,0.2,1.0,0.179,2.7,3.5,0.771,1.7,5.7,7.4,4.3,2.5,1.1,1.0,0.8,3.1,2.9,12.8,-3.7,112.9,119.2,-6.3,0.236,23.4,0.065,0.213,0.14,13.7,0.505,0.554,0.224,103.49,0.115
1628398,Kyle Kuzma,1610612749,MIL,30.0,37,17,20,0.459,26.1,4.9,9.5,0.51,0.8,2.6,0.323,2.2,3.0,0.745,1.0,3.8,4.8,2.2,1.6,0.7,0.5,0.6,2.4,2.4,12.8,-2.9,110.9,115.3,-4.4,0.125,14.9,0.037,0.138,0.089,11.3,0.554,0.589,0.206,100.52,0.095
1630540,Miles McBride,1610612752,NYK,25.0,28,19,9,0.679,27.8,4.4,9.8,0.445,3.0,6.8,0.439,1.0,1.2,0.853,0.6,1.8,2.4,2.4,0.8,0.8,0.2,0.3,1.9,1.0,12.7,5.9,123.6,113.8,9.8,0.116,18.0,0.021,0.063,0.042,5.6,0.597,0.616,0.163,99.23,0.081
1629060,Rui Hachimura,1610612747,LAL,27.0,27,19,8,0.704,32.5,5.0,9.5,0.521,1.8,4.1,0.445,1.0,1.3,0.75,0.8,3.0,3.8,0.9,0.9,0.6,0.2,0.3,1.9,0.9,12.7,0.2,118.0,117.8,0.1,0.037,7.5,0.026,0.092,0.06,7.2,0.617,0.63,0.143,101.25,0.069
1642848,Tre Johnson,1610612764,WAS,19.0,31,8,23,0.258,24.1,4.5,9.8,0.459,2.0,5.1,0.396,1.4,1.5,0.917,0.5,2.5,3.0,1.9,1.6,0.7,0.3,0.1,1.8,1.3,12.5,-4.1,109.0,117.8,-8.7,0.112,13.4,0.019,0.094,0.058,11.3,0.562,0.593,0.204,104.89,0.083
1628976,Wendell Carter Jr.,1610612753,ORL,26.0,38,21,17,0.553,30.3,4.4,8.6,0.512,1.2,3.3,0.352,2.5,3.3,0.758,2.4,5.3,7.7,2.1,1.3,0.7,0.7,0.5,3.7,3.1,12.4,1.2,112.9,110.8,2.0,0.097,15.4,0.076,0.17,0.123,9.8,0.58,0.62,0.156,101.62,0.096
1626167,Myles Turner,1610612749,MIL,29.0,39,17,22,0.436,28.5,4.0,9.5,0.422,2.2,5.8,0.387,2.2,2.8,0.757,1.2,4.1,5.3,1.6,1.0,0.7,1.5,0.5,2.7,2.5,12.4,0.1,114.0,113.7,0.3,0.077,11.7,0.043,0.139,0.092,7.5,0.539,0.577,0.179,100.38,0.084
1628404,Josh Hart,1610612752,NYK,30.0,29,20,9,0.69,30.3,4.7,9.4,0.496,1.6,4.1,0.398,1.4,1.8,0.824,1.7,6.2,7.9,5.1,2.2,1.4,0.3,0.5,2.6,2.1,12.4,3.1,121.3,115.7,5.6,0.221,29.3,0.054,0.202,0.128,12.7,0.582,0.609,0.169,99.69,0.122
1631109,Mark Williams,1610612756,PHX,24.0,34,22,12,0.647,23.8,4.8,7.2,0.661,0.0,0.0,1.0,2.7,3.4,0.793,3.1,5.1,8.2,1.1,1.0,1.1,0.9,0.4,2.3,2.8,12.3,2.0,114.1,110.8,3.3,0.066,9.9,0.124,0.211,0.167,9.4,0.663,0.704,0.164,102.56,0.152
1631108,Max Christie,1610612742,DAL,22.0,38,14,24,0.368,29.0,4.2,8.8,0.477,2.4,5.4,0.441,1.5,1.8,0.853,0.2,3.3,3.5,2.1,1.1,0.5,0.4,0.4,1.5,1.3,12.3,-3.4,109.0,114.4,-5.4,0.104,16.7,0.007,0.102,0.057,8.9,0.613,0.642,0.153,102.11,0.088
1631106,Tari Eason,1610612745,HOU,24.0,21,13,8,0.619,23.7,4.5,9.5,0.477,2.1,4.6,0.469,0.8,1.2,0.64,1.9,4.0,6.0,1.6,1.6,1.1,0.6,0.6,2.0,0.8,12.0,4.5,119.5,109.4,10.1,0.091,11.9,0.076,0.166,0.121,12.2,0.59,0.598,0.196,100.03,0.11
1642285,Cam Spencer,1610612763,MEM,25.0,38,16,22,0.421,23.9,3.9,8.1,0.479,2.3,5.0,0.466,1.8,2.0,0.921,0.4,2.2,2.6,5.3,1.5,0.8,0.1,0.3,1.6,1.5,12.0,1.6,113.3,111.1,2.1,0.322,34.1,0.015,0.09,0.052,9.4,0.623,0.664,0.176,101.66,0.126
1642377,Jaylen Wells,1610612763,MEM,22.0,39,17,22,0.436,27.5,4.1,10.2,0.406,1.7,5.3,0.325,2.1,2.6,0.777,0.9,2.6,3.5,1.8,1.1,0.9,0.1,0.6,2.1,2.7,12.0,-1.8,111.7,114.6,-2.9,0.092,12.8,0.031,0.091,0.06,7.9,0.49,0.53,0.181,102.75,0.065
1630200,Tre Jones,1610612741,CHI,26.0,32,16,16,0.5,26.9,4.1,7.9,0.52,0.4,1.6,0.26,3.3,3.9,0.848,0.7,2.3,3.0,5.5,1.3,1.3,0.2,0.7,1.5,3.2,11.9,-2.1,111.4,115.7,-4.3,0.271,33.0,0.023,0.08,0.052,8.1,0.546,0.621,0.166,105.5,0.113
1628370,Malik Monk,1610612758,SAC,27.0,32,9,23,0.281,21.9,4.3,9.8,0.438,1.9,4.4,0.423,1.4,1.7,0.83,0.3,1.7,2.0,2.4,1.3,0.8,0.4,0.7,1.6,1.6,11.9,-3.1,110.1,116.7,-6.5,0.163,16.6,0.014,0.075,0.044,9.2,0.533,0.562,0.225,102.57,0.088
1642276,Kel'el Ware,1610612748,MIA,21.0,39,20,19,0.513,24.7,4.7,8.6,0.546,1.2,2.8,0.418,1.4,1.7,0.815,3.3,6.9,10.2,0.5,1.0,0.9,1.2,0.4,1.7,1.5,11.9,-2.0,110.6,113.8,-3.2,0.03,5.0,0.12,0.25,0.185,9.5,0.615,0.639,0.164,106.4,0.137
1630700,Dyson Daniels,1610612737,ATL,22.0,40,20,20,0.5,34.2,5.2,10.5,0.5,0.2,1.6,0.113,1.2,2.0,0.62,2.1,4.5,6.6,6.2,2.2,1.9,0.5,0.6,2.2,2.1,11.9,0.4,115.4,114.4,1.0,0.235,31.6,0.061,0.127,0.094,11.3,0.508,0.523,0.163,103.56,0.096
1630228,Jonathan Kuminga,1610612744,GSW,23.0,18,9,9,0.5,24.8,4.3,10.1,0.431,0.9,2.8,0.32,2.2,3.0,0.741,1.6,4.6,6.2,2.6,2.4,0.3,0.3,0.8,1.7,2.3,11.8,-2.8,108.9,113.5,-4.6,0.161,15.5,0.062,0.187,0.123,14.9,0.475,0.518,0.238,101.16,0.09
1628989,Kevin Huerter,1610612741,CHI,27.0,33,17,16,0.515,24.3,4.5,9.8,0.461,1.6,5.3,0.307,1.1,1.5,0.75,0.5,3.3,3.8,2.5,1.2,0.8,0.6,0.5,2.0,1.4,11.8,-0.8,111.5,113.7,-2.2,0.143,17.6,0.019,0.123,0.073,8.6,0.545,0.564,0.193,105.28,0.088
1629130,Duncan Robinson,1610612765,DET,31.0,36,27,9,0.75,29.1,3.9,9.0,0.432,2.8,7.1,0.393,1.2,1.5,0.778,0.3,2.5,2.8,1.9,0.7,0.8,0.3,0.2,2.3,1.8,11.8,4.8,118.6,112.2,6.4,0.083,15.8,0.011,0.081,0.046,5.7,0.588,0.608,0.141,101.51,0.072
1629661,Cameron Johnson,1610612743,DEN,29.0,28,20,8,0.714,30.6,4.0,8.8,0.461,1.9,4.5,0.429,1.7,2.1,0.81,0.7,2.9,3.6,2.4,1.0,0.6,0.3,0.5,2.3,1.8,11.7,7.0,126.2,115.0,11.2,0.092,18.2,0.025,0.089,0.059,7.5,0.571,0.604,0.146,100.25,0.067
1641764,Brandin Podziemski,1610612744,GSW,22.0,40,21,19,0.525,26.8,4.1,9.1,0.453,1.8,4.5,0.397,1.7,2.2,0.764,0.7,3.7,4.4,3.2,1.4,1.0,0.2,0.2,1.9,2.3,11.7,1.2,110.4,109.0,1.5,0.182,22.1,0.025,0.136,0.079,9.2,0.551,0.582,0.175,101.37,0.102
203084,Harrison Barnes,1610612759,SAS,33.0,39,27,12,0.692,29.1,3.9,8.9,0.441,1.9,5.2,0.373,1.7,1.9,0.868,0.8,2.3,3.1,2.2,1.0,0.8,0.1,0.3,1.3,1.6,11.5,2.8,116.8,112.5,4.4,0.103,17.0,0.028,0.075,0.052,7.7,0.55,0.589,0.156,101.42,0.075
1630314,Brandon Williams,1610612742,DAL,26.0,34,13,21,0.382,22.0,4.1,9.4,0.43,0.5,2.6,0.191,2.9,3.6,0.805,0.6,2.2,2.8,3.8,1.9,1.2,0.2,0.9,1.7,3.4,11.5,-0.6,110.5,112.2,-1.7,0.245,22.6,0.024,0.095,0.059,11.4,0.456,0.522,0.237,104.91,0.098
202691,Klay Thompson,1610612742,DAL,35.0,37,12,25,0.324,22.2,4.0,10.7,0.376,2.8,7.6,0.367,0.5,0.8,0.714,0.3,2.2,2.5,1.3,0.9,0.4,0.3,0.2,1.0,0.3,11.4,-1.7,101.8,106.5,-4.7,0.092,10.1,0.012,0.085,0.05,6.6,0.508,0.517,0.209,106.36,0.077
1628392,Isaiah Hartenstein,1610612760,OKC,27.0,24,19,5,0.792,26.9,4.8,7.5,0.644,0.0,0.2,0.0,1.5,2.4,0.649,3.4,7.0,10.4,3.0,2.1,1.1,0.8,0.5,2.9,2.3,11.2,7.3,117.6,104.3,13.4,0.148,21.8,0.126,0.247,0.188,15.4,0.644,0.656,0.163,101.28,0.143
1641709,Ausar Thompson,1610612765,DET,22.0,34,24,10,0.706,26.4,4.6,9.0,0.51,0.1,0.5,0.278,1.9,3.4,0.556,2.0,3.8,5.8,2.6,1.6,1.6,0.9,0.6,2.8,2.8,11.2,2.0,115.7,110.3,5.4,0.139,17.9,0.077,0.134,0.107,10.9,0.518,0.534,0.188,100.63,0.095
1630577,Julian Champagnie,1610612759,SAS,24.0,39,27,12,0.692,28.3,3.6,8.6,0.418,2.4,6.5,0.362,1.6,1.9,0.851,1.0,5.2,6.2,1.5,1.0,0.9,0.4,0.1,1.5,1.1,11.2,5.0,117.2,109.1,8.1,0.069,12.6,0.035,0.17,0.103,8.7,0.555,0.591,0.149,102.37,0.094
1642258,Zaccharie Risacher,1610612737,ATL,20.0,36,17,19,0.472,24.6,4.3,9.4,0.462,1.6,4.4,0.358,0.9,1.5,0.642,0.9,2.4,3.3,1.4,0.9,0.9,0.5,0.6,2.2,1.1,11.2,-0.3,114.0,113.8,0.2,0.077,11.7,0.036,0.094,0.064,7.4,0.546,0.558,0.178,106.42,0.066
1642270,Donovan Clingan,1610612757,POR,21.0,36,19,17,0.528,27.2,4.3,8.0,0.538,0.9,2.8,0.324,1.5,2.3,0.655,4.5,6.2,10.7,1.9,0.9,0.5,1.4,0.5,2.5,2.1,11.1,-0.2,113.7,114.5,-0.7,0.1,16.0,0.149,0.222,0.184,8.0,0.595,0.612,0.143,102.16,0.127
1629111,Jock Landale,1610612763,MEM,30.0,37,16,21,0.432,22.6,4.3,8.4,0.518,1.1,2.9,0.393,1.4,2.0,0.667,2.9,3.4,6.3,1.7,1.0,0.5,0.5,0.6,2.4,2.1,11.1,-1.5,113.4,116.9,-3.5,0.11,14.0,0.116,0.148,0.131,8.1,0.586,0.602,0.181,102.41,0.102
203497,Rudy Gobert,1610612750,MIN,33.0,40,26,14,0.65,31.7,4.6,6.4,0.717,0.0,0.0,0.0,1.9,3.6,0.528,3.9,7.5,11.4,1.8,1.4,0.6,1.7,0.4,2.8,4.2,11.0,4.7,114.8,107.2,7.6,0.079,16.5,0.119,0.214,0.168,12.2,0.717,0.693,0.121,101.36,0.122
1631126,Caleb Love,1610612757,POR,24.0,32,15,17,0.469,21.1,3.9,10.0,0.391,2.1,6.2,0.333,0.8,1.0,0.758,0.5,2.2,2.7,2.3,1.0,0.4,0.1,0.6,1.3,0.8,10.7,-3.7,107.1,115.6,-8.5,0.172,16.5,0.023,0.096,0.059,7.5,0.494,0.51,0.219,103.46,0.082
1642875,Maxime Raynaud,1610612758,SAC,22.0,32,9,23,0.281,23.5,4.5,8.0,0.561,0.3,0.8,0.32,1.3,1.8,0.719,1.9,4.6,6.5,1.1,1.0,0.4,0.5,0.5,2.7,1.6,10.5,-6.3,107.2,119.7,-12.5,0.068,10.1,0.076,0.191,0.132,9.5,0.576,0.598,0.174,101.22,0.097
1626220,Royce O'Neale,1610612756,PHX,32.0,39,24,15,0.615,29.4,3.7,8.4,0.435,2.9,6.9,0.424,0.3,0.4,0.667,0.7,4.4,5.1,2.8,1.5,1.3,0.3,0.1,2.3,0.6,10.5,0.3,112.4,112.9,-0.5,0.127,21.7,0.023,0.147,0.084,11.5,0.609,0.612,0.14,101.98,0.087
1627884,Derrick Jones Jr.,1610612746,LAC,28.0,17,7,10,0.412,24.2,3.8,6.9,0.556,1.3,3.2,0.4,1.4,1.8,0.774,0.9,1.8,2.6,1.2,0.8,0.8,1.1,0.4,2.1,1.8,10.4,-1.8,117.7,121.6,-4.0,0.068,12.4,0.039,0.072,0.056,8.7,0.65,0.674,0.147,98.34,0.08
1641731,Bilal Coulibaly,1610612764,WAS,21.0,24,7,17,0.292,27.3,3.4,8.7,0.389,1.0,3.7,0.273,2.7,3.5,0.762,1.0,3.8,4.8,2.6,1.7,1.5,1.0,0.5,3.0,2.4,10.4,-6.7,108.1,119.4,-11.2,0.132,17.8,0.033,0.133,0.082,11.5,0.447,0.51,0.18,102.94,0.07
1642856,Egor Dëmin,1610612751,BKN,19.0,33,11,22,0.333,24.8,3.5,8.9,0.399,2.4,6.1,0.391,0.9,1.1,0.829,0.5,2.8,3.3,3.5,1.8,0.9,0.3,0.4,1.9,1.1,10.4,-1.0,112.3,113.7,-1.4,0.213,23.9,0.019,0.116,0.065,12.4,0.534,0.554,0.188,99.15,0.084
1642844,Dylan Harper,1610612759,SAS,19.0,29,21,8,0.724,21.1,4.1,9.7,0.426,0.6,2.5,0.247,1.5,2.1,0.721,0.8,2.3,3.2,3.5,1.5,1.0,0.2,0.9,2.0,1.6,10.4,2.6,114.1,108.2,5.9,0.243,22.3,0.036,0.106,0.071,9.5,0.457,0.489,0.232,101.31,0.093
203994,Jusuf Nurkić,1610612762,UTA,31.0,32,11,21,0.344,25.9,4.2,8.2,0.506,0.6,1.6,0.36,1.6,2.8,0.556,2.8,7.3,10.0,4.3,2.4,1.4,0.4,0.7,3.2,2.9,10.4,-3.2,111.1,116.8,-5.7,0.238,26.5,0.096,0.265,0.179,15.0,0.54,0.552,0.18,105.32,0.116
1630598,Aaron Wiggins,1610612760,OKC,27.0,27,21,6,0.778,22.8,4.0,8.8,0.45,1.8,4.6,0.392,0.7,1.0,0.704,0.6,2.4,3.0,1.7,1.1,0.7,0.6,0.3,1.6,0.9,10.4,5.1,115.6,104.7,10.9,0.101,13.9,0.028,0.097,0.064,9.0,0.553,0.564,0.191,101.96,0.086
1630191,Isaiah Stewart,1610612765,DET,24.0,34,25,9,0.735,23.7,4.1,7.5,0.539,0.9,2.4,0.373,1.4,2.0,0.706,1.9,3.7,5.6,1.1,1.2,0.3,2.1,0.5,3.1,1.9,10.4,2.0,113.5,109.5,4.1,0.067,10.4,0.077,0.143,0.111,11.5,0.6,0.621,0.165,101.42,0.096
1631260,AJ Green,1610612749,MIL,26.0,36,16,20,0.444,29.6,3.4,7.6,0.443,3.0,6.8,0.435,0.6,0.8,0.793,0.2,2.5,2.7,2.1,0.9,0.7,0.1,0.2,2.5,1.1,10.3,1.9,116.2,113.5,2.6,0.092,19.2,0.007,0.081,0.045,8.2,0.639,0.651,0.126,99.94,0.062
1630572,Sandro Mamukelashvili,1610612761,TOR,26.0,40,23,17,0.575,21.3,3.9,7.6,0.513,1.2,3.3,0.364,1.3,1.7,0.773,1.5,3.4,4.9,1.9,0.8,0.7,0.6,0.5,1.9,1.3,10.3,1.7,112.8,109.4,3.4,0.125,17.2,0.066,0.154,0.109,7.3,0.592,0.617,0.173,101.14,0.118
1626156,D'Angelo Russell,1610612742,DAL,29.0,26,9,17,0.346,19.0,3.6,8.9,0.405,1.3,4.3,0.295,1.7,2.3,0.717,0.3,2.0,2.3,4.0,1.9,0.5,0.1,0.2,1.2,2.0,10.2,-1.6,107.9,111.2,-3.3,0.328,25.2,0.016,0.092,0.057,11.9,0.476,0.511,0.261,104.05,0.098
1630541,Moses Moody,1610612744,GSW,23.0,38,19,19,0.5,24.4,3.4,8.5,0.404,2.0,5.5,0.364,1.4,1.7,0.813,0.8,2.3,3.1,1.5,1.0,0.9,0.6,0.4,2.0,1.4,10.2,2.2,111.4,107.2,4.1,0.088,12.9,0.031,0.088,0.06,8.4,0.522,0.554,0.169,102.75,0.07
1629674,Neemias Queta,1610612738,BOS,26.0,37,22,15,0.595,24.8,4.4,6.8,0.656,0.0,0.1,0.0,1.3,2.1,0.603,3.1,5.1,8.2,1.4,0.9,0.8,1.2,0.3,2.7,2.4,10.1,3.8,116.8,108.5,8.2,0.079,14.1,0.12,0.2,0.16,8.7,0.656,0.659,0.146,96.88,0.128
1641729,Brice Sensabaugh,1610612762,UTA,22.0,38,13,25,0.342,20.2,3.6,8.3,0.427,1.5,4.7,0.322,1.5,1.7,0.864,0.8,2.1,2.8,1.5,1.3,0.7,0.1,0.6,1.8,1.3,10.1,-4.8,111.0,121.6,-10.6,0.112,13.0,0.037,0.097,0.067,10.7,0.519,0.558,0.207,104.42,0.072
1630249,Vít Krejčí,1610612737,ATL,25.0,37,18,19,0.486,24.1,3.4,7.2,0.477,2.5,5.7,0.445,0.6,0.8,0.742,0.5,1.9,2.3,1.6,0.8,0.9,0.3,0.2,2.5,0.9,10.0,-0.1,110.4,110.4,0.0,0.089,15.9,0.018,0.073,0.046,7.7,0.654,0.663,0.141,102.93,0.072
204456,T.J. McConnell,1610612754,IND,33.0,28,8,20,0.286,17.3,4.6,8.5,0.54,0.4,1.1,0.355,0.4,0.5,0.923,0.4,1.9,2.3,4.9,1.3,1.2,0.2,0.5,1.1,0.9,10.0,-1.8,106.1,111.9,-5.8,0.472,32.8,0.024,0.105,0.065,8.6,0.563,0.574,0.242,104.26,0.165
1642846,Ace Bailey,1610612762,UTA,19.0,32,12,20,0.375,23.1,3.9,9.0,0.438,1.4,4.0,0.349,0.6,0.9,0.667,1.4,1.8,3.2,1.5,1.2,0.7,0.4,0.3,2.4,0.9,9.9,-4.9,110.0,120.3,-10.3,0.097,12.4,0.054,0.076,0.064,9.6,0.516,0.526,0.182,104.2,0.056
203903,Jordan Clarkson,1610612752,NYK,33.0,39,25,14,0.641,20.1,3.7,8.5,0.436,1.4,4.2,0.346,1.1,1.4,0.796,0.8,1.0,1.8,1.4,1.1,0.4,0.1,0.4,2.0,1.1,9.9,0.8,116.0,113.9,2.1,0.1,12.0,0.036,0.049,0.042,9.8,0.521,0.547,0.207,100.92,0.059
1628963,Marvin Bagley III,1610612764,WAS,26.0,32,9,23,0.281,19.2,4.0,6.4,0.624,0.2,0.5,0.438,1.7,2.3,0.736,2.4,3.1,5.5,1.5,1.2,0.5,0.7,0.5,2.1,1.8,9.9,-2.3,112.1,118.0,-5.9,0.114,14.9,0.117,0.146,0.132,11.5,0.641,0.668,0.178,103.09,0.12
1641783,Tristan da Silva,1610612753,ORL,24.0,35,20,15,0.571,23.2,3.7,8.1,0.451,1.6,4.1,0.396,0.9,1.0,0.833,0.8,2.8,3.6,1.2,0.9,0.8,0.2,0.2,1.4,0.8,9.8,0.3,111.0,112.1,-1.0,0.072,11.0,0.032,0.116,0.073,8.3,0.551,0.572,0.167,101.37,0.084
1627751,Jakob Poeltl,1610612761,TOR,30.0,21,13,8,0.619,25.3,4.2,6.0,0.693,0.0,0.0,0.0,1.3,2.2,0.596,2.7,5.0,7.7,2.1,1.6,0.8,0.5,0.2,3.1,2.0,9.7,-0.5,111.9,112.5,-0.7,0.114,19.8,0.107,0.198,0.153,14.5,0.693,0.691,0.141,102.22,0.108
1630198,Isaiah Joe,1610612760,OKC,26.0,31,25,6,0.806,19.8,2.9,6.8,0.429,2.2,5.6,0.399,1.6,1.8,0.877,0.5,2.1,2.5,1.4,0.6,0.5,0.2,0.2,1.6,2.0,9.7,3.6,115.7,106.7,9.0,0.095,14.1,0.023,0.098,0.061,6.7,0.592,0.635,0.174,103.5,0.09
1629001,De'Anthony Melton,1610612744,GSW,27.0,15,9,6,0.6,20.7,3.4,8.5,0.398,1.2,4.3,0.277,1.7,2.2,0.788,0.7,1.9,2.5,1.8,1.4,1.5,0.5,0.5,2.3,1.6,9.7,5.9,121.8,107.4,14.4,0.121,14.1,0.032,0.089,0.061,11.0,0.469,0.512,0.218,99.52,0.072
1628380,Zach Collins,1610612741,CHI,28.0,10,6,4,0.6,18.4,3.7,6.4,0.578,0.9,2.1,0.429,1.4,2.0,0.7,1.6,4.0,5.6,1.5,1.0,0.2,0.4,0.2,1.8,1.9,9.7,1.8,115.0,111.6,3.4,0.114,15.5,0.081,0.205,0.143,10.3,0.648,0.666,0.177,104.24,0.123
1631222,Jake LaRavia,1610612747,LAL,24.0,37,23,14,0.622,27.1,3.5,7.5,0.462,1.2,3.5,0.328,1.4,2.0,0.726,1.6,2.7,4.3,1.9,1.0,1.4,0.4,0.3,2.3,1.5,9.6,-2.1,113.8,117.3,-3.5,0.099,17.1,0.06,0.1,0.08,9.0,0.539,0.569,0.144,101.17,0.075
1630529,Herbert Jones,1610612740,NOP,27.0,23,7,16,0.304,28.3,3.5,8.8,0.394,1.4,4.2,0.333,1.1,1.4,0.813,1.1,2.6,3.7,2.3,1.3,1.7,0.3,0.7,3.3,1.4,9.5,-2.8,111.0,115.1,-4.1,0.107,17.4,0.036,0.097,0.065,10.0,0.473,0.502,0.156,101.63,0.054
1631128,Christian Braun,1610612743,DEN,24.0,14,10,4,0.714,28.9,3.6,7.9,0.459,0.5,2.4,0.212,1.7,2.3,0.75,1.4,2.8,4.2,2.5,1.2,0.6,0.4,0.8,2.1,1.6,9.5,6.6,122.0,110.3,11.7,0.109,19.8,0.053,0.091,0.073,9.6,0.491,0.532,0.148,100.09,0.064
1642267,Bub Carrington,1610612764,WAS,20.0,38,10,28,0.263,27.4,3.3,8.1,0.405,2.0,4.7,0.421,1.0,1.3,0.725,0.4,3.5,3.8,4.4,2.2,0.5,0.2,0.3,2.4,1.2,9.5,-9.0,105.6,121.1,-15.6,0.225,29.1,0.013,0.116,0.065,14.3,0.526,0.546,0.161,103.7,0.069
1641796,Pelle Larsson,1610612748,MIA,24.0,31,18,13,0.581,22.2,3.3,7.1,0.462,1.1,3.1,0.344,1.8,2.4,0.753,0.6,2.1,2.7,3.2,1.0,0.6,0.3,0.5,1.9,2.9,9.4,0.5,113.9,112.9,1.0,0.179,25.7,0.026,0.085,0.056,8.4,0.536,0.577,0.166,106.91,0.08
1629013,Landry Shamet,1610612752,NYK,28.0,15,9,6,0.6,20.9,2.8,6.2,0.452,1.9,4.4,0.424,1.8,2.3,0.794,0.5,1.5,2.0,1.2,0.5,0.4,0.2,0.3,1.3,1.7,9.3,0.3,111.9,110.2,1.7,0.079,13.6,0.019,0.07,0.043,5.3,0.602,0.644,0.144,104.24,0.081
203114,Khris Middleton,1610612764,WAS,34.0,26,9,17,0.346,24.0,3.5,8.1,0.429,0.7,2.5,0.288,1.6,2.0,0.808,0.9,3.0,3.9,3.2,1.6,0.8,0.3,0.6,2.7,1.7,9.3,-4.2,110.4,119.0,-8.6,0.176,23.4,0.035,0.117,0.076,11.8,0.474,0.517,0.176,104.15,0.068
1641715,Cam Whitmore,1610612764,WAS,21.0,21,3,18,0.143,16.9,3.7,8.0,0.456,0.8,2.7,0.286,1.1,1.5,0.742,0.9,1.9,2.8,0.7,0.9,0.7,0.4,1.0,1.2,1.0,9.2,-7.2,104.4,124.0,-19.6,0.067,7.0,0.049,0.102,0.075,8.4,0.503,0.528,0.225,105.84,0.082
1630692,Jordan Goodwin,1610612756,PHX,27.0,36,23,13,0.639,21.7,3.4,8.7,0.395,1.6,4.6,0.345,0.6,0.8,0.733,1.9,2.7,4.6,2.3,1.2,1.4,0.2,0.5,1.6,0.9,9.1,2.0,113.7,108.5,5.1,0.147,18.0,0.081,0.127,0.103,9.8,0.486,0.5,0.191,99.43,0.098
203935,Marcus Smart,1610612747,LAL,31.0,28,17,11,0.607,28.4,3.0,7.8,0.387,1.5,5.2,0.297,1.6,1.8,0.918,0.6,2.4,3.0,2.9,1.8,1.5,0.4,0.2,2.8,2.2,9.1,1.4,114.5,111.9,2.6,0.133,22.0,0.024,0.084,0.055,13.7,0.486,0.537,0.154,101.15,0.057
1630558,Davion Mitchell,1610612748,MIA,27.0,37,20,17,0.541,29.8,3.7,7.8,0.474,1.1,2.9,0.396,0.6,1.1,0.615,0.4,2.1,2.5,7.4,1.7,1.2,0.1,0.4,2.8,1.4,9.1,3.4,115.8,110.8,5.0,0.305,42.5,0.011,0.066,0.039,10.0,0.547,0.556,0.136,104.85,0.081
1630533,Ziaire Williams,1610612751,BKN,24.0,29,10,19,0.345,22.5,2.9,7.0,0.407,1.6,5.1,0.313,1.8,2.1,0.867,0.6,1.8,2.4,0.7,1.0,1.1,0.5,0.2,2.0,1.6,9.1,-5.0,104.4,114.3,-9.9,0.047,6.9,0.025,0.083,0.053,10.5,0.52,0.573,0.166,99.7,0.065
1631107,Nikola Jović,1610612748,MIA,22.0,28,14,14,0.5,20.2,3.0,7.6,0.392,1.2,3.9,0.309,1.9,2.4,0.788,0.5,3.3,3.9,3.0,1.8,0.7,0.4,0.3,1.9,2.2,9.0,1.3,111.4,109.0,2.4,0.195,22.3,0.025,0.139,0.086,13.7,0.472,0.523,0.201,107.82,0.087
1642271,Kyle Filipowski,1610612762,UTA,22.0,38,14,24,0.368,21.8,3.3,7.3,0.455,0.8,2.5,0.313,1.6,2.2,0.694,1.6,4.4,6.0,1.9,1.2,0.6,0.5,0.6,2.6,1.6,9.0,-2.6,113.9,119.9,-5.9,0.126,17.2,0.068,0.196,0.131,10.2,0.509,0.542,0.174,103.55,0.086
1641716,Jarace Walker,1610612754,IND,22.0,40,9,31,0.225,23.2,3.0,8.2,0.365,1.5,4.3,0.349,1.5,1.9,0.803,0.4,4.0,4.4,1.9,1.6,0.7,0.3,0.3,1.6,1.4,9.0,-5.2,104.9,115.7,-10.8,0.117,15.1,0.016,0.164,0.088,12.5,0.457,0.499,0.183,105.3,0.075
1629004,Svi Mykhailiuk,1610612762,UTA,28.0,35,12,23,0.343,24.8,3.4,7.2,0.466,1.9,4.8,0.385,0.4,0.5,0.882,0.8,1.8,2.6,2.0,0.8,0.5,0.1,0.3,1.3,0.5,9.0,-1.6,114.6,117.4,-2.8,0.11,19.8,0.028,0.072,0.049,7.8,0.595,0.607,0.131,103.25,0.068
1630188,Jalen Smith,1610612741,CHI,25.0,31,18,13,0.581,17.6,3.3,7.1,0.466,1.3,3.8,0.345,1.1,1.4,0.767,2.0,4.4,6.4,1.3,0.9,0.4,0.9,0.4,1.9,1.6,9.0,2.1,117.0,112.6,4.4,0.097,12.8,0.106,0.224,0.166,9.2,0.559,0.584,0.191,104.95,0.115
1630557,Corey Kispert,1610612737,ATL,26.0,20,3,17,0.15,19.2,3.0,6.2,0.48,1.5,4.0,0.38,1.4,1.8,0.778,0.3,2.0,2.3,1.8,0.8,0.5,0.2,0.2,1.1,1.4,8.8,-3.0,110.2,117.0,-6.8,0.123,18.7,0.014,0.09,0.053,8.0,0.602,0.634,0.158,106.75,0.088
1629018,Gary Trent Jr.,1610612749,MIL,26.0,37,16,21,0.432,25.2,3.0,7.8,0.382,2.0,5.5,0.361,0.7,0.9,0.818,0.1,1.2,1.3,1.6,0.6,0.7,0.1,0.2,1.5,0.8,8.7,-5.8,109.1,120.3,-11.2,0.089,15.7,0.005,0.048,0.026,6.0,0.51,0.531,0.149,100.05,0.048
203110,Draymond Green,1610612744,GSW,35.0,33,18,15,0.545,27.0,3.1,7.3,0.427,1.5,4.3,0.336,0.9,1.3,0.659,0.7,5.2,5.9,5.5,2.8,0.9,0.7,0.4,3.2,1.7,8.6,1.5,113.4,111.6,1.8,0.274,33.8,0.026,0.184,0.106,17.3,0.527,0.543,0.164,102.17,0.084
1642268,Isaiah Collier,1610612762,UTA,21.0,31,11,20,0.355,23.1,3.1,6.1,0.511,0.5,1.3,0.341,1.9,2.8,0.659,0.3,2.0,2.3,6.7,2.3,0.7,0.4,0.8,2.3,2.1,8.6,-8.3,109.1,125.5,-16.4,0.413,40.8,0.012,0.087,0.048,14.0,0.547,0.581,0.171,104.23,0.092
1630171,Isaac Okoro,1610612741,CHI,24.0,30,17,13,0.567,24.7,3.2,6.7,0.475,1.1,3.2,0.337,1.1,1.4,0.767,1.1,1.6,2.7,1.3,0.7,0.5,0.6,0.4,2.6,1.5,8.6,-2.7,115.4,119.9,-4.4,0.068,14.2,0.046,0.06,0.054,7.4,0.554,0.582,0.137,102.98,0.047
1641750,Ryan Kalkbrenner,1610612766,CHA,23.0,28,10,18,0.357,25.1,3.6,4.7,0.779,0.0,0.1,0.0,1.3,1.8,0.735,2.6,3.7,6.3,0.6,1.1,0.6,1.8,0.4,1.8,1.4,8.6,-3.1,111.6,117.8,-6.3,0.032,8.1,0.099,0.142,0.121,15.2,0.779,0.787,0.107,102.61,0.099
1631230,Dominick Barlow,1610612755,PHI,22.0,28,17,11,0.607,25.0,3.4,6.1,0.556,0.4,1.6,0.273,1.3,1.7,0.787,2.1,3.2,5.3,1.4,1.0,0.8,0.8,0.4,2.3,1.5,8.5,0.4,111.7,110.8,0.9,0.079,15.1,0.079,0.123,0.101,11.2,0.591,0.623,0.131,100.82,0.084
202685,Jonas Valančiūnas,1610612743,DEN,33.0,33,23,10,0.697,13.3,3.5,5.9,0.593,0.1,0.4,0.25,1.4,1.8,0.77,1.3,3.3,4.7,1.2,1.1,0.2,0.6,0.4,2.0,2.2,8.5,-1.4,114.8,118.8,-4.1,0.156,13.6,0.105,0.241,0.176,12.3,0.601,0.634,0.258,97.71,0.143
203484,Kentavious Caldwell-Pope,1610612763,MEM,32.0,38,17,21,0.447,21.3,2.9,7.1,0.411,1.3,3.6,0.356,1.4,1.5,0.931,0.4,2.0,2.4,3.0,1.2,0.8,0.2,0.3,1.0,1.4,8.5,-1.2,111.4,113.8,-2.4,0.199,24.8,0.018,0.092,0.053,10.1,0.5,0.548,0.17,102.79,0.089
1641842,Ronald Holland II,1610612765,DET,20.0,36,26,10,0.722,21.0,3.1,7.5,0.41,0.7,2.8,0.242,1.6,1.9,0.812,1.1,3.1,4.2,1.4,1.3,1.4,0.4,0.6,2.1,2.0,8.4,3.6,110.2,101.5,8.7,0.093,12.6,0.05,0.14,0.095,12.1,0.454,0.501,0.183,103.03,0.087
1630695,Micah Potter,1610612754,IND,27.0,10,3,7,0.3,17.8,2.5,4.9,0.51,1.5,3.3,0.455,1.9,2.0,0.95,0.8,2.9,3.7,1.4,0.8,0.2,0.3,0.1,1.9,1.6,8.4,1.3,118.3,114.5,3.8,0.099,17.5,0.048,0.161,0.107,10.0,0.663,0.727,0.151,107.64,0.097
1630643,Jay Huff,1610612754,IND,28.0,40,9,31,0.225,20.0,3.0,6.7,0.451,1.4,4.4,0.316,1.0,1.2,0.83,1.0,2.7,3.7,1.4,0.9,0.4,2.1,0.2,2.5,1.1,8.4,-3.5,101.1,108.8,-7.7,0.107,14.3,0.043,0.124,0.083,9.3,0.556,0.584,0.168,103.02,0.091
1627747,Caris LeVert,1610612765,DET,31.0,28,20,8,0.714,20.0,2.9,6.7,0.439,1.2,3.3,0.37,1.2,1.8,0.667,0.3,1.5,1.8,2.9,1.4,0.9,0.6,0.3,1.4,1.4,8.3,1.7,111.6,107.1,4.5,0.204,24.4,0.011,0.068,0.04,11.9,0.529,0.554,0.176,102.43,0.09
1631093,Jaden Ivey,1610612765,DET,23.0,23,15,8,0.652,16.9,3.1,6.8,0.452,1.0,3.1,0.338,1.1,1.4,0.813,0.6,1.6,2.2,1.8,0.9,0.6,0.3,0.6,1.3,1.2,8.3,2.7,114.4,107.0,7.4,0.146,17.7,0.032,0.093,0.062,8.6,0.529,0.561,0.196,102.41,0.094
1630544,Tre Mann,1610612766,CHA,24.0,26,10,16,0.385,17.6,3.1,8.3,0.373,1.4,4.3,0.321,0.6,0.7,0.882,0.7,1.8,2.5,2.3,1.4,0.5,0.1,0.2,1.9,0.7,8.2,-4.0,110.9,120.6,-9.6,0.216,18.6,0.036,0.109,0.07,11.5,0.456,0.474,0.234,99.56,0.062
1631217,Moussa Diabaté,1610612766,CHA,23.0,37,13,24,0.351,24.3,3.1,5.0,0.62,0.0,0.0,0.0,2.0,3.0,0.667,3.7,4.7,8.4,1.5,0.8,0.8,1.0,0.4,2.5,2.9,8.2,1.0,116.8,113.7,3.2,0.085,17.0,0.145,0.196,0.17,9.8,0.62,0.649,0.119,98.89,0.113
203078,Bradley Beal,1610612746,LAC,32.0,6,2,4,0.333,20.2,3.0,8.0,0.375,1.2,3.2,0.368,1.0,1.3,0.75,0.3,0.5,0.8,1.7,1.5,0.5,0.0,0.2,2.3,1.8,8.2,-3.8,119.1,128.5,-9.3,0.106,14.1,0.019,0.025,0.022,12.7,0.448,0.476,0.224,97.65,0.018
1628436,Luke Kornet,1610612759,SAS,30.0,31,22,9,0.71,24.8,3.1,4.7,0.669,0.0,0.0,0.0,2.0,2.4,0.824,3.1,3.8,6.9,2.0,0.5,0.4,1.3,0.3,2.1,2.4,8.2,1.8,112.9,110.0,2.9,0.107,24.2,0.111,0.14,0.125,5.9,0.669,0.718,0.101,103.81,0.111
1629652,Luguentz Dort,1610612760,OKC,26.0,31,25,6,0.806,26.9,2.9,7.5,0.384,1.8,5.6,0.324,0.7,0.7,0.913,0.8,2.8,3.7,1.0,0.7,0.9,0.6,0.1,3.1,1.4,8.2,6.3,116.4,105.5,11.0,0.048,10.8,0.031,0.098,0.066,7.1,0.504,0.527,0.132,102.25,0.048
1642366,Quinten Post,1610612744,GSW,25.0,40,21,19,0.525,18.2,3.0,6.9,0.44,1.6,4.5,0.344,0.5,0.6,0.818,1.0,3.0,3.9,1.5,0.8,0.5,0.6,0.2,2.0,0.7,8.1,2.9,113.4,106.5,6.9,0.115,15.5,0.05,0.152,0.102,8.3,0.553,0.566,0.18,101.34,0.092
1629021,Moritz Wagner,1610612753,ORL,28.0,1,1,0,1.0,9.8,3.0,7.0,0.429,0.0,2.0,0.0,2.0,2.0,1.0,0.0,2.0,2.0,2.0,0.0,0.0,0.0,2.0,2.0,2.0,8.0,-6.0,104.5,138.1,-33.5,0.4,22.2,0.0,0.333,0.1,0.0,0.429,0.508,0.259,105.13,0.113
203992,Bogdan Bogdanović,1610612746,LAC,33.0,16,5,11,0.313,22.5,2.8,7.3,0.376,1.5,4.5,0.333,1.0,1.2,0.842,0.3,2.6,2.9,2.7,1.2,0.5,0.1,0.4,2.5,1.4,8.0,-0.3,111.8,113.9,-2.1,0.193,22.9,0.015,0.106,0.064,10.1,0.479,0.511,0.177,96.16,0.064
1631323,Simone Fontecchio,1610612748,MIA,30.0,37,19,18,0.514,16.1,2.6,6.6,0.389,1.7,4.7,0.364,1.2,1.5,0.8,0.5,2.2,2.7,1.4,0.9,0.5,0.1,0.4,1.4,0.8,8.0,-0.3,106.7,107.6,-0.9,0.127,15.0,0.024,0.117,0.071,9.2,0.518,0.554,0.191,106.27,0.085
1629684,Grant Williams,1610612766,CHA,27.0,2,1,1,0.5,13.6,2.5,6.5,0.385,2.0,6.0,0.333,1.0,1.5,0.667,2.0,3.0,5.0,0.0,0.0,0.0,0.0,0.0,0.0,1.0,8.0,17.0,131.0,71.2,59.8,0.0,0.0,0.143,0.154,0.149,0.0,0.538,0.559,0.2,103.43,0.142
1631121,Bryce McGowens,1610612740,NOP,23.0,26,5,21,0.192,19.9,2.6,5.5,0.479,0.9,1.9,0.469,1.8,2.5,0.75,0.3,1.7,2.1,1.4,0.5,0.7,0.1,0.5,1.8,2.2,8.0,-2.9,114.0,120.7,-6.7,0.088,16.3,0.016,0.086,0.05,6.3,0.56,0.608,0.145,103.91,0.067
1627739,Kris Dunn,1610612746,LAC,31.0,39,16,23,0.41,27.2,3.1,6.3,0.482,1.1,3.1,0.364,0.7,1.0,0.763,0.8,2.0,2.8,3.1,1.3,1.5,0.2,0.3,2.3,0.9,8.0,-1.8,114.3,116.8,-2.5,0.158,27.5,0.033,0.076,0.055,11.5,0.571,0.59,0.131,97.71,0.067
1629611,Terance Mann,1610612751,BKN,29.0,33,9,24,0.273,26.3,2.9,6.5,0.446,0.8,2.6,0.314,1.3,1.6,0.846,1.4,2.1,3.5,3.8,1.1,0.8,0.3,0.4,2.8,1.7,7.9,-2.8,113.7,118.6,-4.9,0.203,31.4,0.051,0.083,0.066,8.9,0.509,0.553,0.132,98.53,0.07
1630631,Jose Alvarado,1610612740,NOP,27.0,35,8,27,0.229,22.2,2.9,6.8,0.424,1.6,4.4,0.361,0.5,0.7,0.826,0.4,2.4,2.8,3.3,1.3,1.0,0.1,0.4,2.1,1.0,7.9,-1.4,109.8,112.5,-2.7,0.207,28.1,0.016,0.1,0.059,11.1,0.542,0.558,0.155,101.99,0.081
1629655,Daniel Gafford,1610612742,DAL,27.0,28,8,20,0.286,20.9,3.1,4.9,0.623,0.0,0.0,0.0,1.8,2.3,0.778,1.9,4.4,6.4,0.9,1.4,0.8,1.4,0.6,2.6,2.3,7.9,-2.0,105.1,109.5,-4.3,0.059,10.6,0.089,0.183,0.138,17.2,0.623,0.667,0.142,103.84,0.105
1628379,Luke Kennard,1610612737,ATL,29.0,36,18,18,0.5,20.5,2.8,5.3,0.521,1.6,3.3,0.475,0.8,0.8,0.933,0.4,1.5,1.9,2.3,0.8,0.8,0.1,0.3,1.2,0.6,7.9,1.0,111.8,109.9,1.9,0.151,26.7,0.019,0.068,0.044,9.0,0.671,0.696,0.129,102.59,0.09
1630573,Sam Hauser,1610612738,BOS,28.0,38,24,14,0.632,22.5,2.6,6.8,0.385,2.3,6.1,0.383,0.2,0.2,0.875,0.7,2.9,3.6,1.2,0.6,0.6,0.3,0.0,1.2,0.3,7.8,2.9,119.6,114.0,5.5,0.071,14.1,0.027,0.127,0.075,6.6,0.554,0.56,0.14,98.74,0.073
1631246,Vince Williams Jr.,1610612763,MEM,25.0,25,12,13,0.48,21.9,2.7,7.6,0.351,1.3,4.4,0.3,1.1,1.3,0.818,0.8,3.5,4.3,4.9,2.0,0.7,0.5,0.2,2.1,1.4,7.8,2.8,110.3,104.6,5.7,0.3,32.4,0.034,0.136,0.087,13.0,0.437,0.472,0.191,101.37,0.092
1631213,Tyrese Martin,1610612751,BKN,26.0,31,8,23,0.258,19.6,2.9,7.2,0.397,1.5,4.3,0.341,0.5,0.8,0.708,0.9,2.0,3.0,2.1,1.0,0.7,0.1,0.2,1.0,0.7,7.7,-3.7,108.3,116.7,-8.3,0.175,20.0,0.045,0.109,0.075,9.4,0.498,0.512,0.183,98.33,0.082
1630549,Day'Ron Sharpe,1610612751,BKN,24.0,36,11,25,0.306,17.8,2.9,4.9,0.597,0.2,0.8,0.214,1.7,2.5,0.667,2.4,3.8,6.3,2.4,1.6,1.0,0.5,0.4,2.2,1.9,7.7,0.0,109.9,108.9,1.0,0.216,23.8,0.132,0.234,0.18,16.1,0.614,0.64,0.18,98.77,0.139
1642948,Ryan Nembhard,1610612742,DAL,22.0,27,12,15,0.444,20.6,3.3,6.9,0.473,1.0,2.5,0.397,0.2,0.3,0.714,0.2,1.6,1.8,5.1,1.6,0.2,0.0,0.2,1.5,0.7,7.7,-1.1,110.0,113.7,-3.7,0.336,37.5,0.009,0.073,0.043,11.6,0.546,0.55,0.176,99.74,0.088
1642450,Daniss Jenkins,1610612765,DET,24.0,31,23,8,0.742,16.4,2.8,6.5,0.428,1.0,2.5,0.39,1.1,1.4,0.795,0.6,1.3,1.8,3.3,1.4,0.9,0.1,0.5,1.3,1.3,7.6,2.4,112.2,105.5,6.7,0.281,27.6,0.035,0.076,0.055,11.7,0.502,0.538,0.207,102.56,0.105
203937,Kyle Anderson,1610612762,UTA,32.0,12,3,9,0.25,20.1,3.0,6.2,0.486,0.1,0.2,0.5,1.5,2.0,0.75,1.1,2.4,3.5,2.8,1.0,1.5,0.4,0.7,2.3,1.6,7.6,-4.9,103.1,114.7,-11.6,0.208,25.4,0.05,0.121,0.084,9.2,0.493,0.538,0.167,103.21,0.101
1631123,Jamaree Bouyea,1610612756,PHX,26.0,19,11,8,0.579,14.7,3.1,5.5,0.562,0.8,2.1,0.41,0.6,0.8,0.688,0.5,1.5,2.1,1.7,0.4,0.6,0.4,0.5,0.7,1.1,7.6,1.1,112.1,107.3,4.8,0.17,21.9,0.035,0.107,0.07,4.6,0.638,0.647,0.177,98.54,0.137
1642874,Danny Wolf,1610612751,BKN,21.0,23,8,15,0.348,19.5,2.7,7.0,0.381,1.0,3.0,0.343,1.1,1.4,0.813,1.0,3.3,4.3,1.8,1.1,0.6,0.3,0.6,1.5,0.9,7.5,-1.3,102.9,105.5,-2.6,0.151,16.9,0.048,0.169,0.106,10.7,0.456,0.494,0.188,98.52,0.09
1642867,Collin Murray-Boyles,1610612761,TOR,20.0,34,19,15,0.559,20.7,3.1,5.8,0.541,0.4,1.2,0.366,0.8,1.3,0.622,2.5,2.5,4.9,1.8,1.1,0.9,0.6,0.3,2.6,1.2,7.5,0.1,108.4,107.8,0.6,0.131,19.7,0.109,0.122,0.115,12.1,0.579,0.591,0.149,99.07,0.092
1630568,Luka Garza,1610612738,BOS,27.0,31,19,12,0.613,16.3,2.7,4.4,0.618,0.7,1.3,0.512,1.4,1.7,0.796,2.5,1.9,4.4,0.9,0.4,0.4,0.5,0.5,2.5,1.8,7.5,2.0,119.3,112.0,7.3,0.078,14.4,0.136,0.112,0.125,6.0,0.695,0.726,0.141,98.56,0.106
1630570,Trendon Watford,1610612755,PHI,25.0,17,8,9,0.471,17.3,2.8,5.2,0.534,0.4,1.1,0.389,1.4,1.8,0.8,0.9,3.1,3.9,3.1,1.2,0.4,0.2,0.5,2.3,1.8,7.4,0.5,116.3,115.0,1.3,0.239,30.5,0.049,0.16,0.107,12.1,0.574,0.618,0.164,104.1,0.103
1627741,Buddy Hield,1610612744,GSW,33.0,34,16,18,0.471,17.1,2.7,6.5,0.418,1.4,4.3,0.327,0.5,0.5,0.944,0.6,1.8,2.5,1.4,1.0,0.8,0.1,0.2,1.3,0.2,7.3,-2.7,107.5,115.2,-7.7,0.128,15.5,0.035,0.104,0.069,11.3,0.527,0.546,0.182,103.25,0.076
1641717,Cason Wallace,1610612760,OKC,22.0,38,31,7,0.816,26.9,2.8,6.8,0.408,1.3,3.8,0.345,0.4,0.6,0.773,0.9,2.2,3.1,2.1,0.9,2.1,0.2,0.4,2.0,0.7,7.3,9.5,116.8,100.5,16.4,0.097,21.0,0.032,0.076,0.055,9.1,0.504,0.517,0.124,102.85,0.066
1630543,Isaiah Jackson,1610612754,IND,24.0,29,6,23,0.207,18.3,2.9,4.9,0.585,0.0,0.0,0.0,1.6,2.1,0.742,2.5,3.4,5.9,0.8,1.1,0.7,0.8,0.2,3.0,1.8,7.3,-2.6,109.7,116.4,-6.7,0.066,10.6,0.125,0.18,0.152,14.6,0.585,0.626,0.153,102.83,0.097
1642954,Will Richard,1610612744,GSW,23.0,35,20,15,0.571,18.8,2.6,5.1,0.506,1.2,3.1,0.38,0.9,1.2,0.805,1.0,1.6,2.6,1.1,0.8,0.9,0.1,0.2,1.9,1.0,7.3,0.2,109.8,110.2,-0.4,0.092,15.1,0.048,0.086,0.066,10.6,0.619,0.646,0.137,102.23,0.079
1629750,Javonte Green,1610612765,DET,32.0,38,28,10,0.737,19.9,2.5,5.6,0.439,1.1,3.0,0.351,1.2,1.6,0.783,0.8,2.1,2.8,0.8,0.7,1.4,0.4,0.2,1.6,1.4,7.2,2.2,110.0,104.3,5.7,0.057,10.7,0.037,0.1,0.069,9.0,0.533,0.572,0.141,103.88,0.084
1628971,Bruce Brown,1610612743,DEN,29.0,39,26,13,0.667,24.7,2.8,6.2,0.45,0.5,1.5,0.317,1.2,1.5,0.776,1.1,3.1,4.2,2.2,1.1,1.0,0.2,0.6,2.3,1.2,7.2,-1.3,115.9,117.5,-1.6,0.118,21.7,0.046,0.119,0.083,10.5,0.49,0.527,0.135,100.35,0.064
201567,Kevin Love,1610612762,UTA,37.0,23,8,15,0.348,17.3,2.3,5.8,0.403,1.5,4.2,0.354,1.0,1.3,0.8,1.6,3.9,5.4,1.9,0.7,0.3,0.3,0.0,1.9,1.2,7.2,-4.4,120.1,132.1,-12.0,0.142,20.8,0.09,0.231,0.159,8.2,0.53,0.564,0.169,103.44,0.087
1642383,Walter Clayton Jr.,1610612762,UTA,22.0,34,12,22,0.353,17.4,2.4,5.6,0.419,1.1,3.2,0.345,1.3,1.4,0.957,0.3,1.6,1.9,3.1,1.1,0.5,0.2,0.4,1.9,1.3,7.1,-2.2,114.1,120.5,-6.5,0.247,30.0,0.018,0.09,0.054,10.5,0.518,0.574,0.168,103.02,0.079
1630173,Precious Achiuwa,1610612758,SAC,26.0,33,8,25,0.242,20.2,2.9,6.0,0.492,0.3,1.1,0.314,0.9,1.8,0.508,1.8,3.5,5.3,1.2,0.5,0.8,0.5,0.5,1.7,1.5,7.1,-3.5,107.1,114.8,-7.7,0.081,13.7,0.082,0.168,0.125,6.1,0.52,0.527,0.149,100.99,0.089
203552,Seth Curry,1610612744,GSW,35.0,2,0,2,0.0,16.0,3.0,4.5,0.667,1.0,2.0,0.5,0.0,0.0,0.0,0.5,1.5,2.0,1.5,0.0,1.0,0.0,0.0,1.5,1.5,7.0,3.0,112.5,107.1,5.4,0.115,25.0,0.029,0.13,0.069,0.0,0.778,0.778,0.11,106.2,0.112
203083,Andre Drummond,1610612755,PHI,32.0,33,19,14,0.576,20.2,2.8,5.4,0.508,0.5,1.3,0.395,1.0,1.6,0.635,3.4,5.4,8.8,0.8,0.8,0.6,0.9,0.2,2.1,1.5,7.0,-0.4,112.4,112.6,-0.2,0.056,10.2,0.151,0.266,0.205,10.5,0.556,0.575,0.141,99.34,0.117
1642347,Jamal Shead,1610612761,TOR,23.0,41,24,17,0.585,21.2,2.4,6.4,0.37,1.1,3.6,0.322,1.1,1.5,0.77,0.3,1.4,1.7,5.4,1.3,1.0,0.1,0.5,2.1,2.1,7.0,2.0,113.7,109.5,4.2,0.33,39.5,0.015,0.066,0.04,9.4,0.46,0.499,0.16,100.63,0.085
1631245,Quenton Jackson,1610612754,IND,27.0,17,4,13,0.235,15.6,2.2,4.9,0.452,0.6,1.8,0.355,1.8,2.4,0.756,0.4,1.4,1.8,1.9,1.2,0.6,0.2,0.4,1.7,2.5,6.9,2.2,107.7,103.0,4.7,0.18,21.2,0.024,0.083,0.053,12.8,0.518,0.578,0.184,104.9,0.084
1642346,Ryan Dunn,1610612756,PHX,23.0,32,20,12,0.625,21.8,2.8,6.2,0.444,0.8,2.7,0.302,0.6,0.8,0.692,1.7,3.2,4.8,1.8,1.1,1.0,0.6,0.4,2.5,0.6,6.9,1.4,113.9,108.7,5.2,0.112,19.1,0.075,0.136,0.106,11.8,0.51,0.525,0.146,100.33,0.078
1630551,Justin Champagnie,1610612764,WAS,24.0,36,9,27,0.25,17.6,2.6,5.3,0.492,0.6,1.9,0.313,1.0,1.4,0.72,2.1,3.4,5.5,1.0,0.5,0.7,0.6,0.5,1.6,1.0,6.8,-4.6,111.6,122.2,-10.6,0.08,14.0,0.112,0.185,0.149,6.4,0.548,0.576,0.144,102.76,0.099
201143,Al Horford,1610612744,GSW,39.0,21,11,10,0.524,19.2,2.4,6.2,0.385,1.5,4.4,0.348,0.5,0.5,1.0,1.0,3.9,5.0,1.8,1.0,0.8,1.0,0.1,1.1,0.4,6.8,-3.2,107.7,115.6,-7.9,0.146,19.7,0.051,0.215,0.128,10.4,0.508,0.528,0.159,102.06,0.1
1641774,Tristan Vukcevic,1610612764,WAS,22.0,29,5,24,0.172,11.5,2.3,5.1,0.45,0.4,2.0,0.19,1.8,2.3,0.776,0.6,1.8,2.4,1.0,1.0,0.3,0.7,0.3,1.3,1.7,6.8,-3.8,101.8,117.3,-15.5,0.135,11.9,0.048,0.144,0.097,12.8,0.487,0.552,0.25,105.76,0.095
1641757,Jordan Miller,1610612746,LAC,25.0,18,11,7,0.611,14.9,2.2,4.4,0.506,0.8,1.9,0.429,1.4,1.8,0.813,0.7,1.8,2.6,1.1,0.7,0.3,0.2,0.6,0.7,1.2,6.7,-1.6,109.0,112.4,-3.3,0.127,15.0,0.051,0.115,0.085,10.2,0.601,0.65,0.179,96.09,0.11
1641733,Nick Smith Jr.,1610612747,LAL,21.0,19,10,9,0.526,14.9,2.5,6.1,0.417,1.3,3.3,0.387,0.3,0.5,0.6,0.1,0.8,0.9,1.2,0.8,0.4,0.1,0.3,1.2,0.7,6.6,-0.3,111.9,114.2,-2.3,0.118,14.1,0.007,0.059,0.033,9.6,0.522,0.528,0.197,100.78,0.057
1641767,Ben Sheppard,1610612754,IND,24.0,29,7,22,0.241,24.1,2.4,6.3,0.375,1.2,3.8,0.318,0.7,0.8,0.792,0.7,3.1,3.7,1.8,0.6,0.6,0.1,0.4,1.9,0.8,6.6,-4.6,104.1,113.2,-9.1,0.108,20.1,0.024,0.122,0.071,6.1,0.47,0.493,0.121,103.89,0.061
1642883,Sion James,1610612766,CHA,23.0,40,14,26,0.35,25.6,2.0,4.9,0.405,1.1,3.0,0.378,1.4,1.6,0.862,0.5,2.9,3.4,1.9,0.8,0.6,0.4,0.4,1.7,1.5,6.5,-1.4,112.7,114.2,-1.5,0.102,23.1,0.02,0.108,0.064,9.9,0.521,0.579,0.104,100.56,0.062
1630175,Cole Anthony,1610612749,MIL,25.0,27,11,16,0.407,15.0,2.7,6.4,0.428,0.6,1.9,0.288,0.5,0.8,0.591,0.4,2.1,2.6,3.7,1.9,0.6,0.3,0.3,2.1,1.3,6.5,-2.9,103.3,112.2,-8.9,0.371,29.8,0.026,0.133,0.081,15.4,0.471,0.482,0.24,103.07,0.086
1630172,Patrick Williams,1610612741,CHI,24.0,36,16,20,0.444,18.5,2.3,6.1,0.373,1.3,3.2,0.397,0.7,1.0,0.649,0.7,2.3,2.9,1.1,0.9,0.8,0.3,0.5,1.3,0.8,6.5,-4.6,104.9,116.4,-11.6,0.086,13.2,0.032,0.118,0.074,10.6,0.477,0.495,0.162,105.27,0.057
1642275,Tidjane Salaün,1610612766,CHA,20.0,25,10,15,0.4,16.7,2.3,4.7,0.496,1.0,2.5,0.419,0.8,1.1,0.704,0.7,3.6,4.2,0.9,0.8,0.4,0.2,0.3,1.6,0.8,6.4,1.6,116.0,108.8,7.2,0.077,12.9,0.04,0.199,0.122,11.2,0.607,0.625,0.145,101.0,0.102
1630696,Dru Smith,1610612748,MIA,28.0,39,20,19,0.513,17.1,2.2,5.0,0.436,0.7,2.1,0.341,1.3,1.6,0.81,0.7,1.7,2.4,2.7,0.9,1.5,0.3,0.5,1.6,1.3,6.4,-0.2,107.7,108.0,-0.3,0.212,28.9,0.038,0.085,0.062,10.2,0.508,0.559,0.149,108.06,0.094
201572,Brook Lopez,1610612746,LAC,37.0,32,15,17,0.469,17.0,2.2,6.0,0.361,1.5,4.4,0.345,0.6,0.7,0.818,0.3,2.3,2.7,0.9,0.8,0.4,1.0,0.1,1.7,1.0,6.4,-0.7,110.9,112.3,-1.4,0.087,11.4,0.02,0.133,0.079,9.8,0.49,0.511,0.187,96.32,0.063
1630538,Bones Hyland,1610612750,MIN,25.0,31,21,10,0.677,13.7,2.3,5.1,0.44,1.1,3.3,0.337,0.7,1.0,0.767,0.2,1.2,1.4,2.5,0.8,0.5,0.2,0.2,1.6,0.7,6.4,3.1,118.1,106.7,11.3,0.231,27.8,0.013,0.084,0.048,9.2,0.547,0.572,0.187,103.75,0.088
1630702,Jaden Hardy,1610612742,DAL,23.0,27,8,19,0.296,11.4,2.1,5.2,0.411,1.3,3.3,0.389,0.8,1.0,0.846,0.3,1.0,1.3,0.6,0.9,0.2,0.1,0.2,1.1,0.7,6.4,2.0,111.1,103.3,7.8,0.073,8.3,0.025,0.084,0.055,12.0,0.535,0.567,0.229,105.46,0.07
1629637,Jaxson Hayes,1610612747,LAL,25.0,32,20,12,0.625,17.6,2.6,3.3,0.766,0.0,0.0,1.0,1.2,1.8,0.655,1.5,2.5,4.0,0.9,0.5,0.4,0.6,0.2,2.1,2.0,6.3,-1.8,112.6,117.8,-5.2,0.074,15.8,0.081,0.145,0.112,9.6,0.771,0.766,0.11,100.2,0.099
1642272,Jared McCain,1610612755,PHI,21.0,29,16,13,0.552,17.5,2.3,6.7,0.352,1.0,3.2,0.323,0.6,0.7,0.857,0.1,2.1,2.3,1.7,0.8,0.8,0.0,0.5,1.2,0.7,6.3,1.0,111.6,108.5,3.1,0.132,17.5,0.007,0.111,0.059,8.4,0.43,0.455,0.18,103.66,0.062
1641775,Jordan Walsh,1610612738,BOS,21.0,34,22,12,0.647,19.5,2.4,4.3,0.559,0.8,1.8,0.443,0.7,0.9,0.806,1.4,3.3,4.7,0.9,0.6,1.0,0.5,0.3,2.3,0.8,6.3,1.9,122.7,116.3,6.4,0.058,14.6,0.071,0.162,0.118,9.2,0.652,0.674,0.114,96.35,0.087
1641772,Nae'Qwan Tomlin,1610612739,CLE,25.0,30,17,13,0.567,15.3,2.5,5.1,0.484,0.5,1.8,0.255,0.9,1.3,0.711,1.3,1.6,2.9,0.7,0.4,0.7,0.7,0.4,1.8,0.8,6.3,1.9,116.6,108.9,7.7,0.065,10.8,0.079,0.1,0.09,5.4,0.529,0.557,0.163,101.28,0.079
1641713,GG Jackson,1610612763,MEM,21.0,19,8,11,0.421,14.6,2.3,5.4,0.422,0.7,2.8,0.245,1.1,1.4,0.741,0.4,2.5,2.8,0.6,0.9,0.8,0.4,0.3,1.4,0.9,6.3,-0.8,114.0,116.1,-2.2,0.06,8.4,0.024,0.162,0.093,12.6,0.485,0.522,0.192,101.6,0.073
1630644,Mac McClung,1610612754,IND,27.0,3,0,3,0.0,11.3,2.3,6.0,0.389,0.7,3.3,0.2,1.0,1.3,0.75,0.0,1.3,1.3,0.3,0.7,1.7,0.3,0.3,2.0,1.0,6.3,-4.3,100.0,115.8,-15.8,0.048,4.5,0.0,0.138,0.048,9.1,0.444,0.481,0.216,106.93,0.069
1631169,Josh Minott,1610612738,BOS,23.0,29,19,10,0.655,17.6,2.3,4.5,0.504,1.1,2.5,0.438,0.7,0.9,0.769,1.3,2.6,4.0,1.1,0.6,0.8,0.4,0.3,1.7,0.8,6.3,0.9,117.1,112.4,4.7,0.085,16.6,0.072,0.139,0.105,9.3,0.626,0.646,0.133,97.86,0.097
1642920,Kobe Sanders,1610612746,LAC,23.0,31,14,17,0.452,19.7,2.2,5.2,0.431,0.9,2.5,0.364,0.8,1.0,0.867,0.5,1.9,2.4,1.5,1.4,0.6,0.1,0.3,2.3,1.0,6.2,0.5,111.9,110.9,1.0,0.117,18.2,0.024,0.088,0.058,16.3,0.519,0.554,0.151,99.14,0.048
1628988,Aaron Holiday,1610612745,HOU,29.0,29,20,9,0.69,14.4,2.0,5.0,0.4,1.3,3.4,0.38,0.9,1.0,0.862,0.1,0.7,0.9,1.0,0.7,0.4,0.1,0.2,1.4,1.0,6.2,0.2,112.2,110.8,1.4,0.102,14.4,0.009,0.048,0.029,10.1,0.531,0.567,0.174,99.64,0.059
1627752,Taurean Prince,1610612749,MIL,31.0,8,5,3,0.625,21.1,2.1,4.8,0.447,1.5,3.5,0.429,0.4,0.4,1.0,0.0,1.6,1.6,1.0,0.6,0.8,0.3,0.1,2.5,0.6,6.1,1.6,113.6,109.4,4.1,0.056,15.4,0.0,0.066,0.035,9.6,0.605,0.623,0.108,105.13,0.042
1642266,Ja'Kobe Walter,1610612761,TOR,21.0,37,23,14,0.622,17.7,2.1,4.9,0.431,1.2,3.2,0.367,0.7,1.0,0.75,0.7,1.4,2.1,0.9,0.5,0.9,0.2,0.2,1.9,1.0,6.1,-3.2,105.8,114.3,-8.5,0.07,12.9,0.035,0.08,0.056,7.7,0.552,0.577,0.135,100.66,0.058
1631200,Kris Murray,1610612757,POR,25.0,34,14,20,0.412,25.7,2.3,5.1,0.446,0.6,2.3,0.256,0.9,1.2,0.738,1.8,2.2,4.0,1.2,0.9,1.2,0.4,0.4,2.0,0.9,6.1,-1.8,109.3,113.0,-3.7,0.065,15.7,0.061,0.084,0.072,11.6,0.503,0.535,0.1,103.34,0.055
1642461,Spencer Jones,1610612743,DEN,24.0,34,23,11,0.676,21.9,2.2,4.3,0.517,1.0,2.5,0.393,0.7,1.1,0.649,1.2,1.6,2.8,0.9,0.6,0.9,0.4,0.2,2.7,1.0,6.1,1.5,120.8,116.3,4.5,0.054,14.7,0.057,0.069,0.064,10.1,0.631,0.642,0.107,99.76,0.046
1631321,Sidy Cissoko,1610612757,POR,21.0,35,16,19,0.457,20.7,2.0,5.1,0.394,1.1,3.2,0.336,1.0,1.3,0.723,0.8,1.3,2.1,1.6,1.1,0.7,0.3,0.5,2.7,1.9,6.1,-0.3,111.7,112.4,-0.7,0.106,18.9,0.037,0.06,0.048,12.7,0.5,0.533,0.129,102.7,0.036
1627936,Alex Caruso,1610612760,OKC,31.0,28,23,5,0.821,18.4,2.2,5.2,0.428,1.0,3.1,0.307,0.7,0.8,0.905,0.6,2.3,2.9,2.1,0.8,1.4,0.4,0.3,1.3,0.9,6.1,7.2,120.6,101.5,19.0,0.139,24.7,0.034,0.12,0.077,9.8,0.521,0.551,0.143,104.18,0.092
1629048,Goga Bitadze,1610612753,ORL,26.0,36,20,16,0.556,17.0,2.5,3.7,0.689,0.1,0.3,0.2,1.0,1.4,0.735,2.2,3.2,5.3,1.3,0.6,0.8,1.3,0.2,2.4,1.3,6.1,0.6,112.3,109.9,2.3,0.105,21.0,0.12,0.177,0.148,9.1,0.697,0.716,0.114,103.15,0.12
1630311,Pat Spencer,1610612744,GSW,29.0,25,14,11,0.56,15.1,2.3,5.7,0.406,0.6,1.8,0.364,0.8,1.0,0.875,0.7,1.4,2.2,3.2,1.0,0.7,0.0,0.5,1.3,0.8,6.1,0.3,112.2,111.9,0.3,0.313,31.2,0.044,0.094,0.068,9.2,0.462,0.498,0.193,99.57,0.097
1631104,Blake Wesley,1610612757,POR,22.0,6,4,2,0.667,16.3,2.3,5.7,0.412,0.3,1.7,0.2,1.0,1.7,0.6,0.3,2.0,2.3,3.2,1.2,1.7,0.2,0.5,2.3,2.2,6.0,-1.3,113.3,111.8,1.5,0.279,29.7,0.018,0.13,0.069,10.9,0.441,0.469,0.173,109.14,0.081
1641711,Gradey Dick,1610612761,TOR,22.0,41,24,17,0.585,15.5,2.0,5.1,0.397,0.8,2.8,0.301,1.1,1.3,0.852,0.4,1.4,1.9,0.7,0.5,0.7,0.1,0.3,1.4,0.9,6.0,1.8,112.4,108.3,4.1,0.055,9.7,0.027,0.09,0.058,7.2,0.478,0.528,0.16,102.95,0.06
1642962,Drake Powell,1610612751,BKN,20.0,27,8,19,0.296,18.3,2.1,4.7,0.46,0.7,2.2,0.305,1.0,1.1,0.903,0.2,1.3,1.6,1.6,1.0,0.6,0.2,0.3,1.6,0.7,6.0,-3.7,105.8,115.5,-9.7,0.139,20.5,0.012,0.075,0.043,13.3,0.532,0.58,0.147,97.56,0.062
1642354,KJ Simpson,1610612766,CHA,23.0,14,5,9,0.357,15.9,2.2,6.4,0.348,0.9,2.8,0.308,0.7,1.1,0.625,0.4,1.7,2.1,2.5,1.7,1.1,0.0,0.4,1.0,1.8,6.0,-2.3,110.2,117.1,-6.9,0.24,22.6,0.022,0.118,0.067,15.5,0.416,0.437,0.222,99.17,0.063
1630194,Paul Reed,1610612765,DET,26.0,30,21,9,0.7,12.2,2.5,4.3,0.589,0.2,0.7,0.35,0.6,1.0,0.567,1.9,2.4,4.3,1.3,1.0,0.9,0.6,0.3,1.6,0.9,5.9,1.9,111.7,104.7,7.0,0.148,18.1,0.153,0.195,0.173,14.3,0.616,0.619,0.184,103.8,0.136
1642859,Jase Richardson,1610612753,ORL,20.0,28,13,15,0.464,11.8,2.2,4.3,0.504,0.8,1.8,0.429,0.8,1.1,0.7,0.5,0.9,1.4,1.3,0.6,0.3,0.1,0.1,1.0,1.2,5.9,0.6,115.3,112.5,2.8,0.164,19.4,0.038,0.077,0.057,9.1,0.591,0.611,0.181,100.85,0.095
203500,Steven Adams,1610612745,HOU,32.0,29,19,10,0.655,22.7,2.2,4.3,0.504,0.0,0.0,0.0,1.6,2.7,0.597,4.5,4.0,8.6,1.6,1.2,0.7,0.6,0.2,1.8,2.3,5.9,6.3,118.9,106.4,12.5,0.087,18.8,0.192,0.164,0.178,14.2,0.504,0.541,0.119,97.53,0.099
1629057,Robert Williams III,1610612757,POR,28.0,27,13,14,0.481,15.7,2.6,3.7,0.707,0.1,0.4,0.2,0.5,0.7,0.7,2.0,3.9,5.9,1.0,0.6,0.6,1.3,0.2,1.3,0.5,5.8,-1.9,108.9,113.8,-4.9,0.103,18.5,0.12,0.221,0.171,9.9,0.717,0.724,0.117,102.33,0.156
1629731,Dean Wade,1610612739,CLE,29.0,34,19,15,0.559,22.6,2.0,5.0,0.396,1.2,3.7,0.325,0.6,0.9,0.733,0.8,3.2,4.0,1.6,0.3,0.7,0.4,0.1,1.7,1.0,5.8,0.2,113.3,111.2,2.1,0.089,22.1,0.034,0.133,0.083,3.7,0.518,0.541,0.1,104.26,0.068
1629006,Josh Okogie,1610612745,HOU,27.0,36,22,14,0.611,19.3,2.0,4.5,0.436,0.9,2.4,0.391,0.8,1.1,0.707,1.1,1.6,2.8,1.0,0.8,0.9,0.2,0.4,1.6,1.4,5.7,1.6,118.7,111.3,7.4,0.064,14.3,0.06,0.082,0.071,11.4,0.54,0.566,0.126,97.79,0.058
1629026,Kenrich Williams,1610612760,OKC,31.0,20,15,5,0.75,13.8,2.3,4.3,0.523,0.9,2.1,0.405,0.3,0.7,0.462,0.9,2.1,3.0,1.6,0.6,0.7,0.1,0.2,1.0,0.9,5.7,3.1,118.2,107.1,11.1,0.146,23.3,0.067,0.154,0.112,8.3,0.622,0.616,0.158,100.76,0.107
1628975,Jevon Carter,1610612741,CHI,30.0,19,5,14,0.263,11.9,1.8,4.6,0.398,1.5,3.5,0.424,0.5,0.5,1.0,0.3,0.8,1.1,0.9,0.5,0.6,0.0,0.2,0.8,0.4,5.7,-3.7,104.9,120.5,-15.6,0.117,14.9,0.019,0.07,0.042,8.3,0.557,0.584,0.185,103.81,0.076
1631119,Jaylin Williams,1610612760,OKC,23.0,26,24,2,0.923,18.2,1.7,4.9,0.354,1.2,4.0,0.298,1.0,1.3,0.714,0.5,4.2,4.7,2.4,1.0,0.7,0.5,0.0,1.9,1.5,5.6,7.0,117.6,99.3,18.3,0.17,26.8,0.028,0.205,0.123,11.3,0.476,0.513,0.152,103.56,0.095
1630639,A.J. Lawson,1610612761,TOR,25.0,6,1,5,0.167,9.3,1.8,4.7,0.393,1.0,2.5,0.4,0.8,0.8,1.0,0.5,1.2,1.7,0.2,0.2,0.5,0.3,0.2,1.5,0.8,5.5,-1.2,107.9,113.0,-5.1,0.029,3.1,0.049,0.152,0.093,3.1,0.5,0.546,0.24,97.97,0.09
1629618,Jalen Pickett,1610612743,DEN,26.0,24,16,8,0.667,15.8,2.1,4.6,0.459,1.0,2.5,0.417,0.2,0.2,1.0,0.4,2.0,2.5,2.3,0.8,0.3,0.1,0.2,0.8,0.3,5.5,0.3,113.0,113.5,-0.5,0.212,29.7,0.027,0.115,0.074,9.7,0.572,0.581,0.148,98.49,0.093
201569,Eric Gordon,1610612755,PHI,37.0,6,3,3,0.5,12.3,2.0,3.5,0.571,1.3,2.3,0.571,0.2,0.3,0.5,0.2,0.2,0.3,0.5,0.5,0.7,0.2,0.2,0.5,0.2,5.5,-5.2,102.6,120.1,-17.6,0.063,10.7,0.013,0.014,0.013,10.7,0.762,0.754,0.137,102.51,0.083
1631165,Keon Ellis,1610612758,SAC,26.0,38,9,29,0.237,17.6,1.9,4.8,0.386,1.2,3.3,0.36,0.5,0.8,0.633,0.4,1.0,1.4,0.6,0.5,1.2,0.5,0.1,1.7,0.9,5.4,-5.4,103.5,117.6,-14.1,0.049,9.7,0.019,0.06,0.038,8.0,0.508,0.522,0.133,101.74,0.043
1642363,Nique Clifford,1610612758,SAC,23.0,36,9,27,0.25,18.7,2.1,5.1,0.404,0.7,2.3,0.309,0.6,0.9,0.688,0.6,2.1,2.7,1.3,1.1,0.6,0.3,0.4,2.0,0.7,5.4,-3.3,108.3,115.5,-7.2,0.091,15.9,0.032,0.108,0.07,14.1,0.473,0.495,0.146,101.48,0.043
1641707,Taylor Hendricks,1610612762,UTA,22.0,27,8,19,0.296,15.3,1.9,4.0,0.472,0.8,2.1,0.368,0.9,1.1,0.767,1.0,2.2,3.2,0.7,0.5,0.4,0.3,0.2,1.3,0.8,5.4,-5.3,105.8,121.4,-15.6,0.068,13.0,0.062,0.138,0.099,9.1,0.569,0.602,0.131,104.02,0.077
1642879,Ben Saraf,1610612751,BKN,19.0,12,3,9,0.25,16.9,1.8,5.2,0.355,0.8,2.8,0.273,1.0,1.3,0.8,0.4,1.2,1.6,2.8,1.9,0.7,0.3,0.6,1.3,0.9,5.4,-1.5,112.6,116.0,-3.4,0.225,27.0,0.025,0.076,0.049,18.3,0.427,0.474,0.191,100.13,0.05
1642345,Oso Ighodaro,1610612756,PHX,23.0,39,24,15,0.615,19.6,2.4,3.8,0.622,0.0,0.0,0.0,0.6,1.3,0.469,1.3,3.1,4.4,1.8,1.2,0.9,0.6,0.4,2.6,1.2,5.3,2.8,113.9,106.4,7.5,0.12,24.7,0.063,0.154,0.108,16.3,0.622,0.61,0.116,99.32,0.079
1631204,Marcus Sasser,1610612765,DET,25.0,10,7,3,0.7,8.8,1.7,3.4,0.5,1.1,2.3,0.478,0.7,0.7,1.0,0.1,1.0,1.1,1.9,0.7,0.6,0.2,0.0,1.0,0.2,5.2,1.2,108.3,99.0,9.3,0.322,30.2,0.012,0.112,0.063,11.1,0.662,0.701,0.199,106.45,0.163
1629726,Garrison Mathews,1610612754,IND,29.0,15,4,11,0.267,13.1,1.4,3.5,0.404,1.1,3.1,0.37,1.3,1.5,0.826,0.1,1.0,1.1,0.7,0.2,0.4,0.2,0.1,1.3,1.5,5.2,-0.1,107.3,108.0,-0.7,0.069,13.5,0.01,0.076,0.042,4.1,0.567,0.628,0.134,103.91,0.072
1642449,Tolu Smith,1610612765,DET,25.0,5,3,2,0.6,10.9,1.4,3.0,0.467,0.0,0.0,0.0,2.4,3.0,0.8,2.0,3.6,5.6,0.8,0.8,0.4,1.0,0.6,1.4,2.0,5.2,0.6,103.5,98.3,5.3,0.111,13.3,0.172,0.3,0.237,13.3,0.467,0.602,0.193,100.69,0.193
1642274,Yves Missi,1610612740,NOP,21.0,33,6,27,0.182,17.7,2.2,3.9,0.574,0.0,0.0,0.0,0.8,1.3,0.568,2.7,2.6,5.3,1.1,0.8,0.3,1.2,0.3,1.7,1.1,5.2,-1.4,111.5,115.2,-3.8,0.085,17.5,0.133,0.145,0.139,12.3,0.574,0.583,0.117,102.09,0.086
1642261,Dalton Knecht,1610612747,LAL,24.0,32,19,13,0.594,13.3,2.0,4.6,0.438,0.9,2.8,0.318,0.3,0.5,0.688,0.3,1.4,1.7,0.4,0.5,0.3,0.3,0.3,1.1,0.4,5.2,-1.4,105.8,111.7,-5.8,0.047,7.1,0.026,0.102,0.065,8.8,0.534,0.546,0.167,99.97,0.064
1629234,Drew Eubanks,1610612758,SAC,28.0,30,7,23,0.233,14.0,2.2,3.7,0.6,0.0,0.1,0.25,0.8,1.4,0.558,0.8,1.9,2.7,0.3,0.8,0.4,0.6,0.2,1.4,1.3,5.2,-3.6,107.9,117.4,-9.5,0.028,4.9,0.06,0.134,0.098,15.4,0.605,0.609,0.156,101.86,0.069
1629216,Gabe Vincent,1610612747,LAL,29.0,17,10,7,0.588,20.7,1.6,4.6,0.354,1.4,3.8,0.375,0.4,0.4,1.0,0.3,0.6,0.9,1.5,0.4,0.5,0.1,0.2,2.3,0.6,5.1,0.1,120.3,121.8,-1.5,0.092,22.1,0.015,0.032,0.024,5.3,0.506,0.53,0.106,99.94,0.024
1642278,Tyler Kolek,1610612752,NYK,24.0,34,21,13,0.618,13.4,2.1,4.7,0.44,0.7,2.0,0.333,0.3,0.4,0.667,0.3,1.6,1.9,2.8,1.0,0.4,0.1,0.3,1.4,0.8,5.1,1.8,111.5,106.2,5.3,0.3,32.5,0.022,0.109,0.066,11.2,0.513,0.522,0.175,102.19,0.093
1642854,Asa Newell,1610612737,ATL,20.0,30,17,13,0.567,10.7,2.0,3.6,0.561,0.8,1.8,0.453,0.3,0.6,0.526,0.8,1.2,2.0,0.5,0.5,0.3,0.3,0.2,1.6,0.8,5.1,0.4,111.2,108.9,2.3,0.07,11.0,0.072,0.108,0.09,11.0,0.673,0.667,0.162,105.63,0.078
1629020,Jarred Vanderbilt,1610612747,LAL,26.0,28,17,11,0.607,20.2,1.9,4.1,0.461,0.6,1.8,0.32,0.8,1.0,0.724,1.8,3.6,5.4,1.4,1.3,0.9,0.3,0.4,2.1,1.1,5.1,-1.4,112.0,114.1,-2.1,0.093,18.8,0.087,0.19,0.137,17.8,0.53,0.56,0.12,100.43,0.076
1642382,Branden Carlson,1610612760,OKC,26.0,30,25,5,0.833,10.9,2.0,3.8,0.53,0.6,1.8,0.352,0.3,0.6,0.529,0.6,1.9,2.5,0.6,0.4,0.2,0.5,0.2,0.9,0.4,5.0,0.2,111.6,109.5,2.1,0.081,11.8,0.052,0.162,0.109,7.2,0.613,0.612,0.176,102.73,0.1
1629680,Matisse Thybulle,1610612757,POR,28.0,4,2,2,0.5,12.2,1.5,2.5,0.6,1.0,1.5,0.667,1.0,1.0,1.0,0.0,1.0,1.0,0.8,0.3,2.5,0.0,0.3,1.8,1.3,5.0,5.8,109.6,88.7,21.0,0.091,18.8,0.0,0.089,0.041,6.3,0.8,0.85,0.102,112.7,0.148
1642277,Johnny Furphy,1610612754,IND,21.0,22,6,16,0.273,16.0,2.0,3.7,0.531,0.6,1.8,0.359,0.5,0.8,0.611,0.8,2.7,3.5,0.6,0.6,0.5,0.0,0.2,1.7,0.7,5.0,-2.0,108.1,115.1,-7.1,0.054,12.1,0.053,0.177,0.115,12.1,0.617,0.624,0.122,102.57,0.073
1631255,Karlo Matković,1610612740,NOP,24.0,28,8,20,0.286,12.2,2.2,3.4,0.635,0.4,1.0,0.393,0.3,0.5,0.5,0.8,2.4,3.1,0.8,0.6,0.3,0.8,0.1,1.5,0.5,5.0,-2.8,101.7,112.2,-10.5,0.091,15.0,0.056,0.183,0.119,11.4,0.693,0.685,0.139,104.66,0.113
1628366,Lonzo Ball,1610612739,CLE,28.0,27,13,14,0.481,22.4,1.7,5.5,0.304,1.2,4.5,0.264,0.5,0.7,0.7,0.9,3.1,4.1,4.4,1.6,1.3,0.3,0.2,1.4,0.6,5.0,1.4,111.6,109.9,1.7,0.248,37.2,0.037,0.135,0.084,13.6,0.412,0.434,0.131,104.96,0.077
1630592,Jalen Wilson,1610612751,BKN,25.0,26,5,21,0.192,13.6,1.6,4.1,0.383,1.0,2.7,0.352,0.9,1.1,0.793,0.2,0.9,1.1,0.5,0.5,0.3,0.1,0.2,1.2,0.9,5.0,-3.2,104.0,115.7,-11.6,0.055,8.3,0.01,0.075,0.039,8.3,0.5,0.543,0.156,97.93,0.046
1642348,Justin Edwards,1610612755,PHI,22.0,30,19,11,0.633,15.2,1.7,4.7,0.364,1.0,3.1,0.33,0.5,0.6,0.882,0.5,1.1,1.6,1.2,0.7,0.7,0.2,0.3,1.6,0.5,4.9,-3.4,110.1,120.7,-10.6,0.114,17.6,0.029,0.076,0.051,10.2,0.475,0.502,0.149,103.52,0.044
201587,Nicolas Batum,1610612746,LAC,37.0,38,16,22,0.421,20.6,1.6,3.8,0.414,1.5,3.6,0.413,0.2,0.3,0.818,0.4,2.1,2.5,0.8,0.6,0.8,0.4,0.0,1.8,0.2,4.9,-1.2,114.2,117.3,-3.0,0.056,15.2,0.021,0.1,0.061,11.8,0.61,0.621,0.095,98.13,0.051
1627780,Gary Payton II,1610612744,GSW,33.0,37,19,18,0.514,12.5,2.2,4.1,0.542,0.3,1.1,0.275,0.1,0.3,0.5,1.2,2.1,3.3,1.6,0.8,0.5,0.4,0.2,1.5,0.2,4.9,-1.4,111.7,113.6,-1.9,0.194,24.5,0.088,0.16,0.123,12.4,0.578,0.578,0.164,103.56,0.101
1642860,Will Riley,1610612764,WAS,19.0,30,9,21,0.3,12.8,1.8,4.2,0.429,0.3,1.4,0.244,1.0,1.2,0.829,0.8,1.2,2.0,1.2,0.8,0.4,0.1,0.2,0.7,0.8,4.9,-3.5,104.0,117.5,-13.5,0.142,18.1,0.058,0.087,0.072,11.6,0.468,0.52,0.172,101.95,0.076
1641854,Craig Porter Jr.,1610612739,CLE,25.0,36,21,15,0.583,17.4,2.0,4.0,0.49,0.6,1.4,0.4,0.4,0.6,0.619,1.5,2.1,3.6,2.8,0.8,1.0,0.6,0.3,1.1,0.8,4.9,1.0,114.9,111.7,3.1,0.206,35.7,0.081,0.117,0.099,10.5,0.559,0.567,0.117,103.79,0.101
201144,Mike Conley,1610612750,MIN,38.0,34,23,11,0.676,18.3,1.4,3.9,0.361,1.0,2.9,0.354,1.1,1.2,0.9,0.4,1.4,1.7,3.0,0.6,0.6,0.2,0.0,1.6,0.9,4.9,0.5,113.6,113.3,0.3,0.21,37.3,0.018,0.072,0.045,7.4,0.492,0.554,0.112,102.59,0.067
1630182,Josh Green,1610612766,CHA,25.0,16,7,9,0.438,16.0,1.8,4.0,0.438,1.2,3.1,0.38,0.1,0.3,0.5,0.9,0.9,1.8,1.0,0.4,0.6,0.0,0.1,1.0,0.9,4.8,2.4,120.5,112.0,8.5,0.081,18.2,0.052,0.051,0.051,6.8,0.586,0.585,0.113,100.87,0.058
1642869,Noah Penda,1610612753,ORL,21.0,25,12,13,0.48,14.0,1.8,4.0,0.44,0.7,1.5,0.447,0.6,1.1,0.556,1.7,2.4,4.1,1.2,0.7,0.5,0.4,0.3,1.2,0.9,4.8,0.6,114.7,112.0,2.6,0.109,18.2,0.109,0.177,0.141,11.3,0.525,0.536,0.146,101.39,0.09
1641765,Olivier-Maxence Prosper,1610612763,MEM,23.0,20,9,11,0.45,11.3,1.6,3.2,0.484,0.4,1.1,0.318,1.3,1.4,0.929,0.6,1.7,2.3,0.8,0.6,0.2,0.1,0.2,0.8,1.1,4.8,-2.9,104.6,116.1,-11.4,0.1,14.4,0.047,0.133,0.089,11.5,0.539,0.622,0.153,105.89,0.093
1628418,Thomas Bryant,1610612739,CLE,28.0,29,15,14,0.517,9.5,1.7,3.3,0.516,0.6,1.6,0.348,0.8,1.0,0.828,0.8,1.9,2.7,0.4,0.3,0.2,0.4,0.2,1.1,1.0,4.8,-1.2,106.2,110.1,-3.8,0.073,10.0,0.069,0.175,0.12,7.7,0.6,0.64,0.167,104.79,0.124
1631243,Mouhamed Gueye,1610612737,ATL,23.0,39,19,20,0.487,15.9,1.9,4.1,0.459,0.4,1.7,0.258,0.5,0.8,0.606,1.2,2.4,3.5,0.9,0.6,0.7,0.6,0.2,1.7,0.7,4.7,0.9,111.7,109.0,2.6,0.076,15.5,0.073,0.136,0.106,10.3,0.513,0.527,0.131,102.39,0.068
1631110,Jeremy Sochan,1610612759,SAS,22.0,24,16,8,0.667,14.1,1.9,4.0,0.484,0.4,1.4,0.273,0.5,0.7,0.688,1.1,1.9,3.0,1.2,0.8,0.4,0.2,0.3,2.0,1.0,4.7,-3.0,107.5,115.7,-8.2,0.122,19.0,0.073,0.133,0.102,12.2,0.532,0.549,0.145,101.61,0.065
1642262,Cody Williams,1610612762,UTA,21.0,26,8,18,0.308,15.1,2.0,4.5,0.436,0.3,1.8,0.191,0.4,0.7,0.647,0.6,1.0,1.5,0.7,0.3,0.3,0.2,0.5,1.5,0.6,4.7,-3.7,111.2,122.0,-10.8,0.066,12.6,0.038,0.063,0.05,6.0,0.474,0.49,0.138,104.51,0.035
1642878,Tyrese Proctor,1610612739,CLE,21.0,27,16,11,0.593,10.8,1.6,4.6,0.35,0.9,2.9,0.299,0.7,0.9,0.826,0.2,1.1,1.3,1.3,0.4,0.3,0.0,0.3,1.0,0.7,4.7,-2.0,106.8,114.7,-7.8,0.181,19.8,0.015,0.091,0.052,6.6,0.443,0.481,0.205,101.55,0.07
1631218,Trayce Jackson-Davis,1610612744,GSW,25.0,28,15,13,0.536,12.5,1.9,3.1,0.591,0.0,0.0,0.0,0.9,1.6,0.591,1.6,2.2,3.8,1.0,0.5,0.3,0.6,0.5,1.3,1.1,4.6,-1.0,108.8,113.0,-4.2,0.117,18.4,0.119,0.171,0.144,9.5,0.591,0.605,0.134,102.62,0.105
1642484,RayJ Dennis,1610612737,ATL,24.0,14,2,12,0.143,12.3,1.6,5.1,0.306,0.9,2.7,0.316,0.6,0.6,0.889,0.6,1.1,1.6,1.9,1.1,0.2,0.3,0.1,1.1,0.6,4.6,-3.6,93.1,106.9,-13.8,0.26,22.2,0.034,0.081,0.055,12.8,0.389,0.421,0.203,105.06,0.054
1630526,Jeremiah Robinson-Earl,1610612754,IND,25.0,17,4,13,0.235,17.6,1.7,4.9,0.349,0.5,1.9,0.242,0.8,0.8,0.929,1.9,3.3,5.2,0.7,0.6,0.4,0.1,0.6,1.4,0.9,4.6,-4.4,108.5,119.5,-11.0,0.056,10.9,0.095,0.186,0.138,9.1,0.398,0.443,0.13,104.23,0.065
1641724,Jett Howard,1610612753,ORL,22.0,27,14,13,0.519,10.7,1.6,4.3,0.368,0.9,2.7,0.329,0.6,0.6,0.938,0.4,1.1,1.4,0.9,0.2,0.1,0.1,0.4,1.0,0.4,4.6,0.3,115.6,114.0,1.7,0.11,15.0,0.029,0.101,0.062,3.9,0.47,0.504,0.175,100.67,0.066
1641790,PJ Hall,1610612766,CHA,23.0,15,5,10,0.333,10.3,1.7,2.9,0.591,0.2,0.3,0.6,0.9,1.3,0.7,1.5,1.9,3.5,0.5,0.7,0.1,0.6,0.3,1.1,1.1,4.6,-0.2,111.4,111.0,0.4,0.072,9.9,0.144,0.164,0.154,15.5,0.625,0.653,0.168,104.15,0.105
1641747,DaRon Holmes II,1610612743,DEN,23.0,9,5,4,0.556,13.7,1.4,3.2,0.448,1.1,2.4,0.455,0.6,0.7,0.833,0.3,1.3,1.7,1.4,0.4,0.0,0.4,0.1,1.0,1.1,4.6,-3.1,106.6,118.6,-12.0,0.167,26.5,0.025,0.085,0.058,8.2,0.621,0.648,0.135,94.43,0.077
1642877,Micah Peavy,1610612740,NOP,24.0,35,6,29,0.171,15.7,1.9,5.0,0.391,0.4,1.8,0.242,0.3,0.4,0.733,0.9,1.3,2.1,1.1,0.3,0.6,0.1,0.4,1.8,0.3,4.6,-2.1,109.8,114.4,-4.7,0.098,17.3,0.052,0.077,0.064,4.8,0.434,0.449,0.141,102.64,0.044
1630545,Terrence Shannon Jr.,1610612750,MIN,25.0,22,14,8,0.636,12.8,1.5,3.7,0.395,0.7,1.7,0.405,1.0,1.2,0.778,0.3,1.0,1.3,0.6,0.7,0.3,0.0,0.4,1.3,1.0,4.5,-3.7,106.9,122.0,-15.1,0.071,11.4,0.019,0.084,0.049,12.2,0.488,0.538,0.152,102.98,0.042
201599,DeAndre Jordan,1610612740,NOP,37.0,2,0,2,0.0,11.7,2.0,2.5,0.8,0.0,0.0,0.0,0.5,1.0,0.5,2.0,3.0,5.0,0.0,0.5,0.0,0.0,0.5,0.5,1.5,4.5,-13.0,68.2,130.2,-62.1,0.0,0.0,0.129,0.222,0.172,16.7,0.8,0.765,0.113,89.61,0.211
1629011,Mitchell Robinson,1610612752,NYK,27.0,27,17,10,0.63,19.4,2.0,3.0,0.654,0.0,0.0,0.0,0.6,1.5,0.39,4.7,4.2,8.9,1.1,0.7,0.9,1.1,0.2,2.2,1.5,4.5,2.3,120.9,113.6,7.2,0.073,20.9,0.22,0.202,0.211,12.8,0.654,0.616,0.089,99.59,0.107
1630192,Zeke Nnaji,1610612743,DEN,25.0,26,19,7,0.731,11.9,1.5,2.8,0.542,0.4,1.1,0.345,1.1,1.4,0.806,0.5,1.7,2.2,0.4,0.5,0.5,0.5,0.3,1.2,1.1,4.5,-3.4,105.5,117.2,-11.7,0.055,9.8,0.046,0.13,0.09,11.6,0.611,0.666,0.14,100.51,0.087
1642849,Nolan Traore,1610612751,BKN,19.0,17,5,12,0.294,16.3,1.6,5.1,0.322,0.6,2.5,0.256,0.4,0.5,0.778,0.1,1.0,1.1,2.6,1.2,0.5,0.3,0.4,1.4,0.6,4.4,-2.8,101.2,110.0,-8.8,0.254,28.4,0.007,0.062,0.033,12.9,0.385,0.407,0.169,97.21,0.04
1641722,Jordan Hawkins,1610612740,NOP,23.0,31,5,26,0.161,13.9,1.6,4.9,0.325,0.8,2.6,0.309,0.4,0.5,0.765,0.4,1.3,1.6,0.7,0.6,0.2,0.2,0.2,0.6,0.6,4.4,-2.6,105.9,116.4,-10.6,0.072,11.1,0.024,0.081,0.054,9.6,0.407,0.429,0.167,101.62,0.037
1630679,Ethan Thompson,1610612754,IND,26.0,17,4,13,0.235,16.2,1.5,4.0,0.382,0.9,2.8,0.313,0.4,0.5,0.778,0.6,1.1,1.7,1.4,0.6,0.5,0.3,0.2,2.1,0.6,4.4,-0.8,110.5,113.4,-2.9,0.124,22.9,0.033,0.072,0.052,9.5,0.493,0.514,0.125,99.25,0.039
1641740,Jaylen Clark,1610612750,MIN,24.0,37,25,12,0.676,14.1,1.5,3.5,0.434,0.5,1.5,0.298,0.9,1.4,0.647,0.9,1.0,1.9,0.5,0.4,0.8,0.2,0.1,1.5,0.9,4.4,1.2,112.6,107.9,4.7,0.052,10.8,0.056,0.065,0.061,7.6,0.5,0.535,0.126,103.22,0.05
1642862,Liam McNeeley,1610612766,CHA,20.0,27,9,18,0.333,12.4,1.3,3.2,0.395,0.8,2.1,0.379,0.9,1.1,0.806,0.4,1.8,2.2,0.9,0.4,0.2,0.1,0.1,1.3,0.9,4.3,0.8,114.0,110.2,3.8,0.097,16.9,0.031,0.146,0.086,8.8,0.523,0.577,0.14,99.17,0.068
1631172,Ousmane Dieng,1610612760,OKC,22.0,18,17,1,0.944,12.2,1.6,3.4,0.452,0.8,1.8,0.455,0.3,0.3,1.0,0.3,1.3,1.7,0.9,0.3,0.1,0.3,0.1,1.1,0.2,4.3,0.7,112.0,106.7,5.3,0.103,18.4,0.028,0.094,0.064,6.9,0.573,0.596,0.143,99.19,0.069
1642914,Javon Small,1610612763,MEM,23.0,14,7,7,0.5,12.5,1.4,4.0,0.339,0.7,2.2,0.323,0.9,1.1,0.8,0.4,1.1,1.4,3.3,1.3,0.3,0.1,0.4,1.3,0.9,4.3,-1.1,109.8,113.6,-3.8,0.351,36.5,0.026,0.075,0.051,14.3,0.429,0.479,0.179,106.18,0.067
1642928,Dylan Cardwell,1610612758,SAC,24.0,13,5,8,0.385,17.6,1.7,3.5,0.489,0.0,0.1,0.0,0.9,1.8,0.5,2.8,3.3,6.2,0.8,0.8,0.7,1.5,0.6,3.5,1.1,4.3,-0.2,114.3,112.1,2.2,0.062,14.5,0.147,0.179,0.163,13.2,0.489,0.504,0.115,99.17,0.061
1641726,Dereck Lively II,1610612742,DAL,21.0,7,3,4,0.429,16.5,1.6,2.6,0.611,0.0,0.0,0.0,1.1,1.4,0.8,2.0,3.3,5.3,1.9,1.4,0.6,1.6,0.3,3.0,1.3,4.3,2.0,108.6,102.3,6.3,0.153,28.3,0.117,0.183,0.15,21.7,0.611,0.67,0.113,107.02,0.094
1630811,Keaton Wallace,1610612737,ATL,26.0,34,18,16,0.529,12.4,1.6,3.6,0.427,1.0,2.3,0.423,0.1,0.3,0.5,0.0,1.2,1.3,2.2,0.6,0.6,0.1,0.1,1.1,0.4,4.2,-1.9,102.5,109.2,-6.8,0.269,33.5,0.002,0.098,0.05,9.7,0.56,0.561,0.151,102.0,0.084
1630534,Ochai Agbaji,1610612761,TOR,25.0,32,18,14,0.563,15.3,1.7,4.0,0.425,0.2,1.3,0.163,0.6,0.7,0.857,0.8,1.7,2.4,0.8,0.3,0.4,0.2,0.4,1.8,0.6,4.2,-0.6,109.5,111.2,-1.7,0.069,14.5,0.047,0.103,0.075,6.4,0.453,0.488,0.125,100.25,0.046
1631133,Jabari Walker,1610612755,PHI,23.0,36,21,15,0.583,12.8,1.4,3.3,0.437,0.4,1.4,0.265,0.9,1.2,0.727,1.3,2.0,3.3,0.5,0.5,0.2,0.3,0.4,1.8,1.0,4.1,0.6,114.2,113.4,0.9,0.049,9.8,0.094,0.157,0.124,9.8,0.492,0.538,0.135,102.06,0.06
1641737,Adem Bona,1610612755,PHI,22.0,29,18,11,0.621,17.1,1.4,2.4,0.571,0.1,0.2,0.4,1.1,1.8,0.647,1.8,2.1,3.9,0.3,0.7,0.3,1.4,0.2,2.1,1.7,4.0,0.8,114.2,110.5,3.7,0.021,6.7,0.097,0.114,0.106,15.8,0.586,0.622,0.092,102.18,0.055
1629634,Brandon Clarke,1610612763,MEM,29.0,2,1,1,0.5,10.2,1.5,4.5,0.333,0.0,0.0,0.0,1.0,2.0,0.5,2.0,1.0,3.0,0.5,0.0,1.0,0.0,1.5,2.5,1.5,4.0,-6.0,87.8,110.0,-22.2,0.071,8.3,0.154,0.077,0.115,0.0,0.333,0.372,0.193,116.25,0.023
1642864,Hugo González,1610612738,BOS,19.0,34,21,13,0.618,15.0,1.6,3.3,0.487,0.5,1.4,0.347,0.3,0.5,0.529,0.9,2.4,3.3,0.6,0.6,0.6,0.3,0.2,1.9,0.8,4.0,4.9,121.7,104.5,17.2,0.053,13.4,0.057,0.152,0.105,12.8,0.562,0.564,0.116,98.35,0.064
1628396,Tony Bradley,1610612754,IND,28.0,32,7,25,0.219,10.5,1.5,2.7,0.558,0.0,0.0,0.0,0.9,1.2,0.737,1.5,1.1,2.5,0.5,0.4,0.1,0.2,0.3,1.8,1.0,3.9,-3.0,106.6,119.2,-12.6,0.075,11.9,0.12,0.109,0.115,10.4,0.558,0.604,0.139,102.1,0.065
1631103,Malaki Branham,1610612764,WAS,22.0,22,5,17,0.227,9.7,1.2,2.8,0.435,0.3,1.1,0.28,1.1,1.4,0.833,0.4,1.2,1.6,1.0,0.5,0.4,0.1,0.4,0.7,0.8,3.9,-2.4,98.3,111.5,-13.3,0.154,19.1,0.038,0.117,0.077,10.9,0.492,0.572,0.167,102.53,0.096
203482,Kelly Olynyk,1610612759,SAS,34.0,24,17,7,0.708,10.1,1.3,2.7,0.477,0.4,1.5,0.257,0.8,1.2,0.714,0.7,1.5,2.2,1.4,0.6,0.5,0.0,0.1,1.3,1.2,3.8,1.7,114.9,109.3,5.6,0.193,27.0,0.064,0.139,0.101,11.1,0.546,0.588,0.154,101.36,0.089
1642857,Kasparas Jakučionis,1610612748,MIA,19.0,14,7,7,0.5,12.8,1.1,3.4,0.313,0.9,1.9,0.444,0.7,0.7,1.0,0.6,1.1,1.7,1.1,0.6,0.6,0.0,0.6,1.3,1.0,3.7,0.3,107.0,106.5,0.5,0.109,19.5,0.042,0.084,0.061,11.7,0.438,0.496,0.132,107.29,0.044
1630611,Gui Santos,1610612744,GSW,23.0,31,16,15,0.516,11.1,1.3,2.8,0.46,0.6,1.7,0.333,0.5,0.8,0.667,0.8,1.5,2.4,0.9,0.8,0.4,0.2,0.1,1.3,0.8,3.7,1.1,110.9,108.1,2.8,0.114,17.9,0.068,0.136,0.101,16.6,0.563,0.584,0.145,98.75,0.071
1642918,Alijah Martin,1610612761,TOR,24.0,6,2,4,0.333,10.9,1.2,3.7,0.318,0.2,1.7,0.1,1.2,1.3,0.875,0.8,1.0,1.8,1.0,0.3,0.8,0.5,0.5,0.8,0.7,3.7,-1.2,103.1,108.5,-5.4,0.146,17.6,0.06,0.087,0.072,5.9,0.341,0.431,0.172,95.17,0.092
1642265,Rob Dillingham,1610612750,MIN,21.0,31,19,12,0.613,9.8,1.4,4.1,0.339,0.3,0.9,0.345,0.5,0.6,0.75,0.2,1.0,1.2,1.8,1.0,0.5,0.1,0.5,1.1,0.6,3.6,-1.0,103.2,107.9,-4.7,0.26,25.6,0.015,0.098,0.057,13.9,0.378,0.409,0.22,104.2,0.057
203991,Clint Capela,1610612745,HOU,31.0,32,19,13,0.594,11.5,1.6,3.1,0.531,0.0,0.0,0.0,0.4,0.8,0.5,2.5,2.0,4.6,0.5,0.5,0.5,0.7,0.3,0.8,0.6,3.6,0.5,113.1,112.1,1.0,0.063,12.0,0.192,0.173,0.183,11.3,0.531,0.534,0.136,97.06,0.109
1626204,Larry Nance Jr.,1610612739,CLE,33.0,16,10,6,0.625,15.0,1.4,4.1,0.354,0.6,2.1,0.303,0.1,0.2,0.333,0.8,2.0,2.8,1.3,0.6,0.6,0.3,0.3,2.4,0.6,3.6,-1.4,108.6,114.2,-5.6,0.116,21.1,0.049,0.135,0.09,9.5,0.431,0.43,0.13,102.04,0.036
1629646,Charles Bassey,1610612763,MEM,25.0,2,0,2,0.0,15.3,1.5,4.0,0.375,0.0,0.0,0.0,0.5,1.5,0.333,3.5,4.0,7.5,1.0,0.5,0.5,0.5,0.5,2.5,1.0,3.5,-4.0,104.4,112.9,-8.4,0.095,16.7,0.175,0.258,0.211,8.3,0.375,0.376,0.123,108.53,0.065
1641810,Antonio Reeves,1610612766,CHA,25.0,6,1,5,0.167,8.8,1.3,2.7,0.5,0.8,1.7,0.5,0.0,0.0,0.0,0.2,0.7,0.8,0.3,0.0,0.2,0.0,0.2,0.5,0.0,3.5,4.5,124.3,100.0,24.3,0.051,11.1,0.018,0.083,0.049,0.0,0.656,0.656,0.13,92.38,0.085
203926,Doug McDermott,1610612758,SAC,34.0,7,1,6,0.143,10.0,1.1,3.3,0.348,1.1,3.3,0.348,0.0,0.0,0.0,0.0,0.7,0.7,0.3,0.4,0.0,0.1,0.0,0.7,0.0,3.4,-3.1,96.7,111.8,-15.1,0.045,7.1,0.0,0.071,0.034,10.7,0.522,0.522,0.15,104.17,0.031
1642419,Jamison Battle,1610612761,TOR,24.0,29,17,12,0.586,8.2,1.3,2.3,0.567,0.6,1.3,0.447,0.2,0.3,0.625,0.3,1.1,1.4,0.3,0.3,0.2,0.0,0.0,0.7,0.2,3.4,2.8,115.5,100.2,15.3,0.057,11.1,0.041,0.124,0.086,11.1,0.694,0.695,0.142,99.75,0.098
1631124,Julian Strawther,1610612743,DEN,23.0,20,14,6,0.7,9.4,1.1,3.3,0.338,0.3,1.4,0.179,1.0,1.3,0.731,0.1,1.2,1.3,0.7,0.5,0.1,0.1,0.4,1.0,1.0,3.4,-1.8,102.3,110.1,-7.9,0.112,14.0,0.011,0.115,0.064,10.0,0.377,0.445,0.192,102.82,0.037
1642404,Chaz Lanier,1610612765,DET,24.0,16,15,1,0.938,9.6,1.1,3.0,0.354,0.9,2.6,0.341,0.3,0.3,1.0,0.4,0.6,0.9,0.8,0.1,0.3,0.0,0.0,0.3,0.3,3.3,0.8,114.8,110.2,4.6,0.094,19.0,0.038,0.055,0.046,1.6,0.5,0.528,0.134,103.55,0.068
1627824,Guerschon Yabusele,1610612752,NYK,30.0,32,21,11,0.656,9.9,1.2,2.9,0.413,0.6,1.8,0.345,0.3,0.4,0.667,0.6,1.6,2.2,0.5,0.4,0.1,0.1,0.3,1.0,0.4,3.3,-0.3,111.7,114.0,-2.4,0.063,11.8,0.061,0.15,0.106,11.0,0.522,0.535,0.145,101.15,0.059
1630164,James Wiseman,1610612754,IND,24.0,4,0,4,0.0,14.6,1.5,2.5,0.6,0.0,0.0,0.0,0.3,0.5,0.5,1.3,0.8,2.0,0.8,1.3,0.0,0.3,0.3,2.5,0.5,3.3,-2.3,92.9,102.4,-9.5,0.075,15.8,0.074,0.049,0.062,26.3,0.6,0.597,0.114,103.04,0.01
1630208,Nick Richards,1610612756,PHX,28.0,27,15,12,0.556,9.4,1.3,2.6,0.493,0.0,0.0,0.0,0.7,1.0,0.679,1.3,2.1,3.4,0.3,0.9,0.1,0.5,0.4,1.4,0.9,3.3,-2.2,106.5,117.2,-10.8,0.047,6.8,0.124,0.23,0.173,21.4,0.493,0.534,0.171,99.68,0.07
1642269,Devin Carter,1610612758,SAC,23.0,12,1,11,0.083,8.4,1.1,3.2,0.342,0.4,1.7,0.25,0.6,0.6,1.0,0.4,0.8,1.2,1.1,0.7,0.5,0.2,0.1,0.8,0.9,3.2,-0.4,105.3,107.0,-1.7,0.183,21.0,0.045,0.088,0.066,12.9,0.408,0.463,0.191,107.28,0.066
1626145,Tyus Jones,1610612753,ORL,29.0,40,22,18,0.55,16.5,1.2,3.4,0.353,0.7,2.2,0.295,0.2,0.2,1.0,0.2,0.9,1.1,2.4,0.3,0.8,0.1,0.2,0.6,0.3,3.2,-1.6,107.4,113.0,-5.6,0.202,39.3,0.009,0.055,0.031,4.5,0.449,0.462,0.094,100.29,0.066
1630579,Jericho Sims,1610612749,MIL,27.0,28,11,17,0.393,14.9,1.5,1.8,0.837,0.0,0.0,0.0,0.3,0.4,0.636,1.3,2.6,3.9,0.6,1.1,0.2,0.2,0.1,1.8,0.6,3.2,-5.9,99.2,118.6,-19.4,0.065,17.8,0.088,0.176,0.131,29.7,0.837,0.827,0.085,99.03,0.07
1626192,Pat Connaughton,1610612766,CHA,33.0,17,6,11,0.353,7.7,1.1,2.2,0.5,0.6,1.5,0.4,0.4,0.6,0.636,0.3,1.2,1.5,0.5,0.2,0.3,0.1,0.1,0.3,0.6,3.2,0.6,105.1,102.6,2.5,0.113,16.4,0.036,0.143,0.089,5.5,0.632,0.642,0.143,100.56,0.127
1641813,Mark Sears,1610612749,MIL,23.0,7,1,6,0.143,3.7,0.9,1.9,0.462,0.6,1.1,0.5,0.9,1.1,0.75,0.1,0.1,0.3,0.3,0.6,0.0,0.0,0.0,0.6,0.9,3.1,1.7,123.2,101.8,21.4,0.125,8.7,0.053,0.045,0.049,17.4,0.615,0.666,0.344,103.06,0.078
1642352,Keshad Johnson,1610612748,MIA,24.0,17,8,9,0.471,8.1,1.1,2.9,0.38,0.3,1.2,0.25,0.5,0.8,0.692,0.8,1.2,2.0,0.1,0.4,0.3,0.2,0.3,0.7,0.5,3.1,1.4,110.4,104.8,5.6,0.01,1.6,0.071,0.133,0.099,9.5,0.43,0.467,0.16,109.37,0.056
1642434,Riley Minix,1610612759,SAS,25.0,3,2,1,0.667,2.8,1.3,2.0,0.667,0.3,1.0,0.333,0.0,0.0,0.0,0.3,0.3,0.7,0.3,0.0,0.3,0.0,0.0,0.3,0.0,3.0,4.3,147.6,85.7,61.9,0.111,14.3,0.1,0.167,0.125,0.0,0.75,0.75,0.222,121.94,0.257
1642939,Miles Kelly,1610612742,DAL,22.0,4,2,2,0.5,9.2,1.3,2.0,0.625,0.5,1.3,0.4,0.0,0.0,0.0,0.3,1.5,1.8,0.5,0.8,0.0,0.0,0.0,1.3,0.0,3.0,0.0,98.9,100.0,-1.1,0.083,15.4,0.024,0.154,0.086,23.1,0.75,0.75,0.111,112.67,0.065
1641763,Julian Phillips,1610612741,CHI,22.0,28,11,17,0.393,10.2,1.1,2.6,0.432,0.5,1.5,0.326,0.2,0.2,0.833,0.7,0.7,1.4,0.3,0.2,0.5,0.2,0.2,1.1,0.3,3.0,-0.3,106.8,107.2,-0.4,0.033,7.8,0.066,0.058,0.062,6.7,0.527,0.541,0.118,105.13,0.048
1641738,Kobe Brown,1610612746,LAC,26.0,26,9,17,0.346,9.4,1.0,2.6,0.368,0.4,1.6,0.238,0.7,0.8,0.85,0.5,1.1,1.7,0.8,0.4,0.3,0.1,0.2,0.5,0.8,3.0,-3.2,99.2,115.9,-16.7,0.159,19.8,0.058,0.113,0.086,9.9,0.441,0.501,0.156,97.49,0.079
1642353,Cam Christie,1610612746,LAC,20.0,25,9,16,0.36,8.5,0.9,2.7,0.338,0.4,1.2,0.29,0.8,1.2,0.7,0.3,1.2,1.5,0.5,0.2,0.2,0.1,0.2,0.5,0.7,3.0,0.4,106.4,103.8,2.6,0.093,12.0,0.04,0.124,0.086,6.0,0.404,0.468,0.183,95.76,0.075
1641753,Chris Livingston,1610612739,CLE,22.0,3,2,1,0.667,5.8,1.3,2.3,0.571,0.0,1.0,0.0,0.3,0.3,1.0,0.0,1.0,1.0,0.3,0.0,0.3,0.0,0.0,1.3,0.3,3.0,2.7,113.9,86.8,27.0,0.091,12.5,0.0,0.176,0.1,0.0,0.571,0.605,0.189,101.91,0.104
1641801,Emanuel Miller,1610612741,CHI,25.0,5,0,5,0.0,6.6,1.2,2.6,0.462,0.4,1.2,0.333,0.2,0.4,0.5,0.2,0.4,0.6,0.8,0.0,0.4,0.0,0.0,0.4,0.2,3.0,-3.8,88.9,116.9,-28.0,0.211,22.2,0.026,0.083,0.048,0.0,0.538,0.54,0.169,103.84,0.093
1628371,Jonathan Isaac,1610612753,ORL,28.0,34,19,15,0.559,10.4,1.0,2.3,0.449,0.2,0.9,0.2,0.8,1.3,0.605,0.9,1.9,2.8,0.3,0.3,0.4,0.5,0.0,0.8,1.1,3.0,-0.4,105.0,105.6,-0.6,0.039,7.6,0.07,0.176,0.12,8.5,0.487,0.526,0.123,102.08,0.09
1630619,Moussa Cisse,1610612742,DAL,23.0,22,6,16,0.273,10.5,1.2,2.0,0.605,0.0,0.0,0.0,0.6,1.5,0.424,1.6,2.2,3.9,0.1,0.7,0.4,1.0,0.1,1.6,1.3,3.0,-1.0,108.8,111.6,-2.8,0.018,3.9,0.145,0.188,0.167,21.1,0.605,0.574,0.126,104.88,0.07
1628420,Monte Morris,1610612754,IND,30.0,6,0,6,0.0,10.8,1.2,3.3,0.35,0.3,1.3,0.25,0.3,0.7,0.5,0.2,1.0,1.2,1.5,0.3,0.2,0.2,0.2,0.5,0.5,3.0,-4.8,83.3,104.2,-20.9,0.29,27.3,0.012,0.08,0.044,6.1,0.4,0.414,0.141,106.6,0.076
1631288,Jamal Cain,1610612753,ORL,26.0,16,9,7,0.563,7.4,0.8,2.2,0.371,0.3,1.1,0.278,0.9,1.1,0.833,0.4,0.4,0.8,0.3,0.3,0.3,0.1,0.1,1.3,0.8,2.9,-0.3,113.0,116.0,-3.0,0.06,9.3,0.051,0.055,0.053,9.3,0.443,0.536,0.163,101.75,0.031
1642357,David Jones Garcia,1610612759,SAS,24.0,11,7,4,0.636,6.2,1.2,2.3,0.52,0.3,0.5,0.6,0.3,0.5,0.5,0.4,0.8,1.2,1.6,0.5,0.5,0.1,0.4,0.5,0.7,2.9,3.5,123.1,100.0,23.1,0.316,36.0,0.06,0.143,0.1,10.0,0.58,0.579,0.18,109.45,0.133
1642364,Jamir Watkins,1610612764,WAS,24.0,14,4,10,0.286,11.5,1.0,2.0,0.5,0.4,1.2,0.294,0.6,0.6,1.0,0.4,2.1,2.4,0.4,0.4,0.3,0.2,0.1,1.9,0.6,2.9,-3.6,105.3,116.2,-10.9,0.058,14.3,0.031,0.159,0.099,11.9,0.589,0.65,0.094,102.86,0.06
1642949,Yanic Konan Niederhäuser,1610612746,LAC,22.0,21,10,11,0.476,7.7,1.1,1.9,0.615,0.0,0.0,0.0,0.6,1.1,0.565,0.9,1.1,2.0,0.3,0.4,0.1,0.4,0.2,1.0,0.8,2.9,1.2,115.3,107.6,7.6,0.056,9.4,0.115,0.139,0.127,12.5,0.615,0.621,0.153,96.47,0.082
101108,Chris Paul,1610612746,LAC,40.0,16,4,12,0.25,14.2,1.1,3.5,0.321,0.6,1.9,0.333,0.1,0.1,0.5,0.4,1.4,1.8,3.3,1.0,0.7,0.0,0.2,1.4,0.4,2.9,-5.3,99.4,116.6,-17.3,0.351,42.4,0.026,0.101,0.062,12.8,0.411,0.413,0.135,98.62,0.064
1629723,John Konchar,1610612763,MEM,29.0,23,12,11,0.522,12.7,1.1,2.3,0.5,0.4,1.3,0.31,0.3,0.4,0.667,0.5,2.1,2.6,1.2,0.3,0.9,0.3,0.1,0.9,0.3,2.9,0.7,106.2,103.5,2.7,0.126,30.3,0.036,0.146,0.09,7.9,0.587,0.599,0.085,103.33,0.1
1627827,Dorian Finney-Smith,1610612745,HOU,32.0,9,5,4,0.556,15.5,0.9,3.4,0.258,0.8,2.9,0.269,0.2,0.2,1.0,1.2,1.7,2.9,0.6,0.7,0.2,0.2,0.2,1.7,0.3,2.8,3.0,110.0,102.2,7.8,0.048,11.6,0.069,0.1,0.084,14.0,0.371,0.392,0.111,96.06,0.02
1641755,Kevin McCullar Jr.,1610612752,NYK,24.0,10,4,6,0.4,8.6,1.0,2.3,0.435,0.6,1.4,0.429,0.2,0.5,0.4,0.8,1.2,2.0,1.5,0.8,0.4,0.0,0.1,1.4,0.5,2.8,-4.6,105.1,125.3,-20.2,0.273,31.3,0.089,0.122,0.106,16.7,0.565,0.556,0.161,102.0,0.069
1630256,Jae'Sean Tate,1610612745,HOU,30.0,21,16,5,0.762,7.9,1.2,2.3,0.521,0.3,0.7,0.4,0.1,0.1,1.0,0.7,0.8,1.5,0.6,0.2,0.2,0.1,0.1,1.2,0.3,2.8,-3.2,101.2,119.8,-18.6,0.115,18.5,0.081,0.099,0.09,6.2,0.583,0.598,0.131,99.27,0.077
1630214,Xavier Tillman,1610612738,BOS,27.0,11,7,4,0.636,9.4,1.3,2.5,0.5,0.3,1.2,0.231,0.0,0.0,0.0,0.9,1.3,2.2,0.5,0.4,0.5,0.2,0.2,0.8,0.3,2.8,-1.5,116.3,120.4,-4.1,0.07,13.5,0.096,0.133,0.115,10.8,0.554,0.554,0.129,98.81,0.079
1641871,Duop Reath,1610612757,POR,29.0,28,13,15,0.464,7.5,1.0,2.2,0.459,0.7,1.6,0.455,0.1,0.1,0.667,0.3,0.7,1.0,0.3,0.3,0.2,0.2,0.1,0.9,0.1,2.8,-1.7,99.8,110.6,-10.8,0.069,11.5,0.03,0.082,0.057,9.0,0.623,0.626,0.133,104.42,0.066
1641752,Bobi Klintman,1610612765,DET,22.0,6,5,1,0.833,8.8,1.2,3.5,0.333,0.5,1.8,0.273,0.0,0.5,0.0,0.8,1.8,2.7,0.7,0.8,0.3,0.0,0.3,1.5,0.8,2.8,-2.7,99.2,113.6,-14.4,0.105,12.9,0.075,0.196,0.13,16.1,0.405,0.381,0.19,107.55,0.026
1641725,Trey Alexander,1610612740,NOP,22.0,5,1,4,0.2,8.3,1.2,1.8,0.667,0.4,0.6,0.667,0.0,0.0,0.0,0.0,0.8,0.8,1.0,0.2,0.2,0.2,0.0,0.8,0.2,2.8,0.0,117.6,119.0,-1.4,0.152,33.3,0.0,0.083,0.047,6.7,0.778,0.778,0.104,97.44,0.095
1631248,Baylor Scheierman,1610612738,BOS,25.0,34,22,12,0.647,11.8,1.0,2.0,0.493,0.7,1.6,0.418,0.1,0.1,0.8,0.3,1.3,1.6,0.6,0.4,0.5,0.1,0.0,1.5,0.7,2.8,1.9,117.9,109.6,8.4,0.063,19.2,0.023,0.105,0.064,12.5,0.659,0.667,0.088,97.88,0.051
203939,Dwight Powell,1610612742,DAL,34.0,26,9,17,0.346,12.7,0.8,1.3,0.636,0.0,0.0,0.0,1.0,1.6,0.643,1.1,2.0,3.1,1.0,0.5,0.4,0.3,0.2,2.0,1.7,2.7,1.3,111.8,106.5,5.3,0.092,28.7,0.086,0.144,0.115,13.8,0.636,0.67,0.077,104.98,0.061
1629162,Jordan McLaughlin,1610612759,SAS,29.0,15,11,4,0.733,6.5,1.0,2.0,0.5,0.5,1.1,0.412,0.3,0.3,0.8,0.3,0.4,0.7,0.9,0.3,0.5,0.0,0.0,0.5,0.3,2.7,-0.4,109.8,116.3,-6.6,0.181,26.0,0.04,0.063,0.051,10.0,0.617,0.637,0.15,104.18,0.1
203914,Gary Harris,1610612749,MIL,31.0,29,11,18,0.379,14.4,1.0,2.0,0.5,0.6,1.1,0.485,0.2,0.2,1.0,0.2,1.2,1.5,1.0,0.4,0.6,0.2,0.1,1.2,0.1,2.7,-0.8,110.8,113.5,-2.7,0.088,29.3,0.018,0.088,0.054,11.1,0.638,0.656,0.072,98.69,0.053
1642853,Rasheer Fleming,1610612756,PHX,21.0,23,15,8,0.652,7.2,1.0,3.0,0.348,0.3,1.7,0.2,0.3,0.4,0.778,0.7,0.6,1.3,0.2,0.2,0.3,0.3,0.0,0.8,0.3,2.7,-0.8,100.9,107.3,-6.4,0.037,4.9,0.086,0.084,0.085,4.9,0.406,0.432,0.182,100.09,0.046
1641816,Hunter Tyson,1610612743,DEN,25.0,15,11,4,0.733,7.2,0.9,2.5,0.342,0.4,1.3,0.3,0.5,0.6,0.889,0.2,1.5,1.7,0.7,0.3,0.1,0.1,0.3,0.6,0.4,2.7,-0.6,98.3,103.5,-5.2,0.156,18.2,0.026,0.172,0.102,7.3,0.421,0.477,0.172,101.37,0.087
1631207,Dalen Terry,1610612741,CHI,23.0,23,10,13,0.435,10.4,1.1,2.6,0.424,0.3,1.0,0.261,0.1,0.3,0.429,0.5,1.0,1.5,1.1,0.6,0.6,0.3,0.2,1.0,0.4,2.6,-1.0,106.5,109.0,-2.5,0.15,25.5,0.039,0.093,0.064,13.7,0.475,0.475,0.126,105.68,0.054
1626172,Kevon Looney,1610612740,NOP,29.0,16,2,14,0.125,14.2,1.1,2.8,0.4,0.1,0.6,0.111,0.3,0.5,0.625,2.3,2.7,5.0,1.6,0.5,0.4,0.5,0.3,1.9,0.4,2.6,-3.9,102.7,116.9,-14.2,0.158,30.5,0.14,0.174,0.156,9.8,0.411,0.433,0.101,100.98,0.077
1631159,Leonard Miller,1610612750,MIN,22.0,15,9,6,0.6,4.8,1.1,1.9,0.552,0.1,0.7,0.1,0.3,0.5,0.571,0.4,0.9,1.3,0.3,0.4,0.2,0.0,0.1,0.7,0.3,2.5,0.0,105.2,107.1,-1.9,0.073,9.5,0.078,0.171,0.126,14.3,0.569,0.577,0.197,113.61,0.087
1642905,Yang Hansen,1610612757,POR,20.0,22,12,10,0.545,8.4,0.8,2.8,0.29,0.2,1.3,0.143,0.7,0.7,0.938,0.5,1.3,1.8,0.8,0.8,0.0,0.4,0.4,1.3,1.1,2.5,-0.7,100.5,104.5,-4.0,0.13,16.3,0.05,0.128,0.091,17.3,0.323,0.398,0.19,104.88,0.027
1641989,Elijah Harkless,1610612762,UTA,25.0,7,2,5,0.286,9.4,0.6,1.6,0.364,0.3,1.0,0.286,1.0,1.3,0.778,0.3,0.6,0.9,0.7,0.4,0.6,0.0,0.0,1.4,1.3,2.4,2.9,120.6,105.6,14.9,0.096,21.7,0.038,0.067,0.053,13.0,0.455,0.568,0.116,103.23,0.037
1630548,Johnny Juzang,1610612750,MIN,24.0,15,9,6,0.6,3.6,0.9,1.9,0.448,0.3,1.2,0.278,0.2,0.3,0.75,0.2,0.5,0.7,0.3,0.1,0.1,0.0,0.0,0.2,0.2,2.3,1.2,114.1,101.6,12.5,0.095,10.8,0.055,0.133,0.096,5.4,0.534,0.553,0.228,113.01,0.112
1628449,Chris Boucher,1610612738,BOS,33.0,8,3,5,0.375,11.3,0.9,2.8,0.318,0.1,1.5,0.083,0.4,0.5,0.75,0.3,2.0,2.3,0.4,0.1,0.6,0.9,0.1,2.0,0.5,2.3,0.9,113.7,108.7,5.0,0.043,10.7,0.02,0.154,0.089,3.6,0.341,0.379,0.118,96.92,0.043
1630587,Isaiah Livers,1610612756,PHX,27.0,20,13,7,0.65,10.5,0.8,2.0,0.375,0.5,1.5,0.345,0.3,0.3,0.833,0.6,1.4,2.0,0.7,0.5,0.4,0.3,0.2,1.2,0.2,2.3,3.4,118.8,103.8,15.1,0.072,20.3,0.053,0.126,0.089,14.1,0.5,0.528,0.095,102.71,0.051
1631247,Luke Travers,1610612739,CLE,24.0,12,6,6,0.5,8.6,0.8,3.0,0.25,0.1,1.3,0.063,0.8,0.8,1.0,0.8,1.3,2.0,0.8,0.3,0.6,0.3,0.3,0.5,0.4,2.3,-2.7,97.3,110.5,-13.2,0.123,17.3,0.069,0.133,0.098,5.8,0.264,0.35,0.161,105.69,0.071
1642066,Myron Gardner,1610612748,MIA,24.0,13,7,6,0.538,5.2,0.8,2.0,0.385,0.3,1.1,0.286,0.3,0.3,1.0,0.8,0.7,1.5,0.4,0.1,0.4,0.1,0.2,1.2,0.2,2.2,0.1,101.9,100.0,1.9,0.102,14.7,0.105,0.132,0.117,2.9,0.462,0.504,0.151,115.18,0.067
1631216,Caleb Houstan,1610612737,ATL,23.0,9,5,4,0.556,4.9,0.7,1.6,0.429,0.6,1.2,0.455,0.3,0.3,1.0,0.4,0.1,0.6,0.2,0.4,0.1,0.1,0.1,0.6,0.2,2.2,-1.9,88.7,107.3,-18.6,0.08,9.5,0.085,0.027,0.06,19.0,0.607,0.653,0.178,104.32,0.058
1631132,Christian Koloko,1610612763,MEM,25.0,13,5,8,0.385,15.5,1.1,2.7,0.4,0.0,0.1,0.0,0.1,0.3,0.25,1.5,2.0,3.5,0.8,0.5,0.8,1.0,0.5,1.6,0.5,2.2,0.8,109.3,106.0,3.3,0.063,18.5,0.085,0.126,0.105,13.0,0.4,0.394,0.088,103.57,0.046
1641712,Rayan Rupert,1610612757,POR,21.0,33,18,15,0.545,10.6,0.8,2.5,0.337,0.3,1.2,0.25,0.2,0.3,0.5,0.4,1.3,1.7,0.6,0.3,0.3,0.1,0.2,1.2,0.3,2.2,-1.4,103.6,110.0,-6.3,0.079,16.9,0.034,0.107,0.071,8.5,0.398,0.406,0.114,101.89,0.031
201145,Jeff Green,1610612745,HOU,39.0,14,12,2,0.857,4.5,0.8,1.6,0.478,0.5,1.1,0.438,0.0,0.0,0.0,0.1,0.4,0.4,0.1,0.1,0.0,0.1,0.1,0.4,0.0,2.1,-3.5,98.4,138.2,-39.8,0.057,7.7,0.017,0.083,0.05,3.8,0.63,0.63,0.162,94.21,0.076
1642868,Carter Bryant,1610612759,SAS,20.0,29,21,8,0.724,7.6,0.8,2.5,0.319,0.3,1.3,0.256,0.2,0.3,0.75,0.3,1.2,1.6,0.2,0.3,0.1,0.1,0.1,0.8,0.2,2.1,-0.7,105.9,110.1,-4.2,0.032,5.6,0.038,0.146,0.093,11.1,0.389,0.41,0.156,103.0,0.034
1642880,Kam Jones,1610612754,IND,23.0,9,2,7,0.222,5.8,1.0,1.9,0.529,0.1,0.7,0.167,0.0,0.0,0.0,0.1,0.3,0.4,0.7,0.1,0.2,0.0,0.0,0.4,0.1,2.1,2.2,129.6,108.4,21.2,0.13,25.0,0.021,0.055,0.039,4.2,0.559,0.559,0.144,107.47,0.067
1630322,Lindy Waters III,1610612759,SAS,28.0,22,15,7,0.682,6.8,0.7,2.0,0.372,0.6,1.7,0.342,0.0,0.0,1.0,0.1,0.8,0.9,0.4,0.0,0.2,0.0,0.0,0.6,0.2,2.1,1.0,108.7,103.8,4.9,0.077,17.0,0.013,0.105,0.059,1.9,0.523,0.529,0.119,103.41,0.06
1642866,Joan Beringer,1610612750,MIN,19.0,14,8,6,0.571,4.3,1.0,1.4,0.7,0.0,0.0,0.0,0.1,0.2,0.667,0.5,1.0,1.5,0.0,0.2,0.1,0.4,0.1,0.6,0.4,2.1,0.9,107.6,100.7,6.9,0.0,0.0,0.104,0.189,0.149,12.5,0.7,0.704,0.147,113.76,0.12
1631131,Oscar Tshiebwe,1610612762,UTA,26.0,1,0,1,0.0,14.8,1.0,4.0,0.25,0.0,0.0,0.0,0.0,1.0,0.0,2.0,4.0,6.0,1.0,0.0,1.0,0.0,2.0,2.0,1.0,2.0,-3.0,116.1,125.8,-9.7,0.077,20.0,0.111,0.235,0.171,0.0,0.25,0.225,0.108,100.65,0.045
1631111,Wendell Moore Jr.,1610612765,DET,24.0,3,3,0,1.0,14.4,1.0,2.0,0.5,0.0,0.3,0.0,0.0,0.0,0.0,0.3,1.0,1.3,1.0,0.3,0.7,0.3,0.3,0.3,0.7,2.0,10.7,130.0,92.4,37.6,0.071,30.0,0.029,0.068,0.051,10.0,0.5,0.5,0.073,101.45,0.058
1630621,Hunter Dickinson,1610612740,NOP,25.0,1,0,1,0.0,4.7,1.0,2.0,0.5,0.0,0.0,0.0,0.0,0.0,0.0,0.0,0.0,0.0,0.0,2.0,0.0,1.0,0.0,2.0,0.0,2.0,-12.0,60.0,180.0,-120.0,0.0,0.0,0.0,0.0,0.0,50.0,0.5,0.5,0.333,101.8,-0.139
1642443,Jahmir Young,1610612748,MIA,25.0,5,4,1,0.8,4.9,0.8,2.2,0.364,0.4,1.0,0.4,0.0,0.0,0.0,0.0,0.4,0.4,0.8,0.4,0.2,0.0,0.6,0.6,0.0,2.0,-3.4,104.9,130.6,-25.7,0.2,23.5,0.0,0.074,0.033,11.8,0.455,0.455,0.191,121.2,0.035
1641732,Colby Jones,1610612765,DET,23.0,1,0,1,0.0,6.8,1.0,3.0,0.333,0.0,2.0,0.0,0.0,0.0,0.0,0.0,4.0,4.0,2.0,0.0,0.0,0.0,0.0,1.0,0.0,2.0,12.0,133.3,53.3,80.0,0.333,40.0,0.0,0.4,0.222,0.0,0.333,0.333,0.158,105.62,0.256
1631250,Pete Nance,1610612749,MIL,25.0,9,2,7,0.222,3.5,0.8,1.6,0.5,0.4,1.0,0.444,0.0,0.0,0.0,0.1,0.7,0.8,0.1,0.2,0.0,0.0,0.0,0.0,0.0,2.0,2.2,110.4,81.8,28.6,0.067,5.9,0.033,0.207,0.119,11.8,0.643,0.643,0.213,101.21,0.17
1631342,Daeqwon Plowden,1610612758,SAC,27.0,1,0,1,0.0,14.0,1.0,5.0,0.2,0.0,3.0,0.0,0.0,0.0,0.0,2.0,0.0,2.0,0.0,0.0,0.0,0.0,1.0,0.0,0.0,2.0,-16.0,100.0,150.0,-50.0,0.0,0.0,0.154,0.0,0.08,0.0,0.2,0.2,0.152,101.14,-0.014
1642280,Trentyn Flowers,1610612741,CHI,20.0,2,0,2,0.0,2.8,1.0,1.5,0.667,0.0,0.5,0.0,0.0,0.0,0.0,0.5,0.0,0.5,0.5,0.5,0.0,0.0,0.0,0.5,0.0,2.0,-1.0,81.8,100.0,-18.2,0.5,20.0,0.1,0.0,0.077,20.0,0.667,0.667,0.25,95.14,0.128
1631199,Ron Harper Jr.,1610612738,BOS,25.0,4,3,1,0.75,5.1,0.8,2.5,0.3,0.5,2.0,0.25,0.0,0.0,0.0,0.3,0.5,0.8,1.0,0.0,0.3,0.5,0.0,0.5,0.0,2.0,3.3,125.6,97.6,28.0,0.222,28.6,0.045,0.091,0.068,0.0,0.4,0.4,0.189,100.99,0.09
1642886,Koby Brea,1610612756,PHX,23.0,2,1,1,0.5,3.9,0.5,1.5,0.333,0.0,1.0,0.0,1.0,1.0,1.0,0.0,0.5,0.5,1.0,0.0,0.0,0.0,0.0,0.0,0.5,2.0,-5.0,94.4,150.0,-55.6,0.4,33.3,0.0,0.1,0.053,0.0,0.333,0.515,0.182,110.53,0.135
203486,Mason Plumlee,1610612766,CHA,35.0,14,6,8,0.429,8.9,0.6,0.9,0.75,0.0,0.0,0.0,0.6,0.9,0.667,0.7,2.1,2.9,1.1,0.6,0.4,0.0,0.1,0.7,0.9,1.9,0.6,119.4,115.9,3.5,0.158,38.1,0.083,0.254,0.167,21.4,0.75,0.752,0.084,101.58,0.097
1628997,Caleb Martin,1610612742,DAL,30.0,33,12,21,0.364,10.1,0.7,1.8,0.361,0.1,0.5,0.133,0.4,0.6,0.632,0.5,1.1,1.6,1.1,0.5,0.4,0.1,0.2,1.3,0.6,1.8,-2.3,99.6,108.2,-8.6,0.143,28.7,0.045,0.105,0.074,14.8,0.377,0.418,0.103,107.07,0.034
1642355,Bronny James,1610612747,LAL,21.0,20,9,11,0.45,7.5,0.7,1.9,0.351,0.4,1.0,0.35,0.1,0.1,1.0,0.2,0.3,0.5,1.2,0.6,0.5,0.1,0.1,0.6,0.2,1.8,0.4,107.9,107.8,0.1,0.222,32.4,0.029,0.042,0.036,16.2,0.446,0.462,0.14,100.18,0.048
1628998,Cody Martin,1610612754,IND,30.0,4,0,4,0.0,13.8,0.5,2.5,0.2,0.0,1.3,0.0,0.8,1.5,0.5,0.3,3.3,3.5,0.5,1.0,1.0,0.5,0.3,1.3,1.3,1.8,-7.0,79.0,99.2,-20.2,0.065,10.5,0.013,0.183,0.094,21.1,0.2,0.277,0.119,105.26,0.045
1642885,Mohamed Diawara,1610612752,NYK,20.0,31,19,12,0.613,5.1,0.7,1.8,0.4,0.4,1.0,0.4,0.0,0.1,0.25,0.2,0.7,0.9,0.5,0.3,0.3,0.1,0.1,0.5,0.1,1.8,-1.7,104.6,118.9,-14.3,0.121,17.7,0.03,0.138,0.083,10.1,0.509,0.502,0.164,106.7,0.063
1642959,Chris Youngblood,1610612760,OKC,23.0,26,23,3,0.885,5.3,0.5,1.7,0.318,0.5,1.5,0.308,0.3,0.3,1.0,0.2,0.6,0.8,0.3,0.0,0.1,0.0,0.0,0.7,0.2,1.8,-0.3,103.9,107.4,-3.5,0.076,12.7,0.045,0.1,0.075,1.8,0.455,0.499,0.154,99.83,0.045
1631115,Orlando Robinson,1610612753,ORL,25.0,4,2,2,0.5,6.2,0.8,1.3,0.6,0.3,0.5,0.5,0.0,0.0,0.0,0.5,0.5,1.0,0.8,0.0,0.3,0.0,0.0,0.8,0.3,1.8,-2.8,122.4,144.9,-22.4,0.158,37.5,0.069,0.125,0.089,0.0,0.7,0.7,0.081,94.78,0.074
1630604,E.J. Liddell,1610612751,BKN,25.0,8,1,7,0.125,4.4,0.6,1.5,0.417,0.3,1.0,0.25,0.3,0.4,0.667,0.4,0.8,1.1,0.0,0.0,0.0,0.0,0.1,0.5,0.4,1.8,2.1,104.1,82.2,21.9,0.0,0.0,0.07,0.15,0.108,0.0,0.5,0.526,0.143,100.27,0.109
1642358,AJ Johnson,1610612764,WAS,21.0,21,4,17,0.19,7.1,0.7,2.6,0.259,0.2,0.7,0.267,0.1,0.2,0.75,0.3,0.8,1.1,0.7,0.5,0.2,0.0,0.5,0.4,0.2,1.7,0.4,106.9,105.1,1.8,0.123,17.5,0.038,0.116,0.076,12.5,0.296,0.314,0.176,102.84,0.023
1630264,Anthony Gill,1610612764,WAS,33.0,17,0,17,0.0,4.1,0.6,0.9,0.688,0.2,0.3,0.6,0.2,0.2,1.0,0.3,0.6,0.9,0.0,0.3,0.1,0.1,0.1,0.2,0.2,1.7,-0.1,100.0,101.9,-1.9,0.0,0.0,0.066,0.143,0.103,21.7,0.781,0.816,0.13,106.52,0.105
1631127,Harrison Ingram,1610612759,SAS,23.0,3,2,1,0.667,3.6,0.7,1.0,0.667,0.3,0.3,1.0,0.0,0.0,0.0,1.0,0.0,1.0,0.0,0.0,0.0,0.0,0.0,0.7,0.0,1.7,4.3,138.5,92.0,46.5,0.0,0.0,0.25,0.0,0.15,0.0,0.833,0.833,0.088,113.68,0.08
1631210,Jacob Toppin,1610612737,ATL,25.0,5,3,2,0.6,3.4,0.8,1.2,0.667,0.0,0.0,0.0,0.0,0.0,0.0,0.0,0.2,0.2,0.2,0.0,0.0,0.2,0.0,0.2,0.2,1.6,2.6,102.7,71.4,31.3,0.091,14.3,0.0,0.067,0.033,0.0,0.667,0.667,0.14,102.45,0.181
203648,Thanasis Antetokounmpo,1610612749,MIL,33.0,11,4,7,0.364,2.6,0.5,0.8,0.667,0.0,0.0,0.0,0.5,0.8,0.667,0.2,0.3,0.5,0.0,0.1,0.3,0.3,0.0,0.6,0.5,1.6,1.7,119.0,86.2,32.9,0.0,0.0,0.087,0.115,0.102,7.1,0.667,0.694,0.194,107.21,0.125
1628467,Maxi Kleber,1610612747,LAL,33.0,19,8,11,0.421,11.0,0.5,1.7,0.281,0.2,0.8,0.2,0.5,0.6,0.75,0.5,1.2,1.7,0.7,0.4,0.3,0.3,0.2,1.5,0.6,1.6,2.5,115.2,105.4,9.9,0.081,22.4,0.051,0.111,0.081,12.1,0.328,0.402,0.091,98.56,0.02
1643007,Taelon Peter,1610612754,IND,23.0,21,3,18,0.143,5.8,0.5,1.6,0.294,0.4,1.5,0.281,0.2,0.3,0.667,0.3,0.6,0.9,0.7,0.4,0.1,0.1,0.0,0.3,0.2,1.6,-0.5,101.1,103.0,-1.8,0.156,23.7,0.043,0.096,0.069,15.3,0.426,0.45,0.15,104.12,0.052
1631120,JD Davison,1610612745,HOU,23.0,16,14,2,0.875,5.6,0.6,1.3,0.45,0.3,0.6,0.4,0.2,0.4,0.5,0.1,0.3,0.4,0.9,0.3,0.3,0.1,0.0,0.4,0.3,1.6,-2.4,102.8,125.4,-22.6,0.238,34.9,0.012,0.06,0.036,11.6,0.55,0.552,0.135,94.26,0.068
1630574,Ariel Hukporti,1610612752,NYK,23.0,25,16,9,0.64,9.5,0.6,1.2,0.5,0.0,0.0,0.0,0.4,0.6,0.688,1.2,1.6,2.8,0.7,0.6,0.2,0.6,0.2,1.4,0.6,1.6,-0.6,107.1,110.1,-2.9,0.096,25.0,0.109,0.152,0.131,20.6,0.5,0.553,0.086,102.54,0.06
1629599,Amir Coffey,1610612749,MIL,28.0,22,10,12,0.455,7.7,0.5,1.2,0.423,0.1,0.5,0.25,0.3,0.3,1.0,0.2,0.5,0.7,0.4,0.1,0.0,0.0,0.0,0.3,0.2,1.5,-1.7,100.6,110.5,-9.9,0.063,20.5,0.023,0.066,0.045,5.1,0.481,0.55,0.078,102.71,0.048
1641748,Andre Jackson Jr.,1610612749,MIL,24.0,15,5,10,0.333,6.5,0.5,1.6,0.292,0.2,1.0,0.2,0.3,0.4,0.833,0.3,0.5,0.8,1.1,0.4,0.3,0.1,0.0,0.9,0.5,1.5,-1.1,104.8,114.2,-9.4,0.246,34.0,0.06,0.086,0.073,12.0,0.354,0.413,0.143,101.57,0.045
1630623,Tyson Etienne,1610612751,BKN,26.0,8,1,7,0.125,4.3,0.5,1.9,0.267,0.5,1.6,0.308,0.0,0.0,0.0,0.0,0.0,0.0,0.1,0.1,0.0,0.0,0.0,0.6,0.3,1.5,2.4,115.3,88.9,26.4,0.045,5.9,0.0,0.0,0.0,5.9,0.4,0.4,0.186,100.47,-0.041
1642964,Brooks Barnhizer,1610612760,OKC,23.0,21,18,3,0.857,7.6,0.6,1.3,0.444,0.0,0.3,0.167,0.2,0.3,0.667,0.3,1.5,1.8,0.4,0.1,0.1,0.1,0.2,0.6,0.2,1.4,-2.9,97.6,115.9,-18.3,0.087,22.0,0.044,0.176,0.114,7.3,0.463,0.489,0.087,101.65,0.07
1642367,Jonathan Mogbo,1610612761,TOR,24.0,15,4,11,0.267,5.5,0.7,1.1,0.625,0.0,0.0,0.0,0.1,0.1,1.0,0.4,0.9,1.3,0.6,0.1,0.1,0.2,0.1,0.3,0.2,1.4,0.2,109.3,110.1,-0.8,0.153,33.3,0.071,0.167,0.117,7.4,0.625,0.639,0.087,104.57,0.101
1631451,Javonte Cooke,1610612757,POR,26.0,5,1,4,0.2,6.1,0.6,2.4,0.25,0.2,1.0,0.2,0.0,0.0,0.0,0.2,0.4,0.6,1.0,0.8,0.2,0.0,0.6,0.2,0.0,1.4,-1.4,88.6,98.6,-10.0,0.217,23.8,0.024,0.056,0.039,19.0,0.292,0.292,0.188,109.62,0.011
1641780,Johni Broome,1610612755,PHI,23.0,7,3,4,0.429,5.7,0.6,2.9,0.2,0.0,0.4,0.0,0.3,0.6,0.5,0.9,1.0,1.9,0.6,0.3,0.3,0.0,0.4,0.7,0.7,1.4,-3.1,89.5,115.1,-25.6,0.16,14.3,0.122,0.189,0.151,7.1,0.2,0.23,0.24,103.86,0.007
1628502,Nigel Hayes-Davis,1610612756,PHX,31.0,23,12,11,0.522,7.8,0.7,1.9,0.349,0.1,0.7,0.133,0.0,0.1,0.5,0.5,0.8,1.3,0.3,0.3,0.3,0.0,0.0,0.7,0.1,1.4,-3.3,95.0,115.7,-20.7,0.059,12.1,0.056,0.107,0.079,12.1,0.372,0.376,0.115,100.26,0.029
1642863,Khaman Maluach,1610612756,PHX,19.0,18,11,7,0.611,4.7,0.4,1.1,0.4,0.0,0.3,0.0,0.4,0.4,0.875,0.3,0.7,1.0,0.2,0.5,0.1,0.4,0.2,0.8,0.3,1.3,-0.9,95.6,109.2,-13.6,0.052,8.3,0.057,0.171,0.11,25.0,0.4,0.489,0.156,101.19,0.028
1642876,Adou Thiero,1610612747,LAL,21.0,15,8,7,0.533,5.8,0.5,1.2,0.389,0.0,0.1,0.0,0.4,0.5,0.75,0.5,0.7,1.2,0.3,0.3,0.3,0.1,0.2,1.0,0.3,1.3,-0.3,113.3,117.5,-4.2,0.079,16.7,0.085,0.149,0.115,13.3,0.389,0.465,0.125,98.82,0.033
1642403,Isaac Jones,1610612765,DET,25.0,4,2,2,0.5,4.6,0.5,1.0,0.5,0.0,0.5,0.0,0.3,0.5,0.5,0.5,0.0,0.5,0.3,0.0,0.0,0.0,0.0,1.0,0.3,1.3,-4.0,75.7,122.2,-46.5,0.1,16.7,0.095,0.0,0.057,0.0,0.5,0.512,0.119,96.09,0.0
1641998,Trey Jemison III,1610612752,NYK,26.0,6,5,1,0.833,6.3,0.5,0.5,1.0,0.0,0.0,0.0,0.2,0.2,1.0,0.8,0.8,1.7,0.2,0.5,0.0,0.3,0.0,1.0,0.3,1.2,-1.3,106.1,114.5,-8.4,0.037,14.3,0.114,0.119,0.116,42.9,1.0,1.017,0.065,104.49,0.046
203967,Dario Šarić,1610612758,SAC,31.0,5,1,4,0.2,8.2,0.2,1.2,0.167,0.2,0.6,0.333,0.4,0.4,1.0,0.2,1.0,1.2,0.4,0.4,0.0,0.0,0.2,0.6,0.2,1.0,0.0,104.7,104.7,0.0,0.061,18.2,0.03,0.114,0.078,18.2,0.25,0.363,0.1,98.91,0.015
200768,Kyle Lowry,1610612755,PHI,39.0,6,4,2,0.667,7.4,0.3,1.3,0.25,0.3,1.3,0.25,0.0,0.0,0.0,0.0,0.5,0.5,1.2,0.3,0.2,0.0,0.0,0.5,0.3,1.0,1.2,110.0,107.3,2.7,0.206,41.2,0.0,0.06,0.03,11.8,0.375,0.375,0.088,105.53,0.034
1642282,Hunter Sallis,1610612755,PHI,22.0,7,3,4,0.429,3.7,0.4,0.7,0.6,0.0,0.0,0.0,0.1,0.3,0.5,0.0,0.1,0.1,0.6,0.7,0.0,0.1,0.0,0.3,0.3,1.0,-1.9,89.5,112.3,-22.8,0.235,26.7,0.0,0.034,0.017,33.3,0.6,0.595,0.169,106.57,0.024
1642942,Jahmai Mashack,1610612763,MEM,23.0,7,5,2,0.714,3.5,0.3,1.1,0.25,0.3,0.9,0.333,0.0,0.0,0.0,0.0,0.7,0.7,0.3,0.4,0.1,0.0,0.1,0.1,0.0,0.9,-2.9,73.6,109.3,-35.7,0.167,15.4,0.0,0.238,0.106,23.1,0.375,0.375,0.18,103.51,0.048
1642938,Curtis Jones,1610612743,DEN,24.0,5,3,2,0.6,4.4,0.4,2.0,0.2,0.0,1.2,0.0,0.0,0.0,0.0,0.2,0.6,0.8,0.2,0.2,0.0,0.0,0.0,0.4,0.0,0.8,0.8,102.1,100.0,2.1,0.071,8.3,0.04,0.097,0.071,8.3,0.2,0.2,0.204,99.57,-0.031
1642368,N'Faly Dante,1610612737,ATL,24.0,4,3,1,0.75,3.9,0.3,1.0,0.25,0.0,0.0,0.0,0.3,0.3,1.0,0.8,1.0,1.8,0.0,0.3,0.5,0.0,0.0,0.3,0.5,0.8,2.5,109.1,86.7,22.4,0.0,0.0,0.167,0.25,0.206,20.0,0.25,0.338,0.119,98.08,0.116
1641809,Drew Peterson,1610612766,CHA,26.0,6,1,5,0.167,10.7,0.3,2.7,0.125,0.0,2.0,0.0,0.2,0.3,0.5,0.5,1.0,1.5,0.3,0.0,0.5,0.2,0.0,0.5,0.5,0.8,-1.7,103.1,110.7,-7.6,0.044,10.5,0.041,0.107,0.069,0.0,0.125,0.148,0.108,97.84,0.0
202687,Bismack Biyombo,1610612759,SAS,33.0,11,8,3,0.727,5.9,0.4,0.5,0.667,0.0,0.0,0.0,0.1,0.2,0.5,0.2,0.5,0.6,0.3,0.3,0.3,0.1,0.0,0.9,0.4,0.8,-2.7,108.0,129.9,-21.9,0.065,23.1,0.035,0.096,0.064,23.1,0.667,0.654,0.066,101.82,0.019
204060,Joe Ingles,1610612750,MIN,38.0,12,6,6,0.5,3.8,0.2,0.4,0.4,0.1,0.3,0.25,0.2,0.2,1.0,0.0,0.3,0.3,0.8,0.2,0.3,0.0,0.0,0.5,0.2,0.6,0.0,108.7,114.7,-6.0,0.217,55.6,0.0,0.059,0.031,11.1,0.5,0.595,0.064,116.52,0.057
1631166,Drew Timme,1610612747,LAL,25.0,4,2,2,0.5,3.0,0.3,0.8,0.333,0.0,0.5,0.0,0.0,0.0,0.0,0.3,0.5,0.8,0.8,0.3,0.3,0.0,0.0,0.0,0.0,0.5,0.3,88.0,91.3,-3.3,0.375,42.9,0.077,0.25,0.143,14.3,0.333,0.333,0.133,97.07,0.141
1642950,Lachlan Olbrich,1610612741,CHI,22.0,8,1,7,0.125,8.3,0.3,1.1,0.222,0.0,0.5,0.0,0.0,0.3,0.0,0.8,1.6,2.4,0.9,0.5,0.0,0.0,0.1,1.9,0.8,0.5,-2.6,85.8,104.6,-18.8,0.163,33.3,0.077,0.191,0.13,19.0,0.222,0.202,0.089,95.66,-0.005
1642873,Amari Williams,1610612738,BOS,23.0,6,4,2,0.667,5.2,0.2,0.3,0.5,0.0,0.0,0.0,0.2,0.3,0.5,0.3,0.8,1.2,0.2,0.0,0.2,0.3,0.2,0.7,0.3,0.5,-2.0,97.0,111.8,-14.8,0.043,25.0,0.065,0.128,0.1,0.0,0.5,0.521,0.041,103.92,0.05
1642359,Pacôme Dadiet,1610612752,NYK,20.0,14,9,5,0.643,3.2,0.1,0.6,0.125,0.0,0.4,0.0,0.3,0.3,1.0,0.1,0.7,0.8,0.4,0.0,0.1,0.0,0.0,0.2,0.2,0.4,-0.7,94.9,109.6,-14.7,0.188,37.5,0.02,0.192,0.108,0.0,0.125,0.307,0.085,103.96,0.085
202066,Garrett Temple,1610612761,TOR,39.0,10,4,6,0.4,2.9,0.1,0.6,0.167,0.1,0.4,0.25,0.1,0.2,0.5,0.0,0.4,0.4,0.3,0.3,0.3,0.1,0.1,0.2,0.2,0.4,-1.7,80.3,104.8,-24.4,0.176,23.1,0.0,0.143,0.075,23.1,0.25,0.291,0.154,101.73,0.036
1643141,Jahmyl Telfort,1610612746,LAC,24.0,8,2,6,0.25,4.0,0.0,0.5,0.0,0.0,0.5,0.0,0.1,0.5,0.25,0.0,0.4,0.4,0.1,0.1,0.1,0.0,0.0,0.6,0.3,0.1,-0.9,94.0,102.9,-8.9,0.05,12.5,0.0,0.088,0.047,12.5,0.0,0.087,0.093,101.14,-0.064
1630536,Sharife Cooper,1610612764,WAS,24.0,4,1,3,0.25,2.5,0.0,0.3,0.0,0.0,0.3,0.0,0.0,0.0,0.0,0.0,0.0,0.0,0.0,0.3,0.0,0.0,0.0,0.3,0.0,0.0,-3.3,44.4,110.5,-66.1,0.0,0.0,0.0,0.0,0.0,50.0,0.0,0.0,0.105,89.7,-0.125
1641787,Tosan Evbuomwan,1610612752,NYK,24.0,5,4,1,0.8,1.5,0.0,0.2,0.0,0.0,0.0,0.0,0.0,0.0,0.0,0.2,0.2,0.4,0.0,0.0,0.0,0.0,0.0,0.2,0.0,0.0,-1.6,50.0,100.0,-50.0,0.0,0.0,0.091,0.083,0.087,0.0,0.0,0.0,0.048,108.9,-0.043
1642855,Noa Essengue,1610612741,CHI,19.0,2,1,1,0.5,3.0,0.0,1.5,0.0,0.0,1.0,0.0,0.0,0.0,0.0,0.0,0.0,0.0,0.0,0.0,0.5,0.0,0.5,0.5,0.0,0.0,-7.5,60.0,171.4,-111.4,0.0,0.0,0.0,0.0,0.0,0.0,0.0,0.0,0.188,115.36,-0.095
1642384,Isaiah Crawford,1610612745,HOU,24.0,2,1,1,0.5,2.3,0.0,0.5,0.0,0.0,0.5,0.0,0.0,0.0,0.0,0.0,0.0,0.0,0.0,0.0,0.0,0.0,0.0,0.0,0.0,0.0,1.0,88.9,75.0,13.9,0.0,0.0,0.0,0.0,0.0,0.0,0.0,0.0,0.1,88.38,-0.087
1642935,Chucky Hepburn,1610612761,TOR,22.0,2,0,2,0.0,6.6,0.0,3.0,0.0,0.0,2.5,0.0,0.0,0.0,0.0,0.0,0.5,0.5,1.0,0.5,0.5,0.0,0.0,1.0,0.5,0.0,-8.0,73.1,120.7,-47.6,0.286,22.2,0.0,0.067,0.029,11.1,0.0,0.0,0.219,99.75,-0.1
1628964,Mo Bamba,1610612761,TOR,27.0,2,2,0,1.0,2.9,0.0,1.0,0.0,0.0,0.0,0.0,0.0,0.0,0.0,0.5,0.5,1.0,0.0,0.0,0.0,0.5,0.0,1.0,0.0,0.0,-4.5,50.0,133.3,-83.3,0.0,0.0,0.1,0.1,0.1,0.0,0.0,0.0,0.118,106.67,-0.089
1642884,Vladislav Goldin,1610612748,MIA,24.0,1,0,1,0.0,0.9,0.0,0.0,0.0,0.0,0.0,0.0,0.0,0.0,0.0,0.0,0.0,0.0,1.0,0.0,0.0,0.0,0.0,0.0,0.0,0.0,6.0,300.0,0.0,300.0,0.5,100.0,0.0,0.0,0.0,0.0,0.0,0.0,0.0,105.3,0.182
1643024,Chris Mañon,1610612747,LAL,24.0,4,1,3,0.25,3.4,0.0,0.3,0.0,0.0,0.3,0.0,0.0,0.0,0.0,0.3,0.5,0.8,0.0,0.0,0.3,0.5,0.0,0.8,0.3,0.0,1.8,107.1,88.5,18.7,0.0,0.0,0.059,0.133,0.094,0.0,0.0,0.0,0.026,94.93,0.019
